    Updating crates.io index
     Locking 451 packages to latest compatible versions
      Adding dirs v5.0.1 (available: v6.0.0)
      Adding eframe v0.28.1 (available: v0.36.1)
      Adding egui v0.28.1 (available: v0.36.1)
      Adding egui_extras v0.28.1 (available: v0.36.1)
      Adding generic-array v0.14.7 (available: v0.14.9)
      Adding notify v6.1.1 (available: v8.2.0)
      Adding rfd v0.14.1 (available: v0.17.2)
      Adding trash v4.1.1 (available: v5.2.6)
      Adding windows v0.58.0 (available: v0.62.2)
 Downloading crates ...
  Downloaded siphasher v0.3.11
  Downloaded strict-num v0.1.1
  Downloaded xmlwriter v0.1.0
  Downloaded autocfg v1.5.1
  Downloaded ahash v0.8.12
  Downloaded parking_lot v0.12.5
  Downloaded rctree v0.5.0
  Downloaded bytemuck_derive v1.12.0
  Downloaded zerocopy v0.8.56
  Downloaded toml_datetime v1.1.1+spec-1.1.0
  Downloaded usvg-tree v0.37.0
  Downloaded webpki-roots v0.26.11
  Downloaded resvg v0.37.0
  Downloaded rfd v0.14.1
  Downloaded rustls-pki-types v1.15.1
  Downloaded toml_parser v1.1.3+spec-1.1.0
  Downloaded xml-rs v0.8.29
  Downloaded windows-core v0.58.0
  Downloaded windows-targets v0.48.5
  Downloaded ureq v2.12.1
  Downloaded url v2.5.8
  Downloaded windows-interface v0.56.0
  Downloaded windows-targets v0.53.5
  Downloaded crossbeam-utils v0.8.22
  Downloaded equivalent v1.0.2
  Downloaded serde_spanned v1.1.1
  Downloaded cc v1.4.2
  Downloaded rgb v0.8.53
  Downloaded cursor-icon v1.2.0
  Downloaded same-file v1.0.6
  Downloaded untrusted v0.9.0
  Downloaded windows-link v0.2.1
  Downloaded windows-result v0.1.2
  Downloaded error-code v3.3.2
  Downloaded siphasher v1.0.3
  Downloaded itoa v1.0.18
  Downloaded rand v0.8.7
  Downloaded rustls v0.23.43
  Downloaded byteorder-lite v0.1.0
  Downloaded dirs-sys v0.4.1
  Downloaded displaydoc v0.2.7
  Downloaded egui_extras v0.28.1
  Downloaded enum-map-derive v0.17.0
  Downloaded getrandom v0.2.17
  Downloaded glow v0.13.1
  Downloaded clipboard-win v5.4.1
  Downloaded utf8_iter v1.0.4
  Downloaded web-time v0.2.4
  Downloaded windows-result v0.2.0
  Downloaded glutin_wgl_sys v0.5.0
  Downloaded icu_collections v2.2.0
  Downloaded owned_ttf_parser v0.25.1
  Downloaded color_quant v1.1.0
  Downloaded flate2 v1.1.9
  Downloaded float-cmp v0.9.0
  Downloaded form_urlencoded v1.2.2
  Downloaded gl_generator v0.14.0
  Downloaded icu_normalizer_data v2.2.0
  Downloaded notify v6.1.1
  Downloaded once_cell v1.21.4
  Downloaded phf v0.11.3
  Downloaded data-url v0.3.2
  Downloaded ecolor v0.28.1
  Downloaded egui_glow v0.28.1
  Downloaded icu_provider v2.2.0
  Downloaded egui-winit v0.28.1
  Downloaded rustls-webpki v0.103.13
  Downloaded glutin v0.31.3
  Downloaded nohash-hasher v0.2.0
  Downloaded cfg-if v1.0.4
  Downloaded windows-implement v0.56.0
  Downloaded zerofrom-derive v0.1.7
  Downloaded ab_glyph_rasterizer v0.1.10
  Downloaded mime v0.3.17
  Downloaded dirs v5.0.1
  Downloaded glutin_egl_sys v0.6.0
  Downloaded icu_properties v2.2.0
  Downloaded scopeguard v1.2.0
  Downloaded filetime v0.2.29
  Downloaded idna_adapter v1.2.2
  Downloaded imagesize v0.12.0
  Downloaded percent-encoding v2.3.2
  Downloaded gif v0.14.2
  Downloaded litemap v0.8.2
  Downloaded option-ext v0.2.0
  Downloaded roxmltree v0.19.0
  Downloaded document-features v0.2.12
  Downloaded glutin-winit v0.4.2
  Downloaded phf_macros v0.11.3
  Downloaded cfg_aliases v0.1.1
  Downloaded eframe v0.28.1
  Downloaded log v0.4.33
  Downloaded phf_generator v0.11.3
  Downloaded pico-args v0.5.0
  Downloaded emath v0.28.1
  Downloaded enumn v0.1.14
  Downloaded lock_api v0.4.14
  Downloaded memoffset v0.9.1
  Downloaded ehttp v0.5.0
  Downloaded fdeflate v0.3.7
  Downloaded mime_guess2 v2.3.1
  Downloaded num-traits v0.2.19
  Downloaded base64 v0.22.1
  Downloaded crc32fast v1.5.0
  Downloaded enum-map v2.7.3
  Downloaded find-msvc-tools v0.1.10
  Downloaded getrandom v0.3.4
  Downloaded jobserver v0.1.35
  Downloaded libloading v0.8.9
  Downloaded parking_lot_core v0.9.12
  Downloaded potential_utf v0.1.5
  Downloaded windows-interface v0.58.0
  Downloaded getrandom v0.4.3
  Downloaded icu_locale_core v2.2.0
  Downloaded open v5.4.1
  Downloaded crossbeam-channel v0.5.16
  Downloaded icu_normalizer v2.2.0
  Downloaded kurbo v0.9.5
  Downloaded miniz_oxide v0.8.9
  Downloaded raw-window-handle v0.6.2
  Downloaded memchr v2.8.3
  Downloaded shlex v2.0.1
  Downloaded yoke-derive v0.8.2
  Downloaded zerofrom v0.1.8
  Downloaded arrayref v0.3.9
  Downloaded indexmap v2.14.0
  Downloaded chrono v0.4.45
  Downloaded hashbrown v0.17.1
  Downloaded idna v1.1.0
  Downloaded moxcms v0.8.1
  Downloaded icu_properties_data v2.2.0
  Downloaded png v0.17.16
  Downloaded litrs v1.0.0
  Downloaded winresource v0.1.31
  Downloaded static_assertions v1.1.0
  Downloaded version_check v0.9.5
  Downloaded webbrowser v1.2.4
  Downloaded image v0.25.10
  Downloaded egui v0.28.1
  Downloaded khronos_api v3.1.0
  Downloaded rand_core v0.6.4
  Downloaded ring v0.17.14
  Downloaded epaint v0.28.1
  Downloaded libc v0.2.189
  Downloaded smallvec v1.15.2
  Downloaded accesskit v0.12.3
  Downloaded bitflags v1.3.2
  Downloaded toml_writer v1.1.2+spec-1.1.0
  Downloaded windows-targets v0.52.6
  Downloaded winapi-util v0.1.11
  Downloaded stable_deref_trait v1.2.1
  Downloaded phf_shared v0.11.3
  Downloaded windows-implement v0.58.0
  Downloaded subtle v2.6.1
  Downloaded smol_str v0.2.2
  Downloaded unicase v2.9.0
  Downloaded windows-core v0.56.0
  Downloaded adler2 v2.0.1
  Downloaded serde_core v1.0.229
  Downloaded simplecss v0.2.2
  Downloaded walkdir v2.5.0
  Downloaded windows-strings v0.1.0
  Downloaded ab_glyph v0.2.32
  Downloaded rand_chacha v0.3.1
  Downloaded synstructure v0.13.2
  Downloaded tinystr v0.8.3
  Downloaded writeable v0.6.3
  Downloaded ppv-lite86 v0.2.21
  Downloaded simd-adler32 v0.3.10
  Downloaded usvg v0.37.0
  Downloaded zeroize v1.9.0
  Downloaded zerovec-derive v0.11.3
  Downloaded zmij v1.0.23
  Downloaded raw-window-handle v0.5.2
  Downloaded serde_derive v1.0.229
  Downloaded arboard v3.6.1
  Downloaded unicode-segmentation v1.13.3
  Downloaded yoke v0.8.3
  Downloaded anyhow v1.0.104
  Downloaded arrayvec v0.7.8
  Downloaded svgtypes v0.13.0
  Downloaded tiny-skia-path v0.11.4
  Downloaded serde v1.0.229
  Downloaded bitflags v2.13.1
  Downloaded toml v1.1.4+spec-1.1.0
  Downloaded unicode-ident v1.0.24
  Downloaded weezl v0.1.12
  Downloaded quote v1.0.47
  Downloaded trash v4.1.1
  Downloaded bytemuck v1.25.2
  Downloaded proc-macro2 v1.0.107
  Downloaded usvg-parser v0.37.0
  Downloaded zerotrie v0.2.4
  Downloaded base64 v0.21.7
  Downloaded png v0.18.1
  Downloaded zerovec v0.11.6
  Downloaded serde_json v1.0.151
  Downloaded winnow v1.0.4
  Downloaded ttf-parser v0.25.1
  Downloaded tiny-skia v0.11.4
  Downloaded webpki-roots v1.0.9
  Downloaded winapi v0.3.9
  Downloaded syn v3.0.3
  Downloaded syn v2.0.119
  Downloaded winit v0.29.15
  Downloaded windows_x86_64_msvc v0.48.5
  Downloaded windows_x86_64_msvc v0.52.6
  Downloaded windows_x86_64_msvc v0.53.1
  Downloaded pxfm v0.1.30
  Downloaded windows-sys v0.48.0
  Downloaded windows-sys v0.61.2
  Downloaded windows-sys v0.60.2
  Downloaded windows v0.58.0
  Downloaded windows v0.56.0
   Compiling proc-macro2 v1.0.107
   Compiling quote v1.0.47
   Compiling unicode-ident v1.0.24
    Checking cfg-if v1.0.4
     Running `C:\Users\runneradmin\.rustup\toolchains\stable-x86_64-pc-windows-msvc\bin\rustc.exe --crate-name build_script_build --edition=2021 C:\Users\runneradmin\.cargo\registry\src\index.crates.io-1949cf8c6b5b557f\proc-macro2-1.0.107\build.rs --error-format=json --json=diagnostic-rendered-ansi,artifacts,future-incompat --crate-type bin --emit=dep-info,link -C embed-bitcode=no --cfg "feature=\"default\"" --cfg "feature=\"proc-macro\"" --check-cfg cfg(docsrs,test) --check-cfg "cfg(feature, values(\"default\", \"nightly\", \"proc-macro\", \"span-locations\"))" -C metadata=29912d8ddfd08a9e -C extra-filename=-4df66588f001c127 --out-dir D:\a\explorer-rs\explorer-rs\target\debug\build\proc-macro2-4df66588f001c127 -L dependency=D:\a\explorer-rs\explorer-rs\target\debug\deps --cap-lints allow`
     Running `C:\Users\runneradmin\.rustup\toolchains\stable-x86_64-pc-windows-msvc\bin\rustc.exe --crate-name build_script_build --edition=2021 C:\Users\runneradmin\.cargo\registry\src\index.crates.io-1949cf8c6b5b557f\quote-1.0.47\build.rs --error-format=json --json=diagnostic-rendered-ansi,artifacts,future-incompat --crate-type bin --emit=dep-info,link -C embed-bitcode=no --cfg "feature=\"default\"" --cfg "feature=\"proc-macro\"" --check-cfg cfg(docsrs,test) --check-cfg "cfg(feature, values(\"default\", \"proc-macro\"))" -C metadata=cb5877e9c29c3f4a -C extra-filename=-91fffa6232de600c --out-dir D:\a\explorer-rs\explorer-rs\target\debug\build\quote-91fffa6232de600c -L dependency=D:\a\explorer-rs\explorer-rs\target\debug\deps --cap-lints allow`
     Running `C:\Users\runneradmin\.rustup\toolchains\stable-x86_64-pc-windows-msvc\bin\rustc.exe --crate-name unicode_ident --edition=2021 C:\Users\runneradmin\.cargo\registry\src\index.crates.io-1949cf8c6b5b557f\unicode-ident-1.0.24\src\lib.rs --error-format=json --json=diagnostic-rendered-ansi,artifacts,future-incompat --crate-type lib --emit=dep-info,metadata,link -C embed-bitcode=no --check-cfg cfg(docsrs,test) --check-cfg "cfg(feature, values())" -C metadata=3dfee9bdd27c1269 -C extra-filename=-d5d6c102c8b1605b --out-dir D:\a\explorer-rs\explorer-rs\target\debug\deps -L dependency=D:\a\explorer-rs\explorer-rs\target\debug\deps --cap-lints allow`
     Running `C:\Users\runneradmin\.rustup\toolchains\stable-x86_64-pc-windows-msvc\bin\rustc.exe --crate-name cfg_if --edition=2018 C:\Users\runneradmin\.cargo\registry\src\index.crates.io-1949cf8c6b5b557f\cfg-if-1.0.4\src\lib.rs --error-format=json --json=diagnostic-rendered-ansi,artifacts,future-incompat --crate-type lib --emit=dep-info,metadata -C embed-bitcode=no -C debuginfo=2 --check-cfg cfg(docsrs,test) --check-cfg "cfg(feature, values(\"core\", \"rustc-dep-of-std\"))" -C metadata=7266eb5404cd61ef -C extra-filename=-b7349115d2a20ae0 --out-dir D:\a\explorer-rs\explorer-rs\target\debug\deps -L dependency=D:\a\explorer-rs\explorer-rs\target\debug\deps --cap-lints allow`
    Checking log v0.4.33
     Running `C:\Users\runneradmin\.rustup\toolchains\stable-x86_64-pc-windows-msvc\bin\rustc.exe --crate-name log --edition=2021 C:\Users\runneradmin\.cargo\registry\src\index.crates.io-1949cf8c6b5b557f\log-0.4.33\src\lib.rs --error-format=json --json=diagnostic-rendered-ansi,artifacts,future-incompat --crate-type lib --emit=dep-info,metadata -C embed-bitcode=no -C debuginfo=2 --cfg "feature=\"std\"" --check-cfg cfg(docsrs,test) --check-cfg "cfg(feature, values(\"kv\", \"kv_serde\", \"kv_std\", \"kv_sval\", \"kv_unstable\", \"kv_unstable_serde\", \"kv_unstable_std\", \"kv_unstable_sval\", \"max_level_debug\", \"max_level_error\", \"max_level_info\", \"max_level_off\", \"max_level_trace\", \"max_level_warn\", \"release_max_level_debug\", \"release_max_level_error\", \"release_max_level_info\", \"release_max_level_off\", \"release_max_level_trace\", \"release_max_level_warn\", \"serde\", \"serde_core\", \"std\", \"sval\", \"sval_ref\", \"value-bag\"))" -C metadata=0d007741b7a8309f -C extra-filename=-a55e43c5b83e885f --out-dir D:\a\explorer-rs\explorer-rs\target\debug\deps -L dependency=D:\a\explorer-rs\explorer-rs\target\debug\deps --cap-lints allow`
    Checking stable_deref_trait v1.2.1
     Running `C:\Users\runneradmin\.rustup\toolchains\stable-x86_64-pc-windows-msvc\bin\rustc.exe --crate-name stable_deref_trait --edition=2015 C:\Users\runneradmin\.cargo\registry\src\index.crates.io-1949cf8c6b5b557f\stable_deref_trait-1.2.1\src\lib.rs --error-format=json --json=diagnostic-rendered-ansi,artifacts,future-incompat --crate-type lib --emit=dep-info,metadata -C embed-bitcode=no -C debuginfo=2 --check-cfg cfg(docsrs,test) --check-cfg "cfg(feature, values(\"alloc\", \"default\", \"std\"))" -C metadata=1dff3d46eaf1c35b -C extra-filename=-05a572b0b8958ac6 --out-dir D:\a\explorer-rs\explorer-rs\target\debug\deps -L dependency=D:\a\explorer-rs\explorer-rs\target\debug\deps --cap-lints allow`
    Checking windows-link v0.2.1
     Running `C:\Users\runneradmin\.rustup\toolchains\stable-x86_64-pc-windows-msvc\bin\rustc.exe --crate-name windows_link --edition=2021 C:\Users\runneradmin\.cargo\registry\src\index.crates.io-1949cf8c6b5b557f\windows-link-0.2.1\src\lib.rs --error-format=json --json=diagnostic-rendered-ansi,artifacts,future-incompat --crate-type lib --emit=dep-info,metadata -C embed-bitcode=no -C debuginfo=2 --warn=unexpected_cfgs --warn=missing_unsafe_on_extern --check-cfg "cfg(windows_raw_dylib, windows_slim_errors)" --check-cfg cfg(docsrs,test) --check-cfg "cfg(feature, values())" -C metadata=e75ba586e756a2e0 -C extra-filename=-1037cdf714bd4810 --out-dir D:\a\explorer-rs\explorer-rs\target\debug\deps -L dependency=D:\a\explorer-rs\explorer-rs\target\debug\deps --cap-lints allow`
    Checking smallvec v1.15.2
     Running `C:\Users\runneradmin\.rustup\toolchains\stable-x86_64-pc-windows-msvc\bin\rustc.exe --crate-name smallvec --edition=2018 C:\Users\runneradmin\.cargo\registry\src\index.crates.io-1949cf8c6b5b557f\smallvec-1.15.2\src\lib.rs --error-format=json --json=diagnostic-rendered-ansi,artifacts,future-incompat --crate-type lib --emit=dep-info,metadata -C embed-bitcode=no -C debuginfo=2 --cfg "feature=\"const_generics\"" --check-cfg cfg(docsrs,test) --check-cfg "cfg(feature, values(\"arbitrary\", \"bincode\", \"const_generics\", \"const_new\", \"debugger_visualizer\", \"drain_filter\", \"drain_keep_rest\", \"impl_bincode\", \"malloc_size_of\", \"may_dangle\", \"serde\", \"specialization\", \"union\", \"unty\", \"write\"))" -C metadata=11d2f03d53bf7591 -C extra-filename=-e2ef2736e6727b79 --out-dir D:\a\explorer-rs\explorer-rs\target\debug\deps -L dependency=D:\a\explorer-rs\explorer-rs\target\debug\deps --cap-lints allow`
   Compiling crc32fast v1.5.0
     Running `C:\Users\runneradmin\.rustup\toolchains\stable-x86_64-pc-windows-msvc\bin\rustc.exe --crate-name build_script_build --edition=2021 C:\Users\runneradmin\.cargo\registry\src\index.crates.io-1949cf8c6b5b557f\crc32fast-1.5.0\build.rs --error-format=json --json=diagnostic-rendered-ansi,artifacts,future-incompat --crate-type bin --emit=dep-info,link -C embed-bitcode=no --cfg "feature=\"default\"" --cfg "feature=\"std\"" --check-cfg cfg(docsrs,test) --check-cfg "cfg(feature, values(\"default\", \"nightly\", \"std\"))" -C metadata=9de6964c44dff46d -C extra-filename=-4a9772306b36c4a3 --out-dir D:\a\explorer-rs\explorer-rs\target\debug\build\crc32fast-4a9772306b36c4a3 -L dependency=D:\a\explorer-rs\explorer-rs\target\debug\deps --cap-lints allow`
    Checking simd-adler32 v0.3.10
     Running `C:\Users\runneradmin\.rustup\toolchains\stable-x86_64-pc-windows-msvc\bin\rustc.exe --crate-name simd_adler32 --edition=2018 C:\Users\runneradmin\.cargo\registry\src\index.crates.io-1949cf8c6b5b557f\simd-adler32-0.3.10\src\lib.rs --error-format=json --json=diagnostic-rendered-ansi,artifacts,future-incompat --crate-type lib --emit=dep-info,metadata -C embed-bitcode=no -C debuginfo=2 --cfg "feature=\"const-generics\"" --cfg "feature=\"default\"" --cfg "feature=\"std\"" --check-cfg cfg(docsrs,test) --check-cfg "cfg(feature, values(\"const-generics\", \"default\", \"nightly\", \"std\"))" -C metadata=eba2b04954c9f0ce -C extra-filename=-caf36800cb676635 --out-dir D:\a\explorer-rs\explorer-rs\target\debug\deps -L dependency=D:\a\explorer-rs\explorer-rs\target\debug\deps --cap-lints allow`
   Compiling windows_x86_64_msvc v0.48.5
     Running `C:\Users\runneradmin\.rustup\toolchains\stable-x86_64-pc-windows-msvc\bin\rustc.exe --crate-name build_script_build --edition=2018 C:\Users\runneradmin\.cargo\registry\src\index.crates.io-1949cf8c6b5b557f\windows_x86_64_msvc-0.48.5\build.rs --error-format=json --json=diagnostic-rendered-ansi,artifacts,future-incompat --crate-type bin --emit=dep-info,link -C embed-bitcode=no --check-cfg cfg(docsrs,test) --check-cfg "cfg(feature, values())" -C metadata=db9d985e4613619b -C extra-filename=-7c4147200488ac10 --out-dir D:\a\explorer-rs\explorer-rs\target\debug\build\windows_x86_64_msvc-7c4147200488ac10 -L dependency=D:\a\explorer-rs\explorer-rs\target\debug\deps --cap-lints allow`
   Compiling serde_core v1.0.229
     Running `D:\a\explorer-rs\explorer-rs\target\debug\build\proc-macro2-4df66588f001c127\build-script-build`
     Running `C:\Users\runneradmin\.rustup\toolchains\stable-x86_64-pc-windows-msvc\bin\rustc.exe --crate-name build_script_build --edition=2021 C:\Users\runneradmin\.cargo\registry\src\index.crates.io-1949cf8c6b5b557f\serde_core-1.0.229\build.rs --error-format=json --json=diagnostic-rendered-ansi,artifacts,future-incompat --crate-type bin --emit=dep-info,link -C embed-bitcode=no --cfg "feature=\"rc\"" --cfg "feature=\"result\"" --cfg "feature=\"std\"" --check-cfg cfg(docsrs,test) --check-cfg "cfg(feature, values(\"alloc\", \"default\", \"rc\", \"result\", \"std\", \"unstable\"))" -C metadata=30ca6af414a28e8f -C extra-filename=-f6694e111d551991 --out-dir D:\a\explorer-rs\explorer-rs\target\debug\build\serde_core-f6694e111d551991 -L dependency=D:\a\explorer-rs\explorer-rs\target\debug\deps --cap-lints allow`
     Running `D:\a\explorer-rs\explorer-rs\target\debug\build\crc32fast-4a9772306b36c4a3\build-script-build`
     Running `D:\a\explorer-rs\explorer-rs\target\debug\build\quote-91fffa6232de600c\build-script-build`
     Running `D:\a\explorer-rs\explorer-rs\target\debug\build\windows_x86_64_msvc-7c4147200488ac10\build-script-build`
    Checking litemap v0.8.2
    Checking once_cell v1.21.4
     Running `C:\Users\runneradmin\.rustup\toolchains\stable-x86_64-pc-windows-msvc\bin\rustc.exe --crate-name litemap --edition=2021 C:\Users\runneradmin\.cargo\registry\src\index.crates.io-1949cf8c6b5b557f\litemap-0.8.2\src\lib.rs --error-format=json --json=diagnostic-rendered-ansi,artifacts,future-incompat --crate-type lib --emit=dep-info,metadata -C embed-bitcode=no -C debuginfo=2 --warn=clippy::wildcard_dependencies --warn=clippy::useless_transmute --warn=unused_qualifications --warn=unused_macro_rules --warn=unused_lifetimes --warn=clippy::unnecessary-wraps --warn=unexpected_cfgs --deny=clippy::trivially_copy_pass_by_ref --deny=trivial_numeric_casts --warn=clippy::transmutes_expressible_as_ptr_casts --warn=clippy::transmute_undefined_repr --warn=clippy::transmute_ptr_to_ref --warn=clippy::transmute_ptr_to_ptr --warn=clippy::transmute_int_to_non_zero --warn=clippy::transmute_int_to_bool --warn=clippy::transmute_bytes_to_str --warn=clippy::todo --warn=clippy::same_functions_in_if_condition --warn=clippy::or-fun-call --warn=clippy::negative_feature_names --warn=clippy::missing_transmute_annotations --warn=clippy::missing_fields_in_debug --deny=missing_debug_implementations --warn=clippy::mismatching_type_param_order --warn=clippy::large_stack_arrays --warn=clippy::infinite_loop --warn=clippy::fn_to_numeric_cast_any --deny=clippy::exhaustive_structs --deny=clippy::exhaustive_enums --warn=clippy::doc_markdown --warn=clippy::debug_assert_with_mut_call --warn=clippy::dbg_macro --warn=clippy::crosspointer_transmute --warn=clippy::collection_is_never_read --warn=clippy::branches-sharing-code --warn=clippy::alloc-instead-of-core --check-cfg cfg(icu4c_enable_renaming) --check-cfg cfg(needs_alloc_error_handler) --check-cfg cfg(icu4x_run_size_tests) --check-cfg cfg(icu4x_unstable_fast_trie_only) --check-cfg cfg(docsrs,test) --check-cfg "cfg(feature, values(\"alloc\", \"databake\", \"default\", \"serde\", \"testing\", \"yoke\"))" -C metadata=64ff8301e405d30c -C extra-filename=-928eaa1ee6df7f46 --out-dir D:\a\explorer-rs\explorer-rs\target\debug\deps -L dependency=D:\a\explorer-rs\explorer-rs\target\debug\deps --cap-lints allow`
     Running `C:\Users\runneradmin\.rustup\toolchains\stable-x86_64-pc-windows-msvc\bin\rustc.exe --crate-name once_cell --edition=2021 C:\Users\runneradmin\.cargo\registry\src\index.crates.io-1949cf8c6b5b557f\once_cell-1.21.4\src\lib.rs --error-format=json --json=diagnostic-rendered-ansi,artifacts,future-incompat --crate-type lib --emit=dep-info,metadata -C embed-bitcode=no -C debuginfo=2 --cfg "feature=\"alloc\"" --cfg "feature=\"default\"" --cfg "feature=\"race\"" --cfg "feature=\"std\"" --check-cfg cfg(docsrs,test) --check-cfg "cfg(feature, values(\"alloc\", \"atomic-polyfill\", \"critical-section\", \"default\", \"parking_lot\", \"portable-atomic\", \"race\", \"std\", \"unstable\"))" -C metadata=05d1b6aa3c507646 -C extra-filename=-54f11a5580fe8efc --out-dir D:\a\explorer-rs\explorer-rs\target\debug\deps -L dependency=D:\a\explorer-rs\explorer-rs\target\debug\deps --cap-lints allow`
    Checking writeable v0.6.3
     Running `C:\Users\runneradmin\.rustup\toolchains\stable-x86_64-pc-windows-msvc\bin\rustc.exe --crate-name writeable --edition=2021 C:\Users\runneradmin\.cargo\registry\src\index.crates.io-1949cf8c6b5b557f\writeable-0.6.3\src\lib.rs --error-format=json --json=diagnostic-rendered-ansi,artifacts,future-incompat --crate-type lib --emit=dep-info,metadata -C embed-bitcode=no -C debuginfo=2 --warn=clippy::wildcard_dependencies --warn=clippy::useless_transmute --warn=unused_qualifications --warn=unused_macro_rules --warn=unused_lifetimes --warn=clippy::unnecessary-wraps --warn=unexpected_cfgs --deny=clippy::trivially_copy_pass_by_ref --deny=trivial_numeric_casts --warn=clippy::transmutes_expressible_as_ptr_casts --warn=clippy::transmute_undefined_repr --warn=clippy::transmute_ptr_to_ref --warn=clippy::transmute_ptr_to_ptr --warn=clippy::transmute_int_to_non_zero --warn=clippy::transmute_int_to_bool --warn=clippy::transmute_bytes_to_str --warn=clippy::todo --warn=clippy::same_functions_in_if_condition --warn=clippy::or-fun-call --warn=clippy::negative_feature_names --warn=clippy::missing_transmute_annotations --warn=clippy::missing_fields_in_debug --deny=missing_debug_implementations --warn=clippy::mismatching_type_param_order --warn=clippy::large_stack_arrays --warn=clippy::infinite_loop --warn=clippy::fn_to_numeric_cast_any --deny=clippy::exhaustive_structs --deny=clippy::exhaustive_enums --warn=clippy::doc_markdown --warn=clippy::debug_assert_with_mut_call --warn=clippy::dbg_macro --warn=clippy::crosspointer_transmute --warn=clippy::collection_is_never_read --warn=clippy::branches-sharing-code --warn=clippy::alloc-instead-of-core --check-cfg cfg(icu4c_enable_renaming) --check-cfg cfg(needs_alloc_error_handler) --check-cfg cfg(icu4x_run_size_tests) --check-cfg cfg(icu4x_unstable_fast_trie_only) --check-cfg cfg(docsrs,test) --check-cfg "cfg(feature, values(\"alloc\", \"default\", \"either\"))" -C metadata=cde69e0790381ae3 -C extra-filename=-7913894bf611f708 --out-dir D:\a\explorer-rs\explorer-rs\target\debug\deps -L dependency=D:\a\explorer-rs\explorer-rs\target\debug\deps --cap-lints allow`
     Running `D:\a\explorer-rs\explorer-rs\target\debug\build\serde_core-f6694e111d551991\build-script-build`
    Checking adler2 v2.0.1
     Running `C:\Users\runneradmin\.rustup\toolchains\stable-x86_64-pc-windows-msvc\bin\rustc.exe --crate-name adler2 --edition=2021 C:\Users\runneradmin\.cargo\registry\src\index.crates.io-1949cf8c6b5b557f\adler2-2.0.1\src\lib.rs --error-format=json --json=diagnostic-rendered-ansi,artifacts,future-incompat --crate-type lib --emit=dep-info,metadata -C embed-bitcode=no -C debuginfo=2 --check-cfg cfg(docsrs,test) --check-cfg "cfg(feature, values(\"core\", \"default\", \"rustc-dep-of-std\", \"std\"))" -C metadata=8165d5c12b3bc2dc -C extra-filename=-623ccc4e63e331fc --out-dir D:\a\explorer-rs\explorer-rs\target\debug\deps -L dependency=D:\a\explorer-rs\explorer-rs\target\debug\deps --cap-lints allow`
     Running `C:\Users\runneradmin\.rustup\toolchains\stable-x86_64-pc-windows-msvc\bin\rustc.exe --crate-name serde_core --edition=2021 C:\Users\runneradmin\.cargo\registry\src\index.crates.io-1949cf8c6b5b557f\serde_core-1.0.229\src\lib.rs --error-format=json --json=diagnostic-rendered-ansi,artifacts,future-incompat --crate-type lib --emit=dep-info,metadata -C embed-bitcode=no -C debuginfo=2 --cfg "feature=\"rc\"" --cfg "feature=\"result\"" --cfg "feature=\"std\"" --check-cfg cfg(docsrs,test) --check-cfg "cfg(feature, values(\"alloc\", \"default\", \"rc\", \"result\", \"std\", \"unstable\"))" -C metadata=591ae0de852a97cb -C extra-filename=-2cc6d5400522de76 --out-dir D:\a\explorer-rs\explorer-rs\target\debug\deps -L dependency=D:\a\explorer-rs\explorer-rs\target\debug\deps --cap-lints allow --check-cfg cfg(if_docsrs_then_no_serde_core) --check-cfg cfg(no_core_cstr) --check-cfg cfg(no_core_error) --check-cfg cfg(no_core_net) --check-cfg cfg(no_core_num_saturating) --check-cfg cfg(no_diagnostic_namespace) --check-cfg cfg(no_serde_derive) --check-cfg cfg(no_std_atomic) --check-cfg cfg(no_std_atomic64) --check-cfg cfg(no_target_has_atomic)`
    Checking miniz_oxide v0.8.9
     Running `C:\Users\runneradmin\.rustup\toolchains\stable-x86_64-pc-windows-msvc\bin\rustc.exe --crate-name miniz_oxide --edition=2021 C:\Users\runneradmin\.cargo\registry\src\index.crates.io-1949cf8c6b5b557f\miniz_oxide-0.8.9\src\lib.rs --error-format=json --json=diagnostic-rendered-ansi,artifacts,future-incompat --crate-type lib --emit=dep-info,metadata -C embed-bitcode=no -C debuginfo=2 --warn=unexpected_cfgs --check-cfg cfg(fuzzing) --cfg "feature=\"default\"" --cfg "feature=\"simd\"" --cfg "feature=\"simd-adler32\"" --cfg "feature=\"with-alloc\"" --check-cfg cfg(docsrs,test) --check-cfg "cfg(feature, values(\"alloc\", \"block-boundary\", \"core\", \"default\", \"rustc-dep-of-std\", \"serde\", \"simd\", \"simd-adler32\", \"std\", \"with-alloc\"))" -C metadata=48190889fecbab43 -C extra-filename=-5baa5dfb05e522de --out-dir D:\a\explorer-rs\explorer-rs\target\debug\deps -L dependency=D:\a\explorer-rs\explorer-rs\target\debug\deps --extern adler2=D:\a\explorer-rs\explorer-rs\target\debug\deps\libadler2-623ccc4e63e331fc.rmeta --extern simd_adler32=D:\a\explorer-rs\explorer-rs\target\debug\deps\libsimd_adler32-caf36800cb676635.rmeta --cap-lints allow`
     Running `C:\Users\runneradmin\.rustup\toolchains\stable-x86_64-pc-windows-msvc\bin\rustc.exe --crate-name windows_x86_64_msvc --edition=2018 C:\Users\runneradmin\.cargo\registry\src\index.crates.io-1949cf8c6b5b557f\windows_x86_64_msvc-0.48.5\src\lib.rs --error-format=json --json=diagnostic-rendered-ansi,artifacts,future-incompat --crate-type lib --emit=dep-info,metadata -C embed-bitcode=no -C debuginfo=2 --check-cfg cfg(docsrs,test) --check-cfg "cfg(feature, values())" -C metadata=229200ff48e3adc3 -C extra-filename=-e4d679ea453da01e --out-dir D:\a\explorer-rs\explorer-rs\target\debug\deps -L dependency=D:\a\explorer-rs\explorer-rs\target\debug\deps --cap-lints allow -L native=C:\Users\runneradmin\.cargo\registry\src\index.crates.io-1949cf8c6b5b557f\windows_x86_64_msvc-0.48.5\lib`
     Running `C:\Users\runneradmin\.rustup\toolchains\stable-x86_64-pc-windows-msvc\bin\rustc.exe --crate-name crc32fast --edition=2021 C:\Users\runneradmin\.cargo\registry\src\index.crates.io-1949cf8c6b5b557f\crc32fast-1.5.0\src\lib.rs --error-format=json --json=diagnostic-rendered-ansi,artifacts,future-incompat --crate-type lib --emit=dep-info,metadata -C embed-bitcode=no -C debuginfo=2 --cfg "feature=\"default\"" --cfg "feature=\"std\"" --check-cfg cfg(docsrs,test) --check-cfg "cfg(feature, values(\"default\", \"nightly\", \"std\"))" -C metadata=867a8827c1e1d88d -C extra-filename=-e78d383a6e417d33 --out-dir D:\a\explorer-rs\explorer-rs\target\debug\deps -L dependency=D:\a\explorer-rs\explorer-rs\target\debug\deps --extern cfg_if=D:\a\explorer-rs\explorer-rs\target\debug\deps\libcfg_if-b7349115d2a20ae0.rmeta --cap-lints allow --cfg stable_arm_crc32_intrinsics --check-cfg cfg(stable_arm_crc32_intrinsics)`
     Running `C:\Users\runneradmin\.rustup\toolchains\stable-x86_64-pc-windows-msvc\bin\rustc.exe --crate-name proc_macro2 --edition=2021 C:\Users\runneradmin\.cargo\registry\src\index.crates.io-1949cf8c6b5b557f\proc-macro2-1.0.107\src\lib.rs --error-format=json --json=diagnostic-rendered-ansi,artifacts,future-incompat --crate-type lib --emit=dep-info,metadata,link -C embed-bitcode=no --cfg "feature=\"default\"" --cfg "feature=\"proc-macro\"" --check-cfg cfg(docsrs,test) --check-cfg "cfg(feature, values(\"default\", \"nightly\", \"proc-macro\", \"span-locations\"))" -C metadata=4abe07ae8a3fc3ee -C extra-filename=-22100c612bae5151 --out-dir D:\a\explorer-rs\explorer-rs\target\debug\deps -L dependency=D:\a\explorer-rs\explorer-rs\target\debug\deps --extern unicode_ident=D:\a\explorer-rs\explorer-rs\target\debug\deps\libunicode_ident-d5d6c102c8b1605b.rmeta --cap-lints allow --cfg wrap_proc_macro --cfg proc_macro_span_location --cfg proc_macro_span_file --check-cfg cfg(fuzzing) --check-cfg cfg(no_is_available) --check-cfg cfg(no_literal_byte_character) --check-cfg cfg(no_literal_c_string) --check-cfg cfg(no_source_text) --check-cfg cfg(proc_macro_span) --check-cfg cfg(proc_macro_span_file) --check-cfg cfg(proc_macro_span_location) --check-cfg cfg(procmacro2_backtrace) --check-cfg cfg(procmacro2_build_probe) --check-cfg cfg(procmacro2_nightly_testing) --check-cfg cfg(procmacro2_semver_exempt) --check-cfg cfg(randomize_layout) --check-cfg cfg(span_locations) --check-cfg cfg(super_unstable) --check-cfg cfg(wrap_proc_macro)`
   Compiling icu_normalizer_data v2.2.0
     Running `C:\Users\runneradmin\.rustup\toolchains\stable-x86_64-pc-windows-msvc\bin\rustc.exe --crate-name build_script_build --edition=2021 C:\Users\runneradmin\.cargo\registry\src\index.crates.io-1949cf8c6b5b557f\icu_normalizer_data-2.2.0\build.rs --error-format=json --json=diagnostic-rendered-ansi,artifacts,future-incompat --crate-type bin --emit=dep-info,link -C embed-bitcode=no --warn=unexpected_cfgs --check-cfg cfg(icu4x_custom_data) --check-cfg cfg(docsrs,test) --check-cfg "cfg(feature, values())" -C metadata=49934d2320f4a994 -C extra-filename=-e1142006ad71ea42 --out-dir D:\a\explorer-rs\explorer-rs\target\debug\build\icu_normalizer_data-e1142006ad71ea42 -L dependency=D:\a\explorer-rs\explorer-rs\target\debug\deps --cap-lints allow`
   Compiling icu_properties_data v2.2.0
     Running `C:\Users\runneradmin\.rustup\toolchains\stable-x86_64-pc-windows-msvc\bin\rustc.exe --crate-name build_script_build --edition=2021 C:\Users\runneradmin\.cargo\registry\src\index.crates.io-1949cf8c6b5b557f\icu_properties_data-2.2.0\build.rs --error-format=json --json=diagnostic-rendered-ansi,artifacts,future-incompat --crate-type bin --emit=dep-info,link -C embed-bitcode=no --warn=unexpected_cfgs --check-cfg cfg(icu4x_custom_data) --check-cfg cfg(docsrs,test) --check-cfg "cfg(feature, values())" -C metadata=6cdcd91ef9078836 -C extra-filename=-646512d6089b90c1 --out-dir D:\a\explorer-rs\explorer-rs\target\debug\build\icu_properties_data-646512d6089b90c1 -L dependency=D:\a\explorer-rs\explorer-rs\target\debug\deps --cap-lints allow`
   Compiling khronos_api v3.1.0
     Running `C:\Users\runneradmin\.rustup\toolchains\stable-x86_64-pc-windows-msvc\bin\rustc.exe --crate-name build_script_build --edition=2015 C:\Users\runneradmin\.cargo\registry\src\index.crates.io-1949cf8c6b5b557f\khronos_api-3.1.0\build.rs --error-format=json --json=diagnostic-rendered-ansi,artifacts,future-incompat --crate-type bin --emit=dep-info,link -C embed-bitcode=no --check-cfg cfg(docsrs,test) --check-cfg "cfg(feature, values())" -C metadata=d101cf64f926aaa9 -C extra-filename=-61fe28c54122d08e --out-dir D:\a\explorer-rs\explorer-rs\target\debug\build\khronos_api-61fe28c54122d08e -L dependency=D:\a\explorer-rs\explorer-rs\target\debug\deps --cap-lints allow`
   Compiling autocfg v1.5.1
     Running `C:\Users\runneradmin\.rustup\toolchains\stable-x86_64-pc-windows-msvc\bin\rustc.exe --crate-name autocfg --edition=2015 C:\Users\runneradmin\.cargo\registry\src\index.crates.io-1949cf8c6b5b557f\autocfg-1.5.1\src\lib.rs --error-format=json --json=diagnostic-rendered-ansi,artifacts,future-incompat --crate-type lib --emit=dep-info,metadata,link -C embed-bitcode=no --check-cfg cfg(docsrs,test) --check-cfg "cfg(feature, values())" -C metadata=771c8fbbea4d8364 -C extra-filename=-8e61762132dd0e49 --out-dir D:\a\explorer-rs\explorer-rs\target\debug\deps -L dependency=D:\a\explorer-rs\explorer-rs\target\debug\deps --cap-lints allow`
   Compiling version_check v0.9.5
     Running `C:\Users\runneradmin\.rustup\toolchains\stable-x86_64-pc-windows-msvc\bin\rustc.exe --crate-name version_check --edition=2015 C:\Users\runneradmin\.cargo\registry\src\index.crates.io-1949cf8c6b5b557f\version_check-0.9.5\src\lib.rs --error-format=json --json=diagnostic-rendered-ansi,artifacts,future-incompat --crate-type lib --emit=dep-info,metadata,link -C embed-bitcode=no --check-cfg cfg(docsrs,test) --check-cfg "cfg(feature, values())" -C metadata=876292c8db31431b -C extra-filename=-09576d59a5be6705 --out-dir D:\a\explorer-rs\explorer-rs\target\debug\deps -L dependency=D:\a\explorer-rs\explorer-rs\target\debug\deps --cap-lints allow`
     Running `C:\Users\runneradmin\.rustup\toolchains\stable-x86_64-pc-windows-msvc\bin\rustc.exe --crate-name quote --edition=2021 C:\Users\runneradmin\.cargo\registry\src\index.crates.io-1949cf8c6b5b557f\quote-1.0.47\src\lib.rs --error-format=json --json=diagnostic-rendered-ansi,artifacts,future-incompat --crate-type lib --emit=dep-info,metadata,link -C embed-bitcode=no --cfg "feature=\"default\"" --cfg "feature=\"proc-macro\"" --check-cfg cfg(docsrs,test) --check-cfg "cfg(feature, values(\"default\", \"proc-macro\"))" -C metadata=c1e66d682b81747e -C extra-filename=-94bf10c687cf4128 --out-dir D:\a\explorer-rs\explorer-rs\target\debug\deps -L dependency=D:\a\explorer-rs\explorer-rs\target\debug\deps --extern proc_macro2=D:\a\explorer-rs\explorer-rs\target\debug\deps\libproc_macro2-22100c612bae5151.rmeta --cap-lints allow --check-cfg cfg(no_diagnostic_namespace)`
    Checking utf8_iter v1.0.4
     Running `C:\Users\runneradmin\.rustup\toolchains\stable-x86_64-pc-windows-msvc\bin\rustc.exe --crate-name utf8_iter --edition=2021 C:\Users\runneradmin\.cargo\registry\src\index.crates.io-1949cf8c6b5b557f\utf8_iter-1.0.4\src\lib.rs --error-format=json --json=diagnostic-rendered-ansi,artifacts,future-incompat --crate-type lib --emit=dep-info,metadata -C embed-bitcode=no -C debuginfo=2 --check-cfg cfg(docsrs,test) --check-cfg "cfg(feature, values())" -C metadata=8b6343a875a63f2d -C extra-filename=-016cfdea9dd412a7 --out-dir D:\a\explorer-rs\explorer-rs\target\debug\deps -L dependency=D:\a\explorer-rs\explorer-rs\target\debug\deps --cap-lints allow`
   Compiling serde v1.0.229
     Running `C:\Users\runneradmin\.rustup\toolchains\stable-x86_64-pc-windows-msvc\bin\rustc.exe --crate-name build_script_build --edition=2021 C:\Users\runneradmin\.cargo\registry\src\index.crates.io-1949cf8c6b5b557f\serde-1.0.229\build.rs --error-format=json --json=diagnostic-rendered-ansi,artifacts,future-incompat --crate-type bin --emit=dep-info,link -C embed-bitcode=no --cfg "feature=\"default\"" --cfg "feature=\"derive\"" --cfg "feature=\"rc\"" --cfg "feature=\"serde_derive\"" --cfg "feature=\"std\"" --check-cfg cfg(docsrs,test) --check-cfg "cfg(feature, values(\"alloc\", \"default\", \"derive\", \"rc\", \"serde_derive\", \"std\", \"unstable\"))" -C metadata=c457a9dabd794ab4 -C extra-filename=-099aabd5eb598392 --out-dir D:\a\explorer-rs\explorer-rs\target\debug\build\serde-099aabd5eb598392 -L dependency=D:\a\explorer-rs\explorer-rs\target\debug\deps --cap-lints allow`
     Running `D:\a\explorer-rs\explorer-rs\target\debug\build\khronos_api-61fe28c54122d08e\build-script-build`
     Running `D:\a\explorer-rs\explorer-rs\target\debug\build\icu_properties_data-646512d6089b90c1\build-script-build`
   Compiling syn v3.0.3
     Running `C:\Users\runneradmin\.rustup\toolchains\stable-x86_64-pc-windows-msvc\bin\rustc.exe --crate-name syn --edition=2021 C:\Users\runneradmin\.cargo\registry\src\index.crates.io-1949cf8c6b5b557f\syn-3.0.3\src\lib.rs --error-format=json --json=diagnostic-rendered-ansi,artifacts,future-incompat --crate-type lib --emit=dep-info,metadata,link -C embed-bitcode=no --cfg "feature=\"clone-impls\"" --cfg "feature=\"default\"" --cfg "feature=\"derive\"" --cfg "feature=\"parsing\"" --cfg "feature=\"printing\"" --cfg "feature=\"proc-macro\"" --check-cfg cfg(docsrs,test) --check-cfg "cfg(feature, values(\"clone-impls\", \"default\", \"derive\", \"extra-traits\", \"fold\", \"full\", \"parsing\", \"printing\", \"proc-macro\", \"test\", \"visit\", \"visit-mut\"))" -C metadata=00f6a03ea2499138 -C extra-filename=-1c10985ae4c2e62a --out-dir D:\a\explorer-rs\explorer-rs\target\debug\deps -L dependency=D:\a\explorer-rs\explorer-rs\target\debug\deps --extern proc_macro2=D:\a\explorer-rs\explorer-rs\target\debug\deps\libproc_macro2-22100c612bae5151.rmeta --extern quote=D:\a\explorer-rs\explorer-rs\target\debug\deps\libquote-94bf10c687cf4128.rmeta --extern unicode_ident=D:\a\explorer-rs\explorer-rs\target\debug\deps\libunicode_ident-d5d6c102c8b1605b.rmeta --cap-lints allow`
   Compiling syn v2.0.119
     Running `C:\Users\runneradmin\.rustup\toolchains\stable-x86_64-pc-windows-msvc\bin\rustc.exe --crate-name syn --edition=2021 C:\Users\runneradmin\.cargo\registry\src\index.crates.io-1949cf8c6b5b557f\syn-2.0.119\src\lib.rs --error-format=json --json=diagnostic-rendered-ansi,artifacts,future-incompat --crate-type lib --emit=dep-info,metadata,link -C embed-bitcode=no --cfg "feature=\"clone-impls\"" --cfg "feature=\"default\"" --cfg "feature=\"derive\"" --cfg "feature=\"extra-traits\"" --cfg "feature=\"fold\"" --cfg "feature=\"full\"" --cfg "feature=\"parsing\"" --cfg "feature=\"printing\"" --cfg "feature=\"proc-macro\"" --cfg "feature=\"visit\"" --check-cfg cfg(docsrs,test) --check-cfg "cfg(feature, values(\"clone-impls\", \"default\", \"derive\", \"extra-traits\", \"fold\", \"full\", \"parsing\", \"printing\", \"proc-macro\", \"test\", \"visit\", \"visit-mut\"))" -C metadata=b0b440ae882ec558 -C extra-filename=-7eed1106492f4f2c --out-dir D:\a\explorer-rs\explorer-rs\target\debug\deps -L dependency=D:\a\explorer-rs\explorer-rs\target\debug\deps --extern proc_macro2=D:\a\explorer-rs\explorer-rs\target\debug\deps\libproc_macro2-22100c612bae5151.rmeta --extern quote=D:\a\explorer-rs\explorer-rs\target\debug\deps\libquote-94bf10c687cf4128.rmeta --extern unicode_ident=D:\a\explorer-rs\explorer-rs\target\debug\deps\libunicode_ident-d5d6c102c8b1605b.rmeta --cap-lints allow`
     Running `D:\a\explorer-rs\explorer-rs\target\debug\build\serde-099aabd5eb598392\build-script-build`
    Checking flate2 v1.1.9
     Running `C:\Users\runneradmin\.rustup\toolchains\stable-x86_64-pc-windows-msvc\bin\rustc.exe --crate-name flate2 --edition=2018 C:\Users\runneradmin\.cargo\registry\src\index.crates.io-1949cf8c6b5b557f\flate2-1.1.9\src\lib.rs --error-format=json --json=diagnostic-rendered-ansi,artifacts,future-incompat --crate-type lib --emit=dep-info,metadata -C embed-bitcode=no -C debuginfo=2 --cfg "feature=\"any_impl\"" --cfg "feature=\"default\"" --cfg "feature=\"miniz_oxide\"" --cfg "feature=\"rust_backend\"" --check-cfg cfg(docsrs,test) --check-cfg "cfg(feature, values(\"any_c_zlib\", \"any_impl\", \"any_zlib\", \"cloudflare-zlib-sys\", \"cloudflare_zlib\", \"default\", \"document-features\", \"libz-ng-sys\", \"libz-sys\", \"miniz-sys\", \"miniz_oxide\", \"rust_backend\", \"zlib\", \"zlib-default\", \"zlib-ng\", \"zlib-ng-compat\", \"zlib-rs\"))" -C metadata=b81f348511c47735 -C extra-filename=-a5921843e2a75d09 --out-dir D:\a\explorer-rs\explorer-rs\target\debug\deps -L dependency=D:\a\explorer-rs\explorer-rs\target\debug\deps --extern crc32fast=D:\a\explorer-rs\explorer-rs\target\debug\deps\libcrc32fast-e78d383a6e417d33.rmeta --extern miniz_oxide=D:\a\explorer-rs\explorer-rs\target\debug\deps\libminiz_oxide-5baa5dfb05e522de.rmeta --cap-lints allow`
     Running `D:\a\explorer-rs\explorer-rs\target\debug\build\icu_normalizer_data-e1142006ad71ea42\build-script-build`
    Checking windows-targets v0.48.5
     Running `C:\Users\runneradmin\.rustup\toolchains\stable-x86_64-pc-windows-msvc\bin\rustc.exe --crate-name windows_targets --edition=2018 C:\Users\runneradmin\.cargo\registry\src\index.crates.io-1949cf8c6b5b557f\windows-targets-0.48.5\src\lib.rs --error-format=json --json=diagnostic-rendered-ansi,artifacts,future-incompat --crate-type lib --emit=dep-info,metadata -C embed-bitcode=no -C debuginfo=2 --check-cfg cfg(docsrs,test) --check-cfg "cfg(feature, values())" -C metadata=2c07f28149776aef -C extra-filename=-f3d1e8a02c1ee9f3 --out-dir D:\a\explorer-rs\explorer-rs\target\debug\deps -L dependency=D:\a\explorer-rs\explorer-rs\target\debug\deps --extern windows_x86_64_msvc=D:\a\explorer-rs\explorer-rs\target\debug\deps\libwindows_x86_64_msvc-e4d679ea453da01e.rmeta --cap-lints allow -L native=C:\Users\runneradmin\.cargo\registry\src\index.crates.io-1949cf8c6b5b557f\windows_x86_64_msvc-0.48.5\lib`
   Compiling cfg_aliases v0.1.1
     Running `C:\Users\runneradmin\.rustup\toolchains\stable-x86_64-pc-windows-msvc\bin\rustc.exe --crate-name cfg_aliases --edition=2018 C:\Users\runneradmin\.cargo\registry\src\index.crates.io-1949cf8c6b5b557f\cfg_aliases-0.1.1\src\lib.rs --error-format=json --json=diagnostic-rendered-ansi,artifacts,future-incompat --crate-type lib --emit=dep-info,metadata,link -C embed-bitcode=no --check-cfg cfg(docsrs,test) --check-cfg "cfg(feature, values())" -C metadata=8f7abeb45b7000ce -C extra-filename=-985bbaee5a6e46c3 --out-dir D:\a\explorer-rs\explorer-rs\target\debug\deps -L dependency=D:\a\explorer-rs\explorer-rs\target\debug\deps --cap-lints allow`
   Compiling windows_x86_64_msvc v0.52.6
     Running `C:\Users\runneradmin\.rustup\toolchains\stable-x86_64-pc-windows-msvc\bin\rustc.exe --crate-name build_script_build --edition=2021 C:\Users\runneradmin\.cargo\registry\src\index.crates.io-1949cf8c6b5b557f\windows_x86_64_msvc-0.52.6\build.rs --error-format=json --json=diagnostic-rendered-ansi,artifacts,future-incompat --crate-type bin --emit=dep-info,link -C embed-bitcode=no --check-cfg cfg(docsrs,test) --check-cfg "cfg(feature, values())" -C metadata=fb0bb0a0d7a78dc1 -C extra-filename=-3af98b33bc20293e --out-dir D:\a\explorer-rs\explorer-rs\target\debug\build\windows_x86_64_msvc-3af98b33bc20293e -L dependency=D:\a\explorer-rs\explorer-rs\target\debug\deps --cap-lints allow`
    Checking windows-sys v0.48.0
     Running `C:\Users\runneradmin\.rustup\toolchains\stable-x86_64-pc-windows-msvc\bin\rustc.exe --crate-name windows_sys --edition=2018 C:\Users\runneradmin\.cargo\registry\src\index.crates.io-1949cf8c6b5b557f\windows-sys-0.48.0\src\lib.rs --error-format=json --json=diagnostic-rendered-ansi,artifacts,future-incompat --crate-type lib --emit=dep-info,metadata -C embed-bitcode=no -C debuginfo=2 --cfg "feature=\"Win32\"" --cfg "feature=\"Win32_Devices\"" --cfg "feature=\"Win32_Devices_HumanInterfaceDevice\"" --cfg "feature=\"Win32_Foundation\"" --cfg "feature=\"Win32_Globalization\"" --cfg "feature=\"Win32_Graphics\"" --cfg "feature=\"Win32_Graphics_Dwm\"" --cfg "feature=\"Win32_Graphics_Gdi\"" --cfg "feature=\"Win32_Graphics_OpenGL\"" --cfg "feature=\"Win32_Media\"" --cfg "feature=\"Win32_Security\"" --cfg "feature=\"Win32_Storage\"" --cfg "feature=\"Win32_Storage_FileSystem\"" --cfg "feature=\"Win32_System\"" --cfg "feature=\"Win32_System_Com\"" --cfg "feature=\"Win32_System_Com_StructuredStorage\"" --cfg "feature=\"Win32_System_IO\"" --cfg "feature=\"Win32_System_LibraryLoader\"" --cfg "feature=\"Win32_System_Ole\"" --cfg "feature=\"Win32_System_SystemInformation\"" --cfg "feature=\"Win32_System_SystemServices\"" --cfg "feature=\"Win32_System_Threading\"" --cfg "feature=\"Win32_System_WindowsProgramming\"" --cfg "feature=\"Win32_UI\"" --cfg "feature=\"Win32_UI_Accessibility\"" --cfg "feature=\"Win32_UI_Controls\"" --cfg "feature=\"Win32_UI_HiDpi\"" --cfg "feature=\"Win32_UI_Input\"" --cfg "feature=\"Win32_UI_Input_Ime\"" --cfg "feature=\"Win32_UI_Input_KeyboardAndMouse\"" --cfg "feature=\"Win32_UI_Input_Pointer\"" --cfg "feature=\"Win32_UI_Input_Touch\"" --cfg "feature=\"Win32_UI_Shell\"" --cfg "feature=\"Win32_UI_Shell_Common\"" --cfg "feature=\"Win32_UI_TextServices\"" --cfg "feature=\"Win32_UI_WindowsAndMessaging\"" --cfg "feature=\"default\"" --check-cfg cfg(docsrs,test) --check-cfg "cfg(feature, values(\"Wdk\", \"Wdk_System\", \"Wdk_System_OfflineRegistry\", \"Win32\", \"Win32_Data\", \"Win32_Data_HtmlHelp\", \"Win32_Data_RightsManagement\", \"Win32_Data_Xml\", \"Win32_Data_Xml_MsXml\", \"Win32_Data_Xml_XmlLite\", \"Win32_Devices\", \"Win32_Devices_AllJoyn\", \"Win32_Devices_BiometricFramework\", \"Win32_Devices_Bluetooth\", \"Win32_Devices_Communication\", \"Win32_Devices_DeviceAccess\", \"Win32_Devices_DeviceAndDriverInstallation\", \"Win32_Devices_DeviceQuery\", \"Win32_Devices_Display\", \"Win32_Devices_Enumeration\", \"Win32_Devices_Enumeration_Pnp\", \"Win32_Devices_Fax\", \"Win32_Devices_FunctionDiscovery\", \"Win32_Devices_Geolocation\", \"Win32_Devices_HumanInterfaceDevice\", \"Win32_Devices_ImageAcquisition\", \"Win32_Devices_PortableDevices\", \"Win32_Devices_Properties\", \"Win32_Devices_Pwm\", \"Win32_Devices_Sensors\", \"Win32_Devices_SerialCommunication\", \"Win32_Devices_Tapi\", \"Win32_Devices_Usb\", \"Win32_Devices_WebServicesOnDevices\", \"Win32_Foundation\", \"Win32_Gaming\", \"Win32_Globalization\", \"Win32_Graphics\", \"Win32_Graphics_Dwm\", \"Win32_Graphics_Gdi\", \"Win32_Graphics_Hlsl\", \"Win32_Graphics_OpenGL\", \"Win32_Graphics_Printing\", \"Win32_Graphics_Printing_PrintTicket\", \"Win32_Management\", \"Win32_Management_MobileDeviceManagementRegistration\", \"Win32_Media\", \"Win32_Media_Audio\", \"Win32_Media_Audio_Apo\", \"Win32_Media_Audio_DirectMusic\", \"Win32_Media_Audio_Endpoints\", \"Win32_Media_Audio_XAudio2\", \"Win32_Media_DeviceManager\", \"Win32_Media_DxMediaObjects\", \"Win32_Media_KernelStreaming\", \"Win32_Media_LibrarySharingServices\", \"Win32_Media_MediaPlayer\", \"Win32_Media_Multimedia\", \"Win32_Media_Speech\", \"Win32_Media_Streaming\", \"Win32_Media_WindowsMediaFormat\", \"Win32_NetworkManagement\", \"Win32_NetworkManagement_Dhcp\", \"Win32_NetworkManagement_Dns\", \"Win32_NetworkManagement_InternetConnectionWizard\", \"Win32_NetworkManagement_IpHelper\", \"Win32_NetworkManagement_MobileBroadband\", \"Win32_NetworkManagement_Multicast\", \"Win32_NetworkManagement_Ndis\", \"Win32_NetworkManagement_NetBios\", \"Win32_NetworkManagement_NetManagement\", \"Win32_NetworkManagement_NetShell\", \"Win32_NetworkManagement_NetworkDiagnosticsFramework\", \"Win32_NetworkManagement_NetworkPolicyServer\", \"Win32_NetworkManagement_P2P\", \"Win32_NetworkManagement_QoS\", \"Win32_NetworkManagement_Rras\", \"Win32_NetworkManagement_Snmp\", \"Win32_NetworkManagement_WNet\", \"Win32_NetworkManagement_WebDav\", \"Win32_NetworkManagement_WiFi\", \"Win32_NetworkManagement_WindowsConnectNow\", \"Win32_NetworkManagement_WindowsConnectionManager\", \"Win32_NetworkManagement_WindowsFilteringPlatform\", \"Win32_NetworkManagement_WindowsFirewall\", \"Win32_NetworkManagement_WindowsNetworkVirtualization\", \"Win32_Networking\", \"Win32_Networking_ActiveDirectory\", \"Win32_Networking_BackgroundIntelligentTransferService\", \"Win32_Networking_Clustering\", \"Win32_Networking_HttpServer\", \"Win32_Networking_Ldap\", \"Win32_Networking_NetworkListManager\", \"Win32_Networking_RemoteDifferentialCompression\", \"Win32_Networking_WebSocket\", \"Win32_Networking_WinHttp\", \"Win32_Networking_WinInet\", \"Win32_Networking_WinSock\", \"Win32_Networking_WindowsWebServices\", \"Win32_Security\", \"Win32_Security_AppLocker\", \"Win32_Security_Authentication\", \"Win32_Security_Authentication_Identity\", \"Win32_Security_Authentication_Identity_Provider\", \"Win32_Security_Authorization\", \"Win32_Security_Authorization_UI\", \"Win32_Security_ConfigurationSnapin\", \"Win32_Security_Credentials\", \"Win32_Security_Cryptography\", \"Win32_Security_Cryptography_Catalog\", \"Win32_Security_Cryptography_Certificates\", \"Win32_Security_Cryptography_Sip\", \"Win32_Security_Cryptography_UI\", \"Win32_Security_DiagnosticDataQuery\", \"Win32_Security_DirectoryServices\", \"Win32_Security_EnterpriseData\", \"Win32_Security_ExtensibleAuthenticationProtocol\", \"Win32_Security_Isolation\", \"Win32_Security_LicenseProtection\", \"Win32_Security_NetworkAccessProtection\", \"Win32_Security_Tpm\", \"Win32_Security_WinTrust\", \"Win32_Security_WinWlx\", \"Win32_Storage\", \"Win32_Storage_Cabinets\", \"Win32_Storage_CloudFilters\", \"Win32_Storage_Compression\", \"Win32_Storage_DataDeduplication\", \"Win32_Storage_DistributedFileSystem\", \"Win32_Storage_EnhancedStorage\", \"Win32_Storage_FileHistory\", \"Win32_Storage_FileServerResourceManager\", \"Win32_Storage_FileSystem\", \"Win32_Storage_Imapi\", \"Win32_Storage_IndexServer\", \"Win32_Storage_InstallableFileSystems\", \"Win32_Storage_IscsiDisc\", \"Win32_Storage_Jet\", \"Win32_Storage_OfflineFiles\", \"Win32_Storage_OperationRecorder\", \"Win32_Storage_Packaging\", \"Win32_Storage_Packaging_Appx\", \"Win32_Storage_Packaging_Opc\", \"Win32_Storage_ProjectedFileSystem\", \"Win32_Storage_StructuredStorage\", \"Win32_Storage_Vhd\", \"Win32_Storage_VirtualDiskService\", \"Win32_Storage_Vss\", \"Win32_Storage_Xps\", \"Win32_Storage_Xps_Printing\", \"Win32_System\", \"Win32_System_AddressBook\", \"Win32_System_Antimalware\", \"Win32_System_ApplicationInstallationAndServicing\", \"Win32_System_ApplicationVerifier\", \"Win32_System_AssessmentTool\", \"Win32_System_ClrHosting\", \"Win32_System_Com\", \"Win32_System_Com_CallObj\", \"Win32_System_Com_ChannelCredentials\", \"Win32_System_Com_Events\", \"Win32_System_Com_Marshal\", \"Win32_System_Com_StructuredStorage\", \"Win32_System_Com_UI\", \"Win32_System_Com_Urlmon\", \"Win32_System_ComponentServices\", \"Win32_System_Console\", \"Win32_System_Contacts\", \"Win32_System_CorrelationVector\", \"Win32_System_DataExchange\", \"Win32_System_DeploymentServices\", \"Win32_System_DesktopSharing\", \"Win32_System_DeveloperLicensing\", \"Win32_System_Diagnostics\", \"Win32_System_Diagnostics_Ceip\", \"Win32_System_Diagnostics_ClrProfiling\", \"Win32_System_Diagnostics_Debug\", \"Win32_System_Diagnostics_Debug_ActiveScript\", \"Win32_System_Diagnostics_Debug_Extensions\", \"Win32_System_Diagnostics_Etw\", \"Win32_System_Diagnostics_ProcessSnapshotting\", \"Win32_System_Diagnostics_ToolHelp\", \"Win32_System_DistributedTransactionCoordinator\", \"Win32_System_Environment\", \"Win32_System_ErrorReporting\", \"Win32_System_EventCollector\", \"Win32_System_EventLog\", \"Win32_System_EventNotificationService\", \"Win32_System_GroupPolicy\", \"Win32_System_HostCompute\", \"Win32_System_HostComputeNetwork\", \"Win32_System_HostComputeSystem\", \"Win32_System_Hypervisor\", \"Win32_System_IO\", \"Win32_System_Iis\", \"Win32_System_Ioctl\", \"Win32_System_JobObjects\", \"Win32_System_Js\", \"Win32_System_Kernel\", \"Win32_System_LibraryLoader\", \"Win32_System_Mailslots\", \"Win32_System_Mapi\", \"Win32_System_Memory\", \"Win32_System_Memory_NonVolatile\", \"Win32_System_MessageQueuing\", \"Win32_System_MixedReality\", \"Win32_System_Mmc\", \"Win32_System_Ole\", \"Win32_System_ParentalControls\", \"Win32_System_PasswordManagement\", \"Win32_System_Performance\", \"Win32_System_Performance_HardwareCounterProfiling\", \"Win32_System_Pipes\", \"Win32_System_Power\", \"Win32_System_ProcessStatus\", \"Win32_System_RealTimeCommunications\", \"Win32_System_Recovery\", \"Win32_System_Registry\", \"Win32_System_RemoteAssistance\", \"Win32_System_RemoteDesktop\", \"Win32_System_RemoteManagement\", \"Win32_System_RestartManager\", \"Win32_System_Restore\", \"Win32_System_Rpc\", \"Win32_System_Search\", \"Win32_System_Search_Common\", \"Win32_System_SecurityCenter\", \"Win32_System_ServerBackup\", \"Win32_System_Services\", \"Win32_System_SettingsManagementInfrastructure\", \"Win32_System_SetupAndMigration\", \"Win32_System_Shutdown\", \"Win32_System_StationsAndDesktops\", \"Win32_System_SubsystemForLinux\", \"Win32_System_SystemInformation\", \"Win32_System_SystemServices\", \"Win32_System_TaskScheduler\", \"Win32_System_Threading\", \"Win32_System_Time\", \"Win32_System_TpmBaseServices\", \"Win32_System_UpdateAgent\", \"Win32_System_UpdateAssessment\", \"Win32_System_UserAccessLogging\", \"Win32_System_VirtualDosMachines\", \"Win32_System_WindowsProgramming\", \"Win32_System_WindowsSync\", \"Win32_System_Wmi\", \"Win32_UI\", \"Win32_UI_Accessibility\", \"Win32_UI_Animation\", \"Win32_UI_ColorSystem\", \"Win32_UI_Controls\", \"Win32_UI_Controls_Dialogs\", \"Win32_UI_Controls_RichEdit\", \"Win32_UI_HiDpi\", \"Win32_UI_Input\", \"Win32_UI_Input_Ime\", \"Win32_UI_Input_Ink\", \"Win32_UI_Input_KeyboardAndMouse\", \"Win32_UI_Input_Pointer\", \"Win32_UI_Input_Radial\", \"Win32_UI_Input_Touch\", \"Win32_UI_Input_XboxController\", \"Win32_UI_InteractionContext\", \"Win32_UI_LegacyWindowsEnvironmentFeatures\", \"Win32_UI_Magnification\", \"Win32_UI_Notifications\", \"Win32_UI_Ribbon\", \"Win32_UI_Shell\", \"Win32_UI_Shell_Common\", \"Win32_UI_Shell_PropertiesSystem\", \"Win32_UI_TabletPC\", \"Win32_UI_TextServices\", \"Win32_UI_WindowsAndMessaging\", \"Win32_UI_Wpf\", \"Win32_Web\", \"Win32_Web_InternetExplorer\", \"default\"))" -C metadata=74bc9342ed3a6e8a -C extra-filename=-5853d4cc87665ec9 --out-dir D:\a\explorer-rs\explorer-rs\target\debug\deps -L dependency=D:\a\explorer-rs\explorer-rs\target\debug\deps --extern windows_targets=D:\a\explorer-rs\explorer-rs\target\debug\deps\libwindows_targets-f3d1e8a02c1ee9f3.rmeta --cap-lints allow -L native=C:\Users\runneradmin\.cargo\registry\src\index.crates.io-1949cf8c6b5b557f\windows_x86_64_msvc-0.48.5\lib`
     Running `D:\a\explorer-rs\explorer-rs\target\debug\build\windows_x86_64_msvc-3af98b33bc20293e\build-script-build`
     Running `C:\Users\runneradmin\.rustup\toolchains\stable-x86_64-pc-windows-msvc\bin\rustc.exe --crate-name icu_normalizer_data --edition=2021 C:\Users\runneradmin\.cargo\registry\src\index.crates.io-1949cf8c6b5b557f\icu_normalizer_data-2.2.0\src\lib.rs --error-format=json --json=diagnostic-rendered-ansi,artifacts,future-incompat --crate-type lib --emit=dep-info,metadata -C embed-bitcode=no -C debuginfo=2 --warn=unexpected_cfgs --check-cfg cfg(icu4x_custom_data) --check-cfg cfg(docsrs,test) --check-cfg "cfg(feature, values())" -C metadata=357db087c037bdab -C extra-filename=-7ca20b7d368971f6 --out-dir D:\a\explorer-rs\explorer-rs\target\debug\deps -L dependency=D:\a\explorer-rs\explorer-rs\target\debug\deps --cap-lints allow --check-cfg cfg(icu4c_enable_renaming)`
     Running `C:\Users\runneradmin\.rustup\toolchains\stable-x86_64-pc-windows-msvc\bin\rustc.exe --crate-name icu_properties_data --edition=2021 C:\Users\runneradmin\.cargo\registry\src\index.crates.io-1949cf8c6b5b557f\icu_properties_data-2.2.0\src\lib.rs --error-format=json --json=diagnostic-rendered-ansi,artifacts,future-incompat --crate-type lib --emit=dep-info,metadata -C embed-bitcode=no -C debuginfo=2 --warn=unexpected_cfgs --check-cfg cfg(icu4x_custom_data) --check-cfg cfg(docsrs,test) --check-cfg "cfg(feature, values())" -C metadata=b0d2a63c81dde7da -C extra-filename=-141c333441e1f9f5 --out-dir D:\a\explorer-rs\explorer-rs\target\debug\deps -L dependency=D:\a\explorer-rs\explorer-rs\target\debug\deps --cap-lints allow --check-cfg cfg(icu4c_enable_renaming)`
     Running `C:\Users\runneradmin\.rustup\toolchains\stable-x86_64-pc-windows-msvc\bin\rustc.exe --crate-name khronos_api --edition=2015 C:\Users\runneradmin\.cargo\registry\src\index.crates.io-1949cf8c6b5b557f\khronos_api-3.1.0\src\lib.rs --error-format=json --json=diagnostic-rendered-ansi,artifacts,future-incompat --crate-type lib --emit=dep-info,metadata,link -C embed-bitcode=no --check-cfg cfg(docsrs,test) --check-cfg "cfg(feature, values())" -C metadata=b65b45b253e4c48f -C extra-filename=-9a535eb2be756480 --out-dir D:\a\explorer-rs\explorer-rs\target\debug\deps -L dependency=D:\a\explorer-rs\explorer-rs\target\debug\deps --cap-lints allow`
   Compiling find-msvc-tools v0.1.10
     Running `C:\Users\runneradmin\.rustup\toolchains\stable-x86_64-pc-windows-msvc\bin\rustc.exe --crate-name find_msvc_tools --edition=2021 C:\Users\runneradmin\.cargo\registry\src\index.crates.io-1949cf8c6b5b557f\find-msvc-tools-0.1.10\src\lib.rs --error-format=json --json=diagnostic-rendered-ansi,artifacts,future-incompat --crate-type lib --emit=dep-info,metadata,link -C embed-bitcode=no --allow=unexpected_cfgs --check-cfg cfg(disable_clang_cl_tests) --check-cfg cfg(docsrs,test) --check-cfg "cfg(feature, values())" -C metadata=14038c8b205edfee -C extra-filename=-979f2590328fca9d --out-dir D:\a\explorer-rs\explorer-rs\target\debug\deps -L dependency=D:\a\explorer-rs\explorer-rs\target\debug\deps --cap-lints allow`
     Running `C:\Users\runneradmin\.rustup\toolchains\stable-x86_64-pc-windows-msvc\bin\rustc.exe --crate-name log --edition=2021 C:\Users\runneradmin\.cargo\registry\src\index.crates.io-1949cf8c6b5b557f\log-0.4.33\src\lib.rs --error-format=json --json=diagnostic-rendered-ansi,artifacts,future-incompat --crate-type lib --emit=dep-info,metadata,link -C embed-bitcode=no --check-cfg cfg(docsrs,test) --check-cfg "cfg(feature, values(\"kv\", \"kv_serde\", \"kv_std\", \"kv_sval\", \"kv_unstable\", \"kv_unstable_serde\", \"kv_unstable_std\", \"kv_unstable_sval\", \"max_level_debug\", \"max_level_error\", \"max_level_info\", \"max_level_off\", \"max_level_trace\", \"max_level_warn\", \"release_max_level_debug\", \"release_max_level_error\", \"release_max_level_info\", \"release_max_level_off\", \"release_max_level_trace\", \"release_max_level_warn\", \"serde\", \"serde_core\", \"std\", \"sval\", \"sval_ref\", \"value-bag\"))" -C metadata=ca058226a7afaafb -C extra-filename=-cc20e27f6db79a22 --out-dir D:\a\explorer-rs\explorer-rs\target\debug\deps -L dependency=D:\a\explorer-rs\explorer-rs\target\debug\deps --cap-lints allow`
   Compiling shlex v2.0.1
     Running `C:\Users\runneradmin\.rustup\toolchains\stable-x86_64-pc-windows-msvc\bin\rustc.exe --crate-name shlex --edition=2018 C:\Users\runneradmin\.cargo\registry\src\index.crates.io-1949cf8c6b5b557f\shlex-2.0.1\src\lib.rs --error-format=json --json=diagnostic-rendered-ansi,artifacts,future-incompat --crate-type lib --emit=dep-info,metadata,link -C embed-bitcode=no --warn=unexpected_cfgs --check-cfg cfg(manual_codegen_check) --cfg "feature=\"default\"" --cfg "feature=\"std\"" --check-cfg cfg(docsrs,test) --check-cfg "cfg(feature, values(\"default\", \"std\"))" -C metadata=031940e5e6d440a6 -C extra-filename=-47b8ca8334a4ccc1 --out-dir D:\a\explorer-rs\explorer-rs\target\debug\deps -L dependency=D:\a\explorer-rs\explorer-rs\target\debug\deps --cap-lints allow`
   Compiling xml-rs v0.8.29
     Running `C:\Users\runneradmin\.rustup\toolchains\stable-x86_64-pc-windows-msvc\bin\rustc.exe --crate-name xml --edition=2021 C:\Users\runneradmin\.cargo\registry\src\index.crates.io-1949cf8c6b5b557f\xml-rs-0.8.29\src\lib.rs --error-format=json --json=diagnostic-rendered-ansi,artifacts,future-incompat --crate-type lib --emit=dep-info,metadata,link -C embed-bitcode=no --check-cfg cfg(docsrs,test) --check-cfg "cfg(feature, values())" -C metadata=d8681b058ce241c9 -C extra-filename=-e2093c26f6532c06 --out-dir D:\a\explorer-rs\explorer-rs\target\debug\deps -L dependency=D:\a\explorer-rs\explorer-rs\target\debug\deps --cap-lints allow`
   Compiling bytemuck_derive v1.12.0
     Running `C:\Users\runneradmin\.rustup\toolchains\stable-x86_64-pc-windows-msvc\bin\rustc.exe --crate-name bytemuck_derive --edition=2018 C:\Users\runneradmin\.cargo\registry\src\index.crates.io-1949cf8c6b5b557f\bytemuck_derive-1.12.0\src\lib.rs --error-format=json --json=diagnostic-rendered-ansi,artifacts,future-incompat --crate-type proc-macro --emit=dep-info,link -C prefer-dynamic -C embed-bitcode=no --check-cfg cfg(docsrs,test) --check-cfg "cfg(feature, values())" -C metadata=a5dfe0a9dfa9a31d -C extra-filename=-fa214d6e241d4dc5 --out-dir D:\a\explorer-rs\explorer-rs\target\debug\deps -L dependency=D:\a\explorer-rs\explorer-rs\target\debug\deps --extern proc_macro2=D:\a\explorer-rs\explorer-rs\target\debug\deps\libproc_macro2-22100c612bae5151.rlib --extern quote=D:\a\explorer-rs\explorer-rs\target\debug\deps\libquote-94bf10c687cf4128.rlib --extern syn=D:\a\explorer-rs\explorer-rs\target\debug\deps\libsyn-1c10985ae4c2e62a.rlib --extern proc_macro --cap-lints allow`
   Compiling displaydoc v0.2.7
     Running `C:\Users\runneradmin\.rustup\toolchains\stable-x86_64-pc-windows-msvc\bin\rustc.exe --crate-name displaydoc --edition=2021 C:\Users\runneradmin\.cargo\registry\src\index.crates.io-1949cf8c6b5b557f\displaydoc-0.2.7\src\lib.rs --error-format=json --json=diagnostic-rendered-ansi,artifacts,future-incompat --crate-type proc-macro --emit=dep-info,link -C prefer-dynamic -C embed-bitcode=no --check-cfg cfg(docsrs,test) --check-cfg "cfg(feature, values(\"default\", \"std\"))" -C metadata=e50ce8e8001160e1 -C extra-filename=-82d414fa1e79cef8 --out-dir D:\a\explorer-rs\explorer-rs\target\debug\deps -L dependency=D:\a\explorer-rs\explorer-rs\target\debug\deps --extern proc_macro2=D:\a\explorer-rs\explorer-rs\target\debug\deps\libproc_macro2-22100c612bae5151.rlib --extern quote=D:\a\explorer-rs\explorer-rs\target\debug\deps\libquote-94bf10c687cf4128.rlib --extern syn=D:\a\explorer-rs\explorer-rs\target\debug\deps\libsyn-1c10985ae4c2e62a.rlib --extern proc_macro --cap-lints allow`
   Compiling synstructure v0.13.2
     Running `C:\Users\runneradmin\.rustup\toolchains\stable-x86_64-pc-windows-msvc\bin\rustc.exe --crate-name synstructure --edition=2018 C:\Users\runneradmin\.cargo\registry\src\index.crates.io-1949cf8c6b5b557f\synstructure-0.13.2\src\lib.rs --error-format=json --json=diagnostic-rendered-ansi,artifacts,future-incompat --crate-type lib --emit=dep-info,metadata,link -C embed-bitcode=no --cfg "feature=\"default\"" --cfg "feature=\"proc-macro\"" --check-cfg cfg(docsrs,test) --check-cfg "cfg(feature, values(\"default\", \"proc-macro\"))" -C metadata=8663a01da94815c9 -C extra-filename=-796af497bb0bb745 --out-dir D:\a\explorer-rs\explorer-rs\target\debug\deps -L dependency=D:\a\explorer-rs\explorer-rs\target\debug\deps --extern proc_macro2=D:\a\explorer-rs\explorer-rs\target\debug\deps\libproc_macro2-22100c612bae5151.rmeta --extern quote=D:\a\explorer-rs\explorer-rs\target\debug\deps\libquote-94bf10c687cf4128.rmeta --extern syn=D:\a\explorer-rs\explorer-rs\target\debug\deps\libsyn-7eed1106492f4f2c.rmeta --cap-lints allow`
    Checking bytemuck v1.25.2
     Running `C:\Users\runneradmin\.rustup\toolchains\stable-x86_64-pc-windows-msvc\bin\rustc.exe --crate-name bytemuck --edition=2018 C:\Users\runneradmin\.cargo\registry\src\index.crates.io-1949cf8c6b5b557f\bytemuck-1.25.2\src\lib.rs --error-format=json --json=diagnostic-rendered-ansi,artifacts,future-incompat --crate-type lib --emit=dep-info,metadata -C embed-bitcode=no -C debuginfo=2 --deny=unexpected_cfgs --check-cfg "cfg(target_arch, values(\"spirv\"))" --cfg "feature=\"aarch64_simd\"" --cfg "feature=\"bytemuck_derive\"" --cfg "feature=\"derive\"" --cfg "feature=\"extern_crate_alloc\"" --check-cfg cfg(docsrs,test) --check-cfg "cfg(feature, values(\"aarch64_simd\", \"align_offset\", \"alloc_uninit\", \"avx512_simd\", \"bytemuck_derive\", \"const_zeroed\", \"derive\", \"extern_crate_alloc\", \"extern_crate_std\", \"impl_core_error\", \"latest_stable_rust\", \"min_const_generics\", \"must_cast\", \"must_cast_extra\", \"nightly_docs\", \"nightly_float\", \"nightly_portable_simd\", \"nightly_stdsimd\", \"pod_saturating\", \"rustversion\", \"track_caller\", \"transparentwrapper_extra\", \"unsound_ptr_pod_impl\", \"wasm_simd\", \"zeroable_atomics\", \"zeroable_maybe_uninit\", \"zeroable_unwind_fn\"))" -C metadata=1a8182841d1583fb -C extra-filename=-fec5a5cab6e47577 --out-dir D:\a\explorer-rs\explorer-rs\target\debug\deps -L dependency=D:\a\explorer-rs\explorer-rs\target\debug\deps --extern bytemuck_derive=D:\a\explorer-rs\explorer-rs\target\debug\deps\bytemuck_derive-fa214d6e241d4dc5.dll --cap-lints allow`
   Compiling serde_derive v1.0.229
     Running `C:\Users\runneradmin\.rustup\toolchains\stable-x86_64-pc-windows-msvc\bin\rustc.exe --crate-name serde_derive --edition=2021 C:\Users\runneradmin\.cargo\registry\src\index.crates.io-1949cf8c6b5b557f\serde_derive-1.0.229\src\lib.rs --error-format=json --json=diagnostic-rendered-ansi,artifacts,future-incompat --crate-type proc-macro --emit=dep-info,link -C prefer-dynamic -C embed-bitcode=no --cfg "feature=\"default\"" --check-cfg cfg(docsrs,test) --check-cfg "cfg(feature, values(\"default\", \"deserialize_in_place\"))" -C metadata=a7a9d320115fd9ad -C extra-filename=-4d9357954a5761fc --out-dir D:\a\explorer-rs\explorer-rs\target\debug\deps -L dependency=D:\a\explorer-rs\explorer-rs\target\debug\deps --extern proc_macro2=D:\a\explorer-rs\explorer-rs\target\debug\deps\libproc_macro2-22100c612bae5151.rlib --extern quote=D:\a\explorer-rs\explorer-rs\target\debug\deps\libquote-94bf10c687cf4128.rlib --extern syn=D:\a\explorer-rs\explorer-rs\target\debug\deps\libsyn-1c10985ae4c2e62a.rlib --extern proc_macro --cap-lints allow`
   Compiling gl_generator v0.14.0
     Running `C:\Users\runneradmin\.rustup\toolchains\stable-x86_64-pc-windows-msvc\bin\rustc.exe --crate-name gl_generator --edition=2015 C:\Users\runneradmin\.cargo\registry\src\index.crates.io-1949cf8c6b5b557f\gl_generator-0.14.0\lib.rs --error-format=json --json=diagnostic-rendered-ansi,artifacts,future-incompat --crate-type lib --emit=dep-info,metadata,link -C embed-bitcode=no --check-cfg cfg(docsrs,test) --check-cfg "cfg(feature, values(\"unstable_generator_utils\"))" -C metadata=234b32902180fdf0 -C extra-filename=-e23af95a60fd846d --out-dir D:\a\explorer-rs\explorer-rs\target\debug\deps -L dependency=D:\a\explorer-rs\explorer-rs\target\debug\deps --extern khronos_api=D:\a\explorer-rs\explorer-rs\target\debug\deps\libkhronos_api-9a535eb2be756480.rmeta --extern log=D:\a\explorer-rs\explorer-rs\target\debug\deps\liblog-cc20e27f6db79a22.rmeta --extern xml=D:\a\explorer-rs\explorer-rs\target\debug\deps\libxml-e2093c26f6532c06.rmeta --cap-lints allow`
   Compiling cc v1.4.2
     Running `C:\Users\runneradmin\.rustup\toolchains\stable-x86_64-pc-windows-msvc\bin\rustc.exe --crate-name cc --edition=2021 C:\Users\runneradmin\.cargo\registry\src\index.crates.io-1949cf8c6b5b557f\cc-1.4.2\src\lib.rs --error-format=json --json=diagnostic-rendered-ansi,artifacts,future-incompat --crate-type lib --emit=dep-info,metadata,link -C embed-bitcode=no --allow=unexpected_cfgs --check-cfg cfg(disable_clang_cl_tests) --check-cfg cfg(docsrs,test) --check-cfg "cfg(feature, values(\"jobserver\", \"parallel\"))" -C metadata=a5ea7087cc29a364 -C extra-filename=-3d9bfb9439dbf13f --out-dir D:\a\explorer-rs\explorer-rs\target\debug\deps -L dependency=D:\a\explorer-rs\explorer-rs\target\debug\deps --extern find_msvc_tools=D:\a\explorer-rs\explorer-rs\target\debug\deps\libfind_msvc_tools-979f2590328fca9d.rmeta --extern shlex=D:\a\explorer-rs\explorer-rs\target\debug\deps\libshlex-47b8ca8334a4ccc1.rmeta --cap-lints allow`
     Running `C:\Users\runneradmin\.rustup\toolchains\stable-x86_64-pc-windows-msvc\bin\rustc.exe --crate-name windows_x86_64_msvc --edition=2021 C:\Users\runneradmin\.cargo\registry\src\index.crates.io-1949cf8c6b5b557f\windows_x86_64_msvc-0.52.6\src\lib.rs --error-format=json --json=diagnostic-rendered-ansi,artifacts,future-incompat --crate-type lib --emit=dep-info,metadata -C embed-bitcode=no -C debuginfo=2 --check-cfg cfg(docsrs,test) --check-cfg "cfg(feature, values())" -C metadata=fa238cb949ff37fd -C extra-filename=-5077344fe4a51f02 --out-dir D:\a\explorer-rs\explorer-rs\target\debug\deps -L dependency=D:\a\explorer-rs\explorer-rs\target\debug\deps --cap-lints allow -L native=C:\Users\runneradmin\.cargo\registry\src\index.crates.io-1949cf8c6b5b557f\windows_x86_64_msvc-0.52.6\lib`
   Compiling parking_lot_core v0.9.12
     Running `C:\Users\runneradmin\.rustup\toolchains\stable-x86_64-pc-windows-msvc\bin\rustc.exe --crate-name build_script_build --edition=2021 C:\Users\runneradmin\.cargo\registry\src\index.crates.io-1949cf8c6b5b557f\parking_lot_core-0.9.12\build.rs --error-format=json --json=diagnostic-rendered-ansi,artifacts,future-incompat --crate-type bin --emit=dep-info,link -C embed-bitcode=no --check-cfg cfg(docsrs,test) --check-cfg "cfg(feature, values(\"backtrace\", \"deadlock_detection\", \"nightly\", \"petgraph\"))" -C metadata=24a33a290ebdf808 -C extra-filename=-a910ad1d695a9740 --out-dir D:\a\explorer-rs\explorer-rs\target\debug\build\parking_lot_core-a910ad1d695a9740 -L dependency=D:\a\explorer-rs\explorer-rs\target\debug\deps --cap-lints allow`
    Checking scopeguard v1.2.0
     Running `C:\Users\runneradmin\.rustup\toolchains\stable-x86_64-pc-windows-msvc\bin\rustc.exe --crate-name scopeguard --edition=2015 C:\Users\runneradmin\.cargo\registry\src\index.crates.io-1949cf8c6b5b557f\scopeguard-1.2.0\src\lib.rs --error-format=json --json=diagnostic-rendered-ansi,artifacts,future-incompat --crate-type lib --emit=dep-info,metadata -C embed-bitcode=no -C debuginfo=2 --cfg "feature=\"default\"" --cfg "feature=\"use_std\"" --check-cfg cfg(docsrs,test) --check-cfg "cfg(feature, values(\"default\", \"use_std\"))" -C metadata=70e837e010844d03 -C extra-filename=-7594c11dd7087884 --out-dir D:\a\explorer-rs\explorer-rs\target\debug\deps -L dependency=D:\a\explorer-rs\explorer-rs\target\debug\deps --cap-lints allow`
   Compiling zerocopy v0.8.56
     Running `C:\Users\runneradmin\.rustup\toolchains\stable-x86_64-pc-windows-msvc\bin\rustc.exe --crate-name build_script_build --edition=2021 C:\Users\runneradmin\.cargo\registry\src\index.crates.io-1949cf8c6b5b557f\zerocopy-0.8.56\build.rs --error-format=json --json=diagnostic-rendered-ansi,artifacts,future-incompat --crate-type bin --emit=dep-info,link -C embed-bitcode=no --cfg "feature=\"simd\"" --check-cfg cfg(docsrs,test) --check-cfg "cfg(feature, values(\"__internal_use_only_features_that_work_on_stable\", \"alloc\", \"derive\", \"float-nightly\", \"simd\", \"simd-nightly\", \"std\", \"zerocopy-derive\"))" -C metadata=fe25a22ff86c9fbf -C extra-filename=-cb5f4717b38e154a --out-dir D:\a\explorer-rs\explorer-rs\target\debug\build\zerocopy-cb5f4717b38e154a -L dependency=D:\a\explorer-rs\explorer-rs\target\debug\deps --cap-lints allow`
   Compiling zerofrom-derive v0.1.7
     Running `C:\Users\runneradmin\.rustup\toolchains\stable-x86_64-pc-windows-msvc\bin\rustc.exe --crate-name zerofrom_derive --edition=2021 C:\Users\runneradmin\.cargo\registry\src\index.crates.io-1949cf8c6b5b557f\zerofrom-derive-0.1.7\src\lib.rs --error-format=json --json=diagnostic-rendered-ansi,artifacts,future-incompat --crate-type proc-macro --emit=dep-info,link -C prefer-dynamic -C embed-bitcode=no --warn=clippy::wildcard_dependencies --warn=clippy::useless_transmute --warn=unused_qualifications --warn=unused_macro_rules --warn=unused_lifetimes --warn=clippy::unnecessary-wraps --warn=unexpected_cfgs --deny=clippy::trivially_copy_pass_by_ref --deny=trivial_numeric_casts --warn=clippy::transmutes_expressible_as_ptr_casts --warn=clippy::transmute_undefined_repr --warn=clippy::transmute_ptr_to_ref --warn=clippy::transmute_ptr_to_ptr --warn=clippy::transmute_int_to_non_zero --warn=clippy::transmute_int_to_bool --warn=clippy::transmute_bytes_to_str --warn=clippy::todo --warn=clippy::same_functions_in_if_condition --warn=clippy::or-fun-call --warn=clippy::negative_feature_names --warn=clippy::missing_transmute_annotations --warn=clippy::missing_fields_in_debug --deny=missing_debug_implementations --warn=clippy::mismatching_type_param_order --warn=clippy::large_stack_arrays --warn=clippy::infinite_loop --warn=clippy::fn_to_numeric_cast_any --deny=clippy::exhaustive_structs --deny=clippy::exhaustive_enums --warn=clippy::doc_markdown --warn=clippy::debug_assert_with_mut_call --warn=clippy::dbg_macro --warn=clippy::crosspointer_transmute --warn=clippy::collection_is_never_read --warn=clippy::branches-sharing-code --warn=clippy::alloc-instead-of-core --check-cfg cfg(icu4c_enable_renaming) --check-cfg cfg(needs_alloc_error_handler) --check-cfg cfg(icu4x_run_size_tests) --check-cfg cfg(icu4x_unstable_fast_trie_only) --check-cfg cfg(docsrs,test) --check-cfg "cfg(feature, values())" -C metadata=d6c77e34e78f0829 -C extra-filename=-feb96192bbe248ce --out-dir D:\a\explorer-rs\explorer-rs\target\debug\deps -L dependency=D:\a\explorer-rs\explorer-rs\target\debug\deps --extern proc_macro2=D:\a\explorer-rs\explorer-rs\target\debug\deps\libproc_macro2-22100c612bae5151.rlib --extern quote=D:\a\explorer-rs\explorer-rs\target\debug\deps\libquote-94bf10c687cf4128.rlib --extern syn=D:\a\explorer-rs\explorer-rs\target\debug\deps\libsyn-7eed1106492f4f2c.rlib --extern synstructure=D:\a\explorer-rs\explorer-rs\target\debug\deps\libsynstructure-796af497bb0bb745.rlib --extern proc_macro --cap-lints allow`
   Compiling yoke-derive v0.8.2
     Running `C:\Users\runneradmin\.rustup\toolchains\stable-x86_64-pc-windows-msvc\bin\rustc.exe --crate-name yoke_derive --edition=2021 C:\Users\runneradmin\.cargo\registry\src\index.crates.io-1949cf8c6b5b557f\yoke-derive-0.8.2\src\lib.rs --error-format=json --json=diagnostic-rendered-ansi,artifacts,future-incompat --crate-type proc-macro --emit=dep-info,link -C prefer-dynamic -C embed-bitcode=no --warn=clippy::wildcard_dependencies --warn=clippy::useless_transmute --warn=unused_qualifications --warn=unused_macro_rules --warn=unused_lifetimes --warn=clippy::unnecessary-wraps --warn=unexpected_cfgs --deny=clippy::trivially_copy_pass_by_ref --deny=trivial_numeric_casts --warn=clippy::transmutes_expressible_as_ptr_casts --warn=clippy::transmute_undefined_repr --warn=clippy::transmute_ptr_to_ref --warn=clippy::transmute_ptr_to_ptr --warn=clippy::transmute_int_to_non_zero --warn=clippy::transmute_int_to_bool --warn=clippy::transmute_bytes_to_str --warn=clippy::todo --warn=clippy::same_functions_in_if_condition --warn=clippy::or-fun-call --warn=clippy::negative_feature_names --warn=clippy::missing_transmute_annotations --warn=clippy::missing_fields_in_debug --deny=missing_debug_implementations --warn=clippy::mismatching_type_param_order --warn=clippy::large_stack_arrays --warn=clippy::infinite_loop --warn=clippy::fn_to_numeric_cast_any --deny=clippy::exhaustive_structs --deny=clippy::exhaustive_enums --warn=clippy::doc_markdown --warn=clippy::debug_assert_with_mut_call --warn=clippy::dbg_macro --warn=clippy::crosspointer_transmute --warn=clippy::collection_is_never_read --warn=clippy::branches-sharing-code --warn=clippy::alloc-instead-of-core --check-cfg cfg(icu4c_enable_renaming) --check-cfg cfg(needs_alloc_error_handler) --check-cfg cfg(icu4x_run_size_tests) --check-cfg cfg(icu4x_unstable_fast_trie_only) --check-cfg cfg(docsrs,test) --check-cfg "cfg(feature, values())" -C metadata=539c00cd7d2c7780 -C extra-filename=-3c28c41a5564616a --out-dir D:\a\explorer-rs\explorer-rs\target\debug\deps -L dependency=D:\a\explorer-rs\explorer-rs\target\debug\deps --extern proc_macro2=D:\a\explorer-rs\explorer-rs\target\debug\deps\libproc_macro2-22100c612bae5151.rlib --extern quote=D:\a\explorer-rs\explorer-rs\target\debug\deps\libquote-94bf10c687cf4128.rlib --extern syn=D:\a\explorer-rs\explorer-rs\target\debug\deps\libsyn-7eed1106492f4f2c.rlib --extern synstructure=D:\a\explorer-rs\explorer-rs\target\debug\deps\libsynstructure-796af497bb0bb745.rlib --extern proc_macro --cap-lints allow`
   Compiling zerovec-derive v0.11.3
     Running `C:\Users\runneradmin\.rustup\toolchains\stable-x86_64-pc-windows-msvc\bin\rustc.exe --crate-name zerovec_derive --edition=2021 C:\Users\runneradmin\.cargo\registry\src\index.crates.io-1949cf8c6b5b557f\zerovec-derive-0.11.3\src\lib.rs --error-format=json --json=diagnostic-rendered-ansi,artifacts,future-incompat --crate-type proc-macro --emit=dep-info,link -C prefer-dynamic -C embed-bitcode=no --warn=clippy::wildcard_dependencies --warn=clippy::useless_transmute --warn=unused_qualifications --warn=unused_macro_rules --warn=unused_lifetimes --warn=clippy::unnecessary-wraps --warn=unexpected_cfgs --deny=clippy::trivially_copy_pass_by_ref --deny=trivial_numeric_casts --warn=clippy::transmutes_expressible_as_ptr_casts --warn=clippy::transmute_undefined_repr --warn=clippy::transmute_ptr_to_ref --warn=clippy::transmute_ptr_to_ptr --warn=clippy::transmute_int_to_non_zero --warn=clippy::transmute_int_to_bool --warn=clippy::transmute_bytes_to_str --warn=clippy::todo --warn=clippy::same_functions_in_if_condition --warn=clippy::or-fun-call --warn=clippy::negative_feature_names --warn=clippy::missing_transmute_annotations --warn=clippy::missing_fields_in_debug --deny=missing_debug_implementations --warn=clippy::mismatching_type_param_order --warn=clippy::large_stack_arrays --warn=clippy::infinite_loop --warn=clippy::fn_to_numeric_cast_any --deny=clippy::exhaustive_structs --deny=clippy::exhaustive_enums --warn=clippy::doc_markdown --warn=clippy::debug_assert_with_mut_call --warn=clippy::dbg_macro --warn=clippy::crosspointer_transmute --warn=clippy::collection_is_never_read --warn=clippy::branches-sharing-code --warn=clippy::alloc-instead-of-core --check-cfg cfg(icu4c_enable_renaming) --check-cfg cfg(needs_alloc_error_handler) --check-cfg cfg(icu4x_run_size_tests) --check-cfg cfg(icu4x_unstable_fast_trie_only) --check-cfg cfg(docsrs,test) --check-cfg "cfg(feature, values())" -C metadata=d27a1d02fa3ffda9 -C extra-filename=-ab116bda64396fb1 --out-dir D:\a\explorer-rs\explorer-rs\target\debug\deps -L dependency=D:\a\explorer-rs\explorer-rs\target\debug\deps --extern proc_macro2=D:\a\explorer-rs\explorer-rs\target\debug\deps\libproc_macro2-22100c612bae5151.rlib --extern quote=D:\a\explorer-rs\explorer-rs\target\debug\deps\libquote-94bf10c687cf4128.rlib --extern syn=D:\a\explorer-rs\explorer-rs\target\debug\deps\libsyn-7eed1106492f4f2c.rlib --extern proc_macro --cap-lints allow`
    Checking zerofrom v0.1.8
     Running `C:\Users\runneradmin\.rustup\toolchains\stable-x86_64-pc-windows-msvc\bin\rustc.exe --crate-name zerofrom --edition=2021 C:\Users\runneradmin\.cargo\registry\src\index.crates.io-1949cf8c6b5b557f\zerofrom-0.1.8\src\lib.rs --error-format=json --json=diagnostic-rendered-ansi,artifacts,future-incompat --crate-type lib --emit=dep-info,metadata -C embed-bitcode=no -C debuginfo=2 --warn=clippy::wildcard_dependencies --warn=clippy::useless_transmute --warn=unused_qualifications --warn=unused_macro_rules --warn=unused_lifetimes --warn=clippy::unnecessary-wraps --warn=unexpected_cfgs --deny=clippy::trivially_copy_pass_by_ref --deny=trivial_numeric_casts --warn=clippy::transmutes_expressible_as_ptr_casts --warn=clippy::transmute_undefined_repr --warn=clippy::transmute_ptr_to_ref --warn=clippy::transmute_ptr_to_ptr --warn=clippy::transmute_int_to_non_zero --warn=clippy::transmute_int_to_bool --warn=clippy::transmute_bytes_to_str --warn=clippy::todo --warn=clippy::same_functions_in_if_condition --warn=clippy::or-fun-call --warn=clippy::negative_feature_names --warn=clippy::missing_transmute_annotations --warn=clippy::missing_fields_in_debug --deny=missing_debug_implementations --warn=clippy::mismatching_type_param_order --warn=clippy::large_stack_arrays --warn=clippy::infinite_loop --warn=clippy::fn_to_numeric_cast_any --deny=clippy::exhaustive_structs --deny=clippy::exhaustive_enums --warn=clippy::doc_markdown --warn=clippy::debug_assert_with_mut_call --warn=clippy::dbg_macro --warn=clippy::crosspointer_transmute --warn=clippy::collection_is_never_read --warn=clippy::branches-sharing-code --allow=clippy::bool-assert-comparison --warn=clippy::alloc-instead-of-core --check-cfg cfg(icu4c_enable_renaming) --check-cfg cfg(needs_alloc_error_handler) --check-cfg cfg(icu4x_run_size_tests) --check-cfg cfg(icu4x_unstable_fast_trie_only) --cfg "feature=\"derive\"" --check-cfg cfg(docsrs,test) --check-cfg "cfg(feature, values(\"alloc\", \"default\", \"derive\"))" -C metadata=de77fc1a1711587f -C extra-filename=-e83077f779e9faa0 --out-dir D:\a\explorer-rs\explorer-rs\target\debug\deps -L dependency=D:\a\explorer-rs\explorer-rs\target\debug\deps --extern zerofrom_derive=D:\a\explorer-rs\explorer-rs\target\debug\deps\zerofrom_derive-feb96192bbe248ce.dll --cap-lints allow`
   Compiling ring v0.17.14
     Running `C:\Users\runneradmin\.rustup\toolchains\stable-x86_64-pc-windows-msvc\bin\rustc.exe --crate-name build_script_build --edition=2021 C:\Users\runneradmin\.cargo\registry\src\index.crates.io-1949cf8c6b5b557f\ring-0.17.14\build.rs --error-format=json --json=diagnostic-rendered-ansi,artifacts,future-incompat --crate-type bin --emit=dep-info,link -C embed-bitcode=no --cfg "feature=\"alloc\"" --cfg "feature=\"default\"" --cfg "feature=\"dev_urandom_fallback\"" --check-cfg cfg(docsrs,test) --check-cfg "cfg(feature, values(\"alloc\", \"default\", \"dev_urandom_fallback\", \"less-safe-getrandom-custom-or-rdrand\", \"less-safe-getrandom-espidf\", \"slow_tests\", \"std\", \"test_logging\", \"unstable-testing-arm-no-hw\", \"unstable-testing-arm-no-neon\", \"wasm32_unknown_unknown_js\"))" -C metadata=9d81d2b44b0f65e9 -C extra-filename=-575849db094d645e --out-dir D:\a\explorer-rs\explorer-rs\target\debug\build\ring-575849db094d645e -L dependency=D:\a\explorer-rs\explorer-rs\target\debug\deps --extern cc=D:\a\explorer-rs\explorer-rs\target\debug\deps\libcc-3d9bfb9439dbf13f.rlib --cap-lints allow`
    Checking yoke v0.8.3
     Running `C:\Users\runneradmin\.rustup\toolchains\stable-x86_64-pc-windows-msvc\bin\rustc.exe --crate-name yoke --edition=2021 C:\Users\runneradmin\.cargo\registry\src\index.crates.io-1949cf8c6b5b557f\yoke-0.8.3\src\lib.rs --error-format=json --json=diagnostic-rendered-ansi,artifacts,future-incompat --crate-type lib --emit=dep-info,metadata -C embed-bitcode=no -C debuginfo=2 --warn=clippy::wildcard_dependencies --warn=clippy::useless_transmute --warn=unused_qualifications --warn=unused_macro_rules --warn=unused_lifetimes --warn=clippy::unnecessary-wraps --warn=unexpected_cfgs --deny=clippy::trivially_copy_pass_by_ref --deny=trivial_numeric_casts --warn=clippy::transmutes_expressible_as_ptr_casts --warn=clippy::transmute_undefined_repr --warn=clippy::transmute_ptr_to_ref --warn=clippy::transmute_ptr_to_ptr --warn=clippy::transmute_int_to_non_zero --warn=clippy::transmute_int_to_bool --warn=clippy::transmute_bytes_to_str --warn=clippy::todo --warn=clippy::same_functions_in_if_condition --warn=clippy::or-fun-call --warn=clippy::negative_feature_names --warn=clippy::missing_transmute_annotations --warn=clippy::missing_fields_in_debug --deny=missing_debug_implementations --warn=clippy::mismatching_type_param_order --warn=clippy::large_stack_arrays --warn=clippy::infinite_loop --warn=clippy::fn_to_numeric_cast_any --deny=clippy::exhaustive_structs --deny=clippy::exhaustive_enums --warn=clippy::doc_markdown --warn=clippy::debug_assert_with_mut_call --warn=clippy::dbg_macro --warn=clippy::crosspointer_transmute --warn=clippy::collection_is_never_read --warn=clippy::branches-sharing-code --allow=clippy::bool-assert-comparison --warn=clippy::alloc-instead-of-core --check-cfg cfg(icu4c_enable_renaming) --check-cfg cfg(needs_alloc_error_handler) --check-cfg cfg(icu4x_run_size_tests) --check-cfg cfg(icu4x_unstable_fast_trie_only) --cfg "feature=\"derive\"" --cfg "feature=\"zerofrom\"" --check-cfg cfg(docsrs,test) --check-cfg "cfg(feature, values(\"alloc\", \"default\", \"derive\", \"serde\", \"zerofrom\"))" -C metadata=e37792b4b494832b -C extra-filename=-0c493a94cf7a5628 --out-dir D:\a\explorer-rs\explorer-rs\target\debug\deps -L dependency=D:\a\explorer-rs\explorer-rs\target\debug\deps --extern stable_deref_trait=D:\a\explorer-rs\explorer-rs\target\debug\deps\libstable_deref_trait-05a572b0b8958ac6.rmeta --extern yoke_derive=D:\a\explorer-rs\explorer-rs\target\debug\deps\yoke_derive-3c28c41a5564616a.dll --extern zerofrom=D:\a\explorer-rs\explorer-rs\target\debug\deps\libzerofrom-e83077f779e9faa0.rmeta --cap-lints allow`
    Checking zerotrie v0.2.4
     Running `C:\Users\runneradmin\.rustup\toolchains\stable-x86_64-pc-windows-msvc\bin\rustc.exe --crate-name zerotrie --edition=2021 C:\Users\runneradmin\.cargo\registry\src\index.crates.io-1949cf8c6b5b557f\zerotrie-0.2.4\src\lib.rs --error-format=json --json=diagnostic-rendered-ansi,artifacts,future-incompat --crate-type lib --emit=dep-info,metadata -C embed-bitcode=no -C debuginfo=2 --warn=clippy::wildcard_dependencies --warn=clippy::useless_transmute --warn=unused_qualifications --warn=unused_macro_rules --warn=unused_lifetimes --warn=clippy::unnecessary-wraps --warn=unexpected_cfgs --deny=clippy::trivially_copy_pass_by_ref --deny=trivial_numeric_casts --warn=clippy::transmutes_expressible_as_ptr_casts --warn=clippy::transmute_undefined_repr --warn=clippy::transmute_ptr_to_ref --warn=clippy::transmute_ptr_to_ptr --warn=clippy::transmute_int_to_non_zero --warn=clippy::transmute_int_to_bool --warn=clippy::transmute_bytes_to_str --warn=clippy::todo --warn=clippy::same_functions_in_if_condition --warn=clippy::or-fun-call --warn=clippy::negative_feature_names --warn=clippy::missing_transmute_annotations --warn=clippy::missing_fields_in_debug --deny=missing_debug_implementations --warn=clippy::mismatching_type_param_order --warn=clippy::large_stack_arrays --warn=clippy::infinite_loop --warn=clippy::fn_to_numeric_cast_any --deny=clippy::exhaustive_structs --deny=clippy::exhaustive_enums --warn=clippy::doc_markdown --warn=clippy::debug_assert_with_mut_call --warn=clippy::dbg_macro --warn=clippy::crosspointer_transmute --warn=clippy::collection_is_never_read --warn=clippy::branches-sharing-code --warn=clippy::alloc-instead-of-core --check-cfg cfg(icu4c_enable_renaming) --check-cfg cfg(needs_alloc_error_handler) --check-cfg cfg(icu4x_run_size_tests) --check-cfg cfg(icu4x_unstable_fast_trie_only) --cfg "feature=\"yoke\"" --cfg "feature=\"zerofrom\"" --check-cfg cfg(docsrs,test) --check-cfg "cfg(feature, values(\"alloc\", \"databake\", \"default\", \"dense\", \"litemap\", \"serde\", \"yoke\", \"zerofrom\", \"zerovec\"))" -C metadata=6b1d3157fec11047 -C extra-filename=-4ae84032de70c865 --out-dir D:\a\explorer-rs\explorer-rs\target\debug\deps -L dependency=D:\a\explorer-rs\explorer-rs\target\debug\deps --extern displaydoc=D:\a\explorer-rs\explorer-rs\target\debug\deps\displaydoc-82d414fa1e79cef8.dll --extern yoke=D:\a\explorer-rs\explorer-rs\target\debug\deps\libyoke-0c493a94cf7a5628.rmeta --extern zerofrom=D:\a\explorer-rs\explorer-rs\target\debug\deps\libzerofrom-e83077f779e9faa0.rmeta --cap-lints allow`
     Running `D:\a\explorer-rs\explorer-rs\target\debug\build\zerocopy-cb5f4717b38e154a\build-script-build`
     Running `D:\a\explorer-rs\explorer-rs\target\debug\build\parking_lot_core-a910ad1d695a9740\build-script-build`
    Checking windows-targets v0.52.6
     Running `C:\Users\runneradmin\.rustup\toolchains\stable-x86_64-pc-windows-msvc\bin\rustc.exe --crate-name windows_targets --edition=2021 C:\Users\runneradmin\.cargo\registry\src\index.crates.io-1949cf8c6b5b557f\windows-targets-0.52.6\src\lib.rs --error-format=json --json=diagnostic-rendered-ansi,artifacts,future-incompat --crate-type lib --emit=dep-info,metadata -C embed-bitcode=no -C debuginfo=2 --warn=rust_2018_idioms --warn=unexpected_cfgs --warn=missing_docs --check-cfg "cfg(windows_raw_dylib, windows_debugger_visualizer, windows_slim_errors)" --check-cfg cfg(docsrs,test) --check-cfg "cfg(feature, values())" -C metadata=931c829147e94473 -C extra-filename=-dcbeea8d189d8782 --out-dir D:\a\explorer-rs\explorer-rs\target\debug\deps -L dependency=D:\a\explorer-rs\explorer-rs\target\debug\deps --extern windows_x86_64_msvc=D:\a\explorer-rs\explorer-rs\target\debug\deps\libwindows_x86_64_msvc-5077344fe4a51f02.rmeta --cap-lints allow -L native=C:\Users\runneradmin\.cargo\registry\src\index.crates.io-1949cf8c6b5b557f\windows_x86_64_msvc-0.52.6\lib`
   Compiling ahash v0.8.12
     Running `C:\Users\runneradmin\.rustup\toolchains\stable-x86_64-pc-windows-msvc\bin\rustc.exe --crate-name build_script_build --edition=2018 C:\Users\runneradmin\.cargo\registry\src\index.crates.io-1949cf8c6b5b557f\ahash-0.8.12\build.rs --error-format=json --json=diagnostic-rendered-ansi,artifacts,future-incompat --crate-type bin --emit=dep-info,link -C embed-bitcode=no --cfg "feature=\"no-rng\"" --cfg "feature=\"serde\"" --cfg "feature=\"std\"" --check-cfg cfg(docsrs,test) --check-cfg "cfg(feature, values(\"atomic-polyfill\", \"compile-time-rng\", \"const-random\", \"default\", \"getrandom\", \"nightly-arm-aes\", \"no-rng\", \"runtime-rng\", \"serde\", \"std\"))" -C metadata=d3f03239723c62fe -C extra-filename=-d9f02df098134a39 --out-dir D:\a\explorer-rs\explorer-rs\target\debug\build\ahash-d9f02df098134a39 -L dependency=D:\a\explorer-rs\explorer-rs\target\debug\deps --extern version_check=D:\a\explorer-rs\explorer-rs\target\debug\deps\libversion_check-09576d59a5be6705.rlib --cap-lints allow`
    Checking bitflags v2.13.1
     Running `C:\Users\runneradmin\.rustup\toolchains\stable-x86_64-pc-windows-msvc\bin\rustc.exe --crate-name bitflags --edition=2021 C:\Users\runneradmin\.cargo\registry\src\index.crates.io-1949cf8c6b5b557f\bitflags-2.13.1\src\lib.rs --error-format=json --json=diagnostic-rendered-ansi,artifacts,future-incompat --crate-type lib --emit=dep-info,metadata -C embed-bitcode=no -C debuginfo=2 --check-cfg cfg(docsrs,test) --check-cfg "cfg(feature, values(\"arbitrary\", \"bytemuck\", \"example_generated\", \"serde\", \"serde_core\", \"std\"))" -C metadata=be5f2ebf0277045c -C extra-filename=-81e80dace4817a82 --out-dir D:\a\explorer-rs\explorer-rs\target\debug\deps -L dependency=D:\a\explorer-rs\explorer-rs\target\debug\deps --cap-lints allow`
    Checking zerovec v0.11.6
     Running `C:\Users\runneradmin\.rustup\toolchains\stable-x86_64-pc-windows-msvc\bin\rustc.exe --crate-name zerovec --edition=2021 C:\Users\runneradmin\.cargo\registry\src\index.crates.io-1949cf8c6b5b557f\zerovec-0.11.6\src\lib.rs --error-format=json --json=diagnostic-rendered-ansi,artifacts,future-incompat --crate-type lib --emit=dep-info,metadata -C embed-bitcode=no -C debuginfo=2 --warn=clippy::wildcard_dependencies --warn=clippy::useless_transmute --warn=unused_qualifications --warn=unused_macro_rules --warn=unused_lifetimes --warn=clippy::unnecessary-wraps --warn=unexpected_cfgs --deny=clippy::trivially_copy_pass_by_ref --deny=trivial_numeric_casts --warn=clippy::transmutes_expressible_as_ptr_casts --warn=clippy::transmute_undefined_repr --warn=clippy::transmute_ptr_to_ref --warn=clippy::transmute_ptr_to_ptr --warn=clippy::transmute_int_to_non_zero --warn=clippy::transmute_int_to_bool --warn=clippy::transmute_bytes_to_str --warn=clippy::todo --warn=clippy::same_functions_in_if_condition --warn=clippy::or-fun-call --warn=clippy::negative_feature_names --warn=clippy::missing_transmute_annotations --warn=clippy::missing_fields_in_debug --deny=missing_debug_implementations --warn=clippy::mismatching_type_param_order --warn=clippy::large_stack_arrays --warn=clippy::infinite_loop --warn=clippy::fn_to_numeric_cast_any --deny=clippy::exhaustive_structs --deny=clippy::exhaustive_enums --warn=clippy::doc_markdown --warn=clippy::debug_assert_with_mut_call --warn=clippy::dbg_macro --warn=clippy::crosspointer_transmute --warn=clippy::collection_is_never_read --warn=clippy::branches-sharing-code --warn=clippy::alloc-instead-of-core --check-cfg cfg(icu4c_enable_renaming) --check-cfg cfg(needs_alloc_error_handler) --check-cfg cfg(icu4x_run_size_tests) --check-cfg cfg(icu4x_unstable_fast_trie_only) --cfg "feature=\"derive\"" --cfg "feature=\"yoke\"" --check-cfg cfg(docsrs,test) --check-cfg "cfg(feature, values(\"alloc\", \"databake\", \"derive\", \"hashmap\", \"schemars\", \"serde\", \"std\", \"yoke\"))" -C metadata=047fb87134add550 -C extra-filename=-cb9d9dd50429600a --out-dir D:\a\explorer-rs\explorer-rs\target\debug\deps -L dependency=D:\a\explorer-rs\explorer-rs\target\debug\deps --extern yoke=D:\a\explorer-rs\explorer-rs\target\debug\deps\libyoke-0c493a94cf7a5628.rmeta --extern zerofrom=D:\a\explorer-rs\explorer-rs\target\debug\deps\libzerofrom-e83077f779e9faa0.rmeta --extern zerovec_derive=D:\a\explorer-rs\explorer-rs\target\debug\deps\zerovec_derive-ab116bda64396fb1.dll --cap-lints allow`
    Checking zeroize v1.9.0
     Running `C:\Users\runneradmin\.rustup\toolchains\stable-x86_64-pc-windows-msvc\bin\rustc.exe --crate-name zeroize --edition=2024 C:\Users\runneradmin\.cargo\registry\src\index.crates.io-1949cf8c6b5b557f\zeroize-1.9.0\src\lib.rs --error-format=json --json=diagnostic-rendered-ansi,artifacts,future-incompat --crate-type lib --emit=dep-info,metadata -C embed-bitcode=no -C debuginfo=2 --warn=clippy::unwrap_used --warn=clippy::unwrap_in_result --warn=unused_qualifications --warn=unused_lifetimes --warn=clippy::unnecessary_safety_comment --warn=clippy::undocumented_unsafe_blocks --warn=clippy::trivially_copy_pass_by_ref --warn=trivial_numeric_casts --warn=trivial_casts --warn=clippy::std_instead_of_core --warn=clippy::std_instead_of_alloc --warn=clippy::semicolon_if_nothing_returned --warn=clippy::return_self_not_must_use --warn=clippy::ref_as_ptr --warn=clippy::redundant_closure_for_method_calls --warn=clippy::ptr_as_ptr --allow=clippy::needless_range_loop --warn=clippy::must_use_candidate --warn=clippy::mod_module_files --warn=clippy::missing_panics_doc --warn=clippy::missing_errors_doc --warn=missing_docs --warn=missing_debug_implementations --warn=missing_copy_implementations --warn=clippy::map_unwrap_or --warn=clippy::manual_assert --warn=clippy::implicit_saturating_sub --warn=clippy::from_iter_instead_of_collect --warn=clippy::doc_markdown --warn=clippy::checked_conversions --warn=clippy::cast_sign_loss --warn=clippy::cast_precision_loss --warn=clippy::cast_possible_wrap --warn=clippy::cast_possible_truncation --warn=clippy::cast_lossless --warn=clippy::borrow_as_ptr --cfg "feature=\"alloc\"" --cfg "feature=\"default\"" --check-cfg cfg(docsrs,test) --check-cfg "cfg(feature, values(\"aarch64\", \"alloc\", \"default\", \"derive\", \"serde\", \"simd\", \"std\", \"zeroize_derive\"))" -C metadata=226255df895ce3d8 -C extra-filename=-00defafb198adb5f --out-dir D:\a\explorer-rs\explorer-rs\target\debug\deps -L dependency=D:\a\explorer-rs\explorer-rs\target\debug\deps --cap-lints allow`
     Running `C:\Users\runneradmin\.rustup\toolchains\stable-x86_64-pc-windows-msvc\bin\rustc.exe --crate-name serde --edition=2021 C:\Users\runneradmin\.cargo\registry\src\index.crates.io-1949cf8c6b5b557f\serde-1.0.229\src\lib.rs --error-format=json --json=diagnostic-rendered-ansi,artifacts,future-incompat --crate-type lib --emit=dep-info,metadata -C embed-bitcode=no -C debuginfo=2 --cfg "feature=\"default\"" --cfg "feature=\"derive\"" --cfg "feature=\"rc\"" --cfg "feature=\"serde_derive\"" --cfg "feature=\"std\"" --check-cfg cfg(docsrs,test) --check-cfg "cfg(feature, values(\"alloc\", \"default\", \"derive\", \"rc\", \"serde_derive\", \"std\", \"unstable\"))" -C metadata=bed78c94bac5d53e -C extra-filename=-63bd8e0ed55c5871 --out-dir D:\a\explorer-rs\explorer-rs\target\debug\deps -L dependency=D:\a\explorer-rs\explorer-rs\target\debug\deps --extern serde_core=D:\a\explorer-rs\explorer-rs\target\debug\deps\libserde_core-2cc6d5400522de76.rmeta --extern serde_derive=D:\a\explorer-rs\explorer-rs\target\debug\deps\serde_derive-4d9357954a5761fc.dll --cap-lints allow --cfg if_docsrs_then_no_serde_core --check-cfg "cfg(feature, values(\"result\"))" --check-cfg cfg(if_docsrs_then_no_serde_core) --check-cfg cfg(no_core_cstr) --check-cfg cfg(no_core_error) --check-cfg cfg(no_core_net) --check-cfg cfg(no_core_num_saturating) --check-cfg cfg(no_diagnostic_namespace) --check-cfg cfg(no_serde_derive) --check-cfg cfg(no_std_atomic) --check-cfg cfg(no_std_atomic64) --check-cfg cfg(no_target_has_atomic)`
    Checking float-cmp v0.9.0
     Running `C:\Users\runneradmin\.rustup\toolchains\stable-x86_64-pc-windows-msvc\bin\rustc.exe --crate-name float_cmp --edition=2018 C:\Users\runneradmin\.cargo\registry\src\index.crates.io-1949cf8c6b5b557f\float-cmp-0.9.0\src\lib.rs --error-format=json --json=diagnostic-rendered-ansi,artifacts,future-incompat --crate-type lib --emit=dep-info,metadata -C embed-bitcode=no -C debuginfo=2 --cfg "feature=\"std\"" --check-cfg cfg(docsrs,test) --check-cfg "cfg(feature, values(\"default\", \"num-traits\", \"ratio\", \"std\"))" -C metadata=6c8606e487889b4d -C extra-filename=-b4df1a5825e4b5e6 --out-dir D:\a\explorer-rs\explorer-rs\target\debug\deps -L dependency=D:\a\explorer-rs\explorer-rs\target\debug\deps --cap-lints allow`
    Checking percent-encoding v2.3.2
     Running `C:\Users\runneradmin\.rustup\toolchains\stable-x86_64-pc-windows-msvc\bin\rustc.exe --crate-name percent_encoding --edition=2018 C:\Users\runneradmin\.cargo\registry\src\index.crates.io-1949cf8c6b5b557f\percent-encoding-2.3.2\src\lib.rs --error-format=json --json=diagnostic-rendered-ansi,artifacts,future-incompat --crate-type lib --emit=dep-info,metadata -C embed-bitcode=no -C debuginfo=2 --cfg "feature=\"alloc\"" --cfg "feature=\"std\"" --check-cfg cfg(docsrs,test) --check-cfg "cfg(feature, values(\"alloc\", \"default\", \"std\"))" -C metadata=651fda3f616b5637 -C extra-filename=-dfc46a9661696f85 --out-dir D:\a\explorer-rs\explorer-rs\target\debug\deps -L dependency=D:\a\explorer-rs\explorer-rs\target\debug\deps --cap-lints allow`
     Running `C:\Users\runneradmin\.rustup\toolchains\stable-x86_64-pc-windows-msvc\bin\rustc.exe --crate-name build_script_build --edition=2021 C:\Users\runneradmin\.cargo\registry\src\index.crates.io-1949cf8c6b5b557f\serde_core-1.0.229\build.rs --error-format=json --json=diagnostic-rendered-ansi,artifacts,future-incompat --crate-type bin --emit=dep-info,link -C embed-bitcode=no --cfg "feature=\"alloc\"" --cfg "feature=\"std\"" --check-cfg cfg(docsrs,test) --check-cfg "cfg(feature, values(\"alloc\", \"default\", \"rc\", \"result\", \"std\", \"unstable\"))" -C metadata=c41e3f3c835a0bbe -C extra-filename=-5c349537c1036311 --out-dir D:\a\explorer-rs\explorer-rs\target\debug\build\serde_core-5c349537c1036311 -L dependency=D:\a\explorer-rs\explorer-rs\target\debug\deps --cap-lints allow`
    Checking arrayvec v0.7.8
     Running `C:\Users\runneradmin\.rustup\toolchains\stable-x86_64-pc-windows-msvc\bin\rustc.exe --crate-name arrayvec --edition=2018 C:\Users\runneradmin\.cargo\registry\src\index.crates.io-1949cf8c6b5b557f\arrayvec-0.7.8\src\lib.rs --error-format=json --json=diagnostic-rendered-ansi,artifacts,future-incompat --crate-type lib --emit=dep-info,metadata -C embed-bitcode=no -C debuginfo=2 --check-cfg cfg(docsrs,test) --check-cfg "cfg(feature, values(\"borsh\", \"default\", \"serde\", \"std\", \"zeroize\"))" -C metadata=b493cb4004e2b26b -C extra-filename=-44e62195efcd9040 --out-dir D:\a\explorer-rs\explorer-rs\target\debug\deps -L dependency=D:\a\explorer-rs\explorer-rs\target\debug\deps --cap-lints allow`
    Checking ttf-parser v0.25.1
     Running `C:\Users\runneradmin\.rustup\toolchains\stable-x86_64-pc-windows-msvc\bin\rustc.exe --crate-name ttf_parser --edition=2018 C:\Users\runneradmin\.cargo\registry\src\index.crates.io-1949cf8c6b5b557f\ttf-parser-0.25.1\src\lib.rs --error-format=json --json=diagnostic-rendered-ansi,artifacts,future-incompat --crate-type lib --emit=dep-info,metadata -C embed-bitcode=no -C debuginfo=2 --cfg "feature=\"apple-layout\"" --cfg "feature=\"glyph-names\"" --cfg "feature=\"gvar-alloc\"" --cfg "feature=\"opentype-layout\"" --cfg "feature=\"std\"" --cfg "feature=\"variable-fonts\"" --check-cfg cfg(docsrs,test) --check-cfg "cfg(feature, values(\"apple-layout\", \"core_maths\", \"default\", \"glyph-names\", \"gvar-alloc\", \"no-std-float\", \"opentype-layout\", \"std\", \"variable-fonts\"))" -C metadata=e07ae80661f84453 -C extra-filename=-2e8d8919218424db --out-dir D:\a\explorer-rs\explorer-rs\target\debug\deps -L dependency=D:\a\explorer-rs\explorer-rs\target\debug\deps --cap-lints allow`
     Running `D:\a\explorer-rs\explorer-rs\target\debug\build\serde_core-5c349537c1036311\build-script-build`
    Checking emath v0.28.1
     Running `C:\Users\runneradmin\.rustup\toolchains\stable-x86_64-pc-windows-msvc\bin\rustc.exe --crate-name emath --edition=2021 C:\Users\runneradmin\.cargo\registry\src\index.crates.io-1949cf8c6b5b557f\emath-0.28.1\src\lib.rs --error-format=json --json=diagnostic-rendered-ansi,artifacts,future-incompat --crate-type lib --emit=dep-info,metadata -C embed-bitcode=no -C debuginfo=2 --warn=clippy::zero_sized_map_values --allow=clippy::wildcard_imports --warn=clippy::wildcard_dependencies --warn=clippy::verbose_file_reads --warn=clippy::useless_transmute --warn=clippy::use_self --allow=clippy::unwrap_used --warn=clippy::unused_self --warn=clippy::unused_rounding --allow=unused_qualifications --warn=clippy::unused_peekable --warn=unused_lifetimes --warn=unused_import_braces --warn=unused_extern_crates --warn=unsafe_op_in_unsafe_fn --deny=unsafe_code --warn=clippy::unnested_or_patterns --warn=clippy::unnecessary_wraps --warn=clippy::unnecessary_struct_initialization --warn=clippy::unnecessary_safety_doc --warn=clippy::unnecessary_box_returns --warn=clippy::uninlined_format_args --warn=clippy::uninhabited_references --warn=clippy::unimplemented --warn=clippy::undocumented_unsafe_blocks --warn=clippy::unchecked_duration_subtraction --warn=clippy::tuple_array_conversions --warn=trivial_numeric_casts --allow=trivial_casts --warn=clippy::trait_duplication_in_bounds --warn=clippy::trailing_empty_array --allow=clippy::too_many_lines --warn=clippy::todo --warn=clippy::suspicious_xor_used_as_pow --warn=clippy::suspicious_command_arg_space --warn=clippy::string_to_string --warn=clippy::string_lit_chars_any --warn=clippy::string_lit_as_bytes --warn=clippy::string_add_assign --warn=clippy::string_add --warn=clippy::str_to_string --warn=clippy::single_match_else --allow=clippy::significant_drop_tightening --allow=clippy::should_panic_without_expect --warn=semicolon_in_expressions_from_macros --warn=clippy::semicolon_if_nothing_returned --allow=clippy::self_named_module_files --warn=clippy::same_functions_in_if_condition --warn=rust_2021_prelude_collisions --warn=rust_2018_idioms --warn=clippy::rest_pat_in_fully_bound_structs --warn=clippy::ref_patterns --warn=clippy::ref_option_ref --warn=clippy::redundant_type_annotations --warn=clippy::readonly_write_lock --warn=clippy::rc_mutex --warn=clippy::pub_without_shorthand --warn=clippy::ptr_cast_constness --warn=clippy::ptr_as_ptr --allow=clippy::print_stderr --warn=clippy::path_buf_push_overwrite --warn=clippy::option_option --warn=nonstandard_style --warn=clippy::nonstandard_macro_braces --warn=clippy::negative_feature_names --warn=clippy::needless_pass_by_value --warn=clippy::needless_pass_by_ref_mut --warn=clippy::needless_for_each --warn=clippy::needless_continue --warn=clippy::needless_borrow --warn=clippy::mutex_integer --warn=clippy::mut_mut --warn=clippy::missing_safety_doc --warn=clippy::missing_errors_doc --warn=clippy::missing_enforced_import_renames --warn=rustdoc::missing_crate_level_docs --allow=clippy::missing_assert_message --warn=clippy::mismatching_type_param_order --warn=clippy::mismatched_target_os --warn=clippy::mem_forget --warn=clippy::match_wildcard_for_single_variants --warn=clippy::match_wild_err_arm --warn=clippy::match_same_arms --warn=clippy::match_on_vec_items --warn=clippy::match_bool --warn=clippy::map_unwrap_or --warn=clippy::map_flatten --warn=clippy::map_err_ignore --warn=clippy::manual_string_new --allow=clippy::manual_range_contains --warn=clippy::manual_ok_or --warn=clippy::manual_let_else --warn=clippy::manual_instant_elapsed --warn=clippy::manual_clamp --warn=clippy::manual_assert --warn=clippy::macro_use_imports --warn=clippy::lossy_float_literal --warn=clippy::linkedlist --warn=clippy::let_unit_value --allow=clippy::let_underscore_untyped --warn=clippy::large_types_passed_by_value --warn=clippy::large_stack_frames --warn=clippy::large_stack_arrays --warn=clippy::large_include_file --warn=clippy::large_digit_groups --warn=clippy::iter_without_into_iter --allow=clippy::iter_over_hash_type --warn=clippy::iter_on_single_items --warn=clippy::iter_on_empty_collections --warn=clippy::iter_not_returning_iterator --warn=clippy::invalid_upcast_comparisons --warn=clippy::into_iter_without_iter --warn=clippy::infinite_loop --warn=clippy::inefficient_to_string --warn=clippy::index_refutable_slice --warn=clippy::imprecise_flops --warn=clippy::implied_bounds_in_impls --warn=clippy::implicit_clone --warn=clippy::if_let_mutex --warn=clippy::get_unwrap --warn=future_incompatible --warn=clippy::from_iter_instead_of_collect --warn=clippy::fn_to_numeric_cast_any --warn=clippy::fn_params_excessive_bools --warn=clippy::float_cmp_const --warn=clippy::flat_map_option --warn=clippy::filter_map_next --warn=clippy::fallible_impl_from --warn=clippy::explicit_iter_loop --warn=clippy::explicit_into_iter_loop --warn=clippy::explicit_deref_methods --warn=clippy::expl_impl_clone_on_copy --warn=clippy::exit --warn=clippy::equatable_if_let --warn=clippy::enum_glob_use --warn=clippy::empty_enum --warn=elided_lifetimes_in_paths --warn=clippy::doc_markdown --warn=clippy::doc_link_with_quotes --warn=clippy::disallowed_types --warn=clippy::disallowed_script_idents --warn=clippy::disallowed_names --warn=clippy::disallowed_methods --warn=clippy::disallowed_macros --warn=clippy::derive_partial_eq_without_eq --warn=clippy::debug_assert_with_mut_call --warn=clippy::dbg_macro --warn=clippy::cloned_instead_of_copied --warn=clippy::clear_with_drain --warn=clippy::checked_conversions --warn=clippy::char_lit_as_u8 --warn=clippy::bool_to_int_with_if --warn=clippy::await_holding_lock --warn=clippy::as_ptr_cast_mut --warn=rustdoc::all --cfg "feature=\"bytemuck\"" --cfg "feature=\"serde\"" --check-cfg cfg(docsrs,test) --check-cfg "cfg(feature, values(\"bytemuck\", \"default\", \"document-features\", \"mint\", \"serde\"))" -C metadata=2abd2f57144272e7 -C extra-filename=-9cc9fcf734368139 --out-dir D:\a\explorer-rs\explorer-rs\target\debug\deps -L dependency=D:\a\explorer-rs\explorer-rs\target\debug\deps --extern bytemuck=D:\a\explorer-rs\explorer-rs\target\debug\deps\libbytemuck-fec5a5cab6e47577.rmeta --extern serde=D:\a\explorer-rs\explorer-rs\target\debug\deps\libserde-63bd8e0ed55c5871.rmeta --cap-lints allow`
    Checking tinystr v0.8.3
     Running `C:\Users\runneradmin\.rustup\toolchains\stable-x86_64-pc-windows-msvc\bin\rustc.exe --crate-name tinystr --edition=2021 C:\Users\runneradmin\.cargo\registry\src\index.crates.io-1949cf8c6b5b557f\tinystr-0.8.3\src\lib.rs --error-format=json --json=diagnostic-rendered-ansi,artifacts,future-incompat --crate-type lib --emit=dep-info,metadata -C embed-bitcode=no -C debuginfo=2 --warn=clippy::wildcard_dependencies --warn=clippy::useless_transmute --warn=unused_qualifications --warn=unused_macro_rules --warn=unused_lifetimes --warn=clippy::unnecessary-wraps --warn=unexpected_cfgs --deny=clippy::trivially_copy_pass_by_ref --deny=trivial_numeric_casts --warn=clippy::transmutes_expressible_as_ptr_casts --warn=clippy::transmute_undefined_repr --warn=clippy::transmute_ptr_to_ref --warn=clippy::transmute_ptr_to_ptr --warn=clippy::transmute_int_to_non_zero --warn=clippy::transmute_int_to_bool --warn=clippy::transmute_bytes_to_str --warn=clippy::todo --warn=clippy::same_functions_in_if_condition --warn=clippy::or-fun-call --warn=clippy::negative_feature_names --warn=clippy::missing_transmute_annotations --warn=clippy::missing_fields_in_debug --deny=missing_debug_implementations --warn=clippy::mismatching_type_param_order --warn=clippy::large_stack_arrays --warn=clippy::infinite_loop --warn=clippy::fn_to_numeric_cast_any --deny=clippy::exhaustive_structs --deny=clippy::exhaustive_enums --warn=clippy::doc_markdown --warn=clippy::debug_assert_with_mut_call --warn=clippy::dbg_macro --warn=clippy::crosspointer_transmute --warn=clippy::collection_is_never_read --warn=clippy::branches-sharing-code --warn=clippy::alloc-instead-of-core --check-cfg cfg(icu4c_enable_renaming) --check-cfg cfg(needs_alloc_error_handler) --check-cfg cfg(icu4x_run_size_tests) --check-cfg cfg(icu4x_unstable_fast_trie_only) --cfg "feature=\"zerovec\"" --check-cfg cfg(docsrs,test) --check-cfg "cfg(feature, values(\"alloc\", \"databake\", \"default\", \"serde\", \"std\", \"zerovec\"))" -C metadata=26232c271c2dbb67 -C extra-filename=-3200fe49fc215a3f --out-dir D:\a\explorer-rs\explorer-rs\target\debug\deps -L dependency=D:\a\explorer-rs\explorer-rs\target\debug\deps --extern displaydoc=D:\a\explorer-rs\explorer-rs\target\debug\deps\displaydoc-82d414fa1e79cef8.dll --extern zerovec=D:\a\explorer-rs\explorer-rs\target\debug\deps\libzerovec-cb9d9dd50429600a.rmeta --cap-lints allow`
    Checking potential_utf v0.1.5
     Running `C:\Users\runneradmin\.rustup\toolchains\stable-x86_64-pc-windows-msvc\bin\rustc.exe --crate-name potential_utf --edition=2021 C:\Users\runneradmin\.cargo\registry\src\index.crates.io-1949cf8c6b5b557f\potential_utf-0.1.5\src\lib.rs --error-format=json --json=diagnostic-rendered-ansi,artifacts,future-incompat --crate-type lib --emit=dep-info,metadata -C embed-bitcode=no -C debuginfo=2 --warn=clippy::wildcard_dependencies --warn=clippy::useless_transmute --warn=unused_qualifications --warn=unused_macro_rules --warn=unused_lifetimes --warn=clippy::unnecessary-wraps --warn=unexpected_cfgs --deny=clippy::trivially_copy_pass_by_ref --deny=trivial_numeric_casts --warn=clippy::transmutes_expressible_as_ptr_casts --warn=clippy::transmute_undefined_repr --warn=clippy::transmute_ptr_to_ref --warn=clippy::transmute_ptr_to_ptr --warn=clippy::transmute_int_to_non_zero --warn=clippy::transmute_int_to_bool --warn=clippy::transmute_bytes_to_str --warn=clippy::todo --warn=clippy::same_functions_in_if_condition --warn=clippy::or-fun-call --warn=clippy::negative_feature_names --warn=clippy::missing_transmute_annotations --warn=clippy::missing_fields_in_debug --deny=missing_debug_implementations --warn=clippy::mismatching_type_param_order --warn=clippy::large_stack_arrays --warn=clippy::infinite_loop --warn=clippy::fn_to_numeric_cast_any --deny=clippy::exhaustive_structs --deny=clippy::exhaustive_enums --warn=clippy::doc_markdown --warn=clippy::debug_assert_with_mut_call --warn=clippy::dbg_macro --warn=clippy::crosspointer_transmute --warn=clippy::collection_is_never_read --warn=clippy::branches-sharing-code --warn=clippy::alloc-instead-of-core --check-cfg cfg(icu4c_enable_renaming) --check-cfg cfg(needs_alloc_error_handler) --check-cfg cfg(icu4x_run_size_tests) --check-cfg cfg(icu4x_unstable_fast_trie_only) --cfg "feature=\"zerovec\"" --check-cfg cfg(docsrs,test) --check-cfg "cfg(feature, values(\"alloc\", \"databake\", \"default\", \"serde\", \"writeable\", \"zerovec\"))" -C metadata=aac0361831f24607 -C extra-filename=-a3347b64cab77321 --out-dir D:\a\explorer-rs\explorer-rs\target\debug\deps -L dependency=D:\a\explorer-rs\explorer-rs\target\debug\deps --extern zerovec=D:\a\explorer-rs\explorer-rs\target\debug\deps\libzerovec-cb9d9dd50429600a.rmeta --cap-lints allow`
    Checking icu_collections v2.2.0
     Running `C:\Users\runneradmin\.rustup\toolchains\stable-x86_64-pc-windows-msvc\bin\rustc.exe --crate-name icu_collections --edition=2021 C:\Users\runneradmin\.cargo\registry\src\index.crates.io-1949cf8c6b5b557f\icu_collections-2.2.0\src\lib.rs --error-format=json --json=diagnostic-rendered-ansi,artifacts,future-incompat --crate-type lib --emit=dep-info,metadata -C embed-bitcode=no -C debuginfo=2 --warn=clippy::wildcard_dependencies --warn=clippy::useless_transmute --warn=unused_qualifications --warn=unused_macro_rules --warn=unused_lifetimes --warn=clippy::unnecessary-wraps --warn=unexpected_cfgs --deny=clippy::trivially_copy_pass_by_ref --deny=trivial_numeric_casts --warn=clippy::transmutes_expressible_as_ptr_casts --warn=clippy::transmute_undefined_repr --warn=clippy::transmute_ptr_to_ref --warn=clippy::transmute_ptr_to_ptr --warn=clippy::transmute_int_to_non_zero --warn=clippy::transmute_int_to_bool --warn=clippy::transmute_bytes_to_str --warn=clippy::todo --warn=clippy::same_functions_in_if_condition --warn=clippy::or-fun-call --warn=clippy::negative_feature_names --warn=clippy::missing_transmute_annotations --warn=clippy::missing_fields_in_debug --deny=missing_debug_implementations --warn=clippy::mismatching_type_param_order --warn=clippy::large_stack_arrays --warn=clippy::infinite_loop --warn=clippy::fn_to_numeric_cast_any --deny=clippy::exhaustive_structs --deny=clippy::exhaustive_enums --warn=clippy::doc_markdown --warn=clippy::debug_assert_with_mut_call --warn=clippy::dbg_macro --warn=clippy::crosspointer_transmute --warn=clippy::collection_is_never_read --warn=clippy::branches-sharing-code --warn=clippy::alloc-instead-of-core --check-cfg cfg(icu4c_enable_renaming) --check-cfg cfg(needs_alloc_error_handler) --check-cfg cfg(icu4x_run_size_tests) --check-cfg cfg(icu4x_unstable_fast_trie_only) --check-cfg cfg(docsrs,test) --check-cfg "cfg(feature, values(\"alloc\", \"databake\", \"serde\"))" -C metadata=30e0e609ef566e7a -C extra-filename=-523776293dc8c2e9 --out-dir D:\a\explorer-rs\explorer-rs\target\debug\deps -L dependency=D:\a\explorer-rs\explorer-rs\target\debug\deps --extern displaydoc=D:\a\explorer-rs\explorer-rs\target\debug\deps\displaydoc-82d414fa1e79cef8.dll --extern potential_utf=D:\a\explorer-rs\explorer-rs\target\debug\deps\libpotential_utf-a3347b64cab77321.rmeta --extern utf8_iter=D:\a\explorer-rs\explorer-rs\target\debug\deps\libutf8_iter-016cfdea9dd412a7.rmeta --extern yoke=D:\a\explorer-rs\explorer-rs\target\debug\deps\libyoke-0c493a94cf7a5628.rmeta --extern zerofrom=D:\a\explorer-rs\explorer-rs\target\debug\deps\libzerofrom-e83077f779e9faa0.rmeta --extern zerovec=D:\a\explorer-rs\explorer-rs\target\debug\deps\libzerovec-cb9d9dd50429600a.rmeta --cap-lints allow`
    Checking icu_locale_core v2.2.0
     Running `C:\Users\runneradmin\.rustup\toolchains\stable-x86_64-pc-windows-msvc\bin\rustc.exe --crate-name icu_locale_core --edition=2021 C:\Users\runneradmin\.cargo\registry\src\index.crates.io-1949cf8c6b5b557f\icu_locale_core-2.2.0\src\lib.rs --error-format=json --json=diagnostic-rendered-ansi,artifacts,future-incompat --crate-type lib --emit=dep-info,metadata -C embed-bitcode=no -C debuginfo=2 --warn=clippy::wildcard_dependencies --warn=clippy::useless_transmute --warn=unused_qualifications --warn=unused_macro_rules --warn=unused_lifetimes --warn=clippy::unnecessary-wraps --warn=unexpected_cfgs --deny=clippy::trivially_copy_pass_by_ref --deny=trivial_numeric_casts --warn=clippy::transmutes_expressible_as_ptr_casts --warn=clippy::transmute_undefined_repr --warn=clippy::transmute_ptr_to_ref --warn=clippy::transmute_ptr_to_ptr --warn=clippy::transmute_int_to_non_zero --warn=clippy::transmute_int_to_bool --warn=clippy::transmute_bytes_to_str --warn=clippy::todo --warn=clippy::same_functions_in_if_condition --warn=clippy::or-fun-call --warn=clippy::negative_feature_names --warn=clippy::missing_transmute_annotations --warn=clippy::missing_fields_in_debug --deny=missing_debug_implementations --warn=clippy::mismatching_type_param_order --warn=clippy::large_stack_arrays --warn=clippy::infinite_loop --warn=clippy::fn_to_numeric_cast_any --deny=clippy::exhaustive_structs --deny=clippy::exhaustive_enums --warn=clippy::doc_markdown --warn=clippy::debug_assert_with_mut_call --warn=clippy::dbg_macro --warn=clippy::crosspointer_transmute --warn=clippy::collection_is_never_read --warn=clippy::branches-sharing-code --warn=clippy::alloc-instead-of-core --check-cfg cfg(icu4c_enable_renaming) --check-cfg cfg(needs_alloc_error_handler) --check-cfg cfg(icu4x_run_size_tests) --check-cfg cfg(icu4x_unstable_fast_trie_only) --cfg "feature=\"zerovec\"" --check-cfg cfg(docsrs,test) --check-cfg "cfg(feature, values(\"alloc\", \"databake\", \"serde\", \"zerovec\"))" -C metadata=6807eac92c3df1a5 -C extra-filename=-cff089958bb78c8a --out-dir D:\a\explorer-rs\explorer-rs\target\debug\deps -L dependency=D:\a\explorer-rs\explorer-rs\target\debug\deps --extern displaydoc=D:\a\explorer-rs\explorer-rs\target\debug\deps\displaydoc-82d414fa1e79cef8.dll --extern litemap=D:\a\explorer-rs\explorer-rs\target\debug\deps\liblitemap-928eaa1ee6df7f46.rmeta --extern tinystr=D:\a\explorer-rs\explorer-rs\target\debug\deps\libtinystr-3200fe49fc215a3f.rmeta --extern writeable=D:\a\explorer-rs\explorer-rs\target\debug\deps\libwriteable-7913894bf611f708.rmeta --extern zerovec=D:\a\explorer-rs\explorer-rs\target\debug\deps\libzerovec-cb9d9dd50429600a.rmeta --cap-lints allow`
    Checking rustls-pki-types v1.15.1
     Running `C:\Users\runneradmin\.rustup\toolchains\stable-x86_64-pc-windows-msvc\bin\rustc.exe --crate-name rustls_pki_types --edition=2021 C:\Users\runneradmin\.cargo\registry\src\index.crates.io-1949cf8c6b5b557f\rustls-pki-types-1.15.1\src\lib.rs --error-format=json --json=diagnostic-rendered-ansi,artifacts,future-incompat --crate-type lib --emit=dep-info,metadata -C embed-bitcode=no -C debuginfo=2 --warn=unused_qualifications --warn=unused_import_braces --warn=unused_extern_crates --warn=unreachable_pub --warn=unnameable_types --warn=unexpected_cfgs --warn=trivial_numeric_casts --warn=elided_lifetimes_in_paths --check-cfg cfg(rustls_pki_types_docsrs) --cfg "feature=\"alloc\"" --cfg "feature=\"default\"" --cfg "feature=\"std\"" --check-cfg cfg(docsrs,test) --check-cfg "cfg(feature, values(\"alloc\", \"default\", \"std\", \"web\", \"web-time\"))" -C metadata=52abd89dde52866d -C extra-filename=-bae735fc511223c5 --out-dir D:\a\explorer-rs\explorer-rs\target\debug\deps -L dependency=D:\a\explorer-rs\explorer-rs\target\debug\deps --extern zeroize=D:\a\explorer-rs\explorer-rs\target\debug\deps\libzeroize-00defafb198adb5f.rmeta --cap-lints allow`
    Checking form_urlencoded v1.2.2
     Running `C:\Users\runneradmin\.rustup\toolchains\stable-x86_64-pc-windows-msvc\bin\rustc.exe --crate-name form_urlencoded --edition=2018 C:\Users\runneradmin\.cargo\registry\src\index.crates.io-1949cf8c6b5b557f\form_urlencoded-1.2.2\src\lib.rs --error-format=json --json=diagnostic-rendered-ansi,artifacts,future-incompat --crate-type lib --emit=dep-info,metadata -C embed-bitcode=no -C debuginfo=2 --cfg "feature=\"alloc\"" --cfg "feature=\"std\"" --check-cfg cfg(docsrs,test) --check-cfg "cfg(feature, values(\"alloc\", \"default\", \"std\"))" -C metadata=f9b35e708ebcd3c8 -C extra-filename=-a6db8c1433ba932a --out-dir D:\a\explorer-rs\explorer-rs\target\debug\deps -L dependency=D:\a\explorer-rs\explorer-rs\target\debug\deps --extern percent_encoding=D:\a\explorer-rs\explorer-rs\target\debug\deps\libpercent_encoding-dfc46a9661696f85.rmeta --cap-lints allow`
    Checking strict-num v0.1.1
     Running `C:\Users\runneradmin\.rustup\toolchains\stable-x86_64-pc-windows-msvc\bin\rustc.exe --crate-name strict_num --edition=2018 C:\Users\runneradmin\.cargo\registry\src\index.crates.io-1949cf8c6b5b557f\strict-num-0.1.1\src\lib.rs --error-format=json --json=diagnostic-rendered-ansi,artifacts,future-incompat --crate-type lib --emit=dep-info,metadata -C embed-bitcode=no -C debuginfo=2 --cfg "feature=\"approx-eq\"" --cfg "feature=\"default\"" --cfg "feature=\"float-cmp\"" --check-cfg cfg(docsrs,test) --check-cfg "cfg(feature, values(\"approx-eq\", \"default\", \"float-cmp\"))" -C metadata=04950c84d4167a25 -C extra-filename=-537a9badb8f21718 --out-dir D:\a\explorer-rs\explorer-rs\target\debug\deps -L dependency=D:\a\explorer-rs\explorer-rs\target\debug\deps --extern float_cmp=D:\a\explorer-rs\explorer-rs\target\debug\deps\libfloat_cmp-b4df1a5825e4b5e6.rmeta --cap-lints allow`
     Running `D:\a\explorer-rs\explorer-rs\target\debug\build\ahash-d9f02df098134a39\build-script-build`
     Running `C:\Users\runneradmin\.rustup\toolchains\stable-x86_64-pc-windows-msvc\bin\rustc.exe --crate-name parking_lot_core --edition=2021 C:\Users\runneradmin\.cargo\registry\src\index.crates.io-1949cf8c6b5b557f\parking_lot_core-0.9.12\src\lib.rs --error-format=json --json=diagnostic-rendered-ansi,artifacts,future-incompat --crate-type lib --emit=dep-info,metadata -C embed-bitcode=no -C debuginfo=2 --check-cfg cfg(docsrs,test) --check-cfg "cfg(feature, values(\"backtrace\", \"deadlock_detection\", \"nightly\", \"petgraph\"))" -C metadata=037f711fcfa5a0db -C extra-filename=-c8d3e475cc8a5ec1 --out-dir D:\a\explorer-rs\explorer-rs\target\debug\deps -L dependency=D:\a\explorer-rs\explorer-rs\target\debug\deps --extern cfg_if=D:\a\explorer-rs\explorer-rs\target\debug\deps\libcfg_if-b7349115d2a20ae0.rmeta --extern smallvec=D:\a\explorer-rs\explorer-rs\target\debug\deps\libsmallvec-e2ef2736e6727b79.rmeta --extern windows_link=D:\a\explorer-rs\explorer-rs\target\debug\deps\libwindows_link-1037cdf714bd4810.rmeta --cap-lints allow --check-cfg cfg(tsan_enabled)`
     Running `D:\a\explorer-rs\explorer-rs\target\debug\build\ring-575849db094d645e\build-script-build`
     Running `C:\Users\runneradmin\.rustup\toolchains\stable-x86_64-pc-windows-msvc\bin\rustc.exe --crate-name zerocopy --edition=2021 C:\Users\runneradmin\.cargo\registry\src\index.crates.io-1949cf8c6b5b557f\zerocopy-0.8.56\src\lib.rs --error-format=json --json=diagnostic-rendered-ansi,artifacts,future-incompat --crate-type lib --emit=dep-info,metadata -C embed-bitcode=no -C debuginfo=2 --cfg "feature=\"simd\"" --check-cfg cfg(docsrs,test) --check-cfg "cfg(feature, values(\"__internal_use_only_features_that_work_on_stable\", \"alloc\", \"derive\", \"float-nightly\", \"simd\", \"simd-nightly\", \"std\", \"zerocopy-derive\"))" -C metadata=e0f4619838f1bcb9 -C extra-filename=-a4deef12b0cbeaf6 --out-dir D:\a\explorer-rs\explorer-rs\target\debug\deps -L dependency=D:\a\explorer-rs\explorer-rs\target\debug\deps --cap-lints allow --check-cfg cfg(no_zerocopy_simd_x86_avx12_1_89_0) --check-cfg "cfg(rust, values(\"1.89.0\"))" --check-cfg cfg(no_zerocopy_core_error_1_81_0) --check-cfg "cfg(rust, values(\"1.81.0\"))" --check-cfg cfg(no_zerocopy_diagnostic_on_unimplemented_1_78_0) --check-cfg "cfg(rust, values(\"1.78.0\"))" --check-cfg cfg(no_zerocopy_generic_bounds_in_const_fn_1_61_0) --check-cfg "cfg(rust, values(\"1.61.0\"))" --check-cfg cfg(no_zerocopy_target_has_atomics_1_60_0) --check-cfg "cfg(rust, values(\"1.60.0\"))" --check-cfg cfg(no_zerocopy_aarch64_simd_1_59_0) --check-cfg "cfg(rust, values(\"1.59.0\"))" --check-cfg cfg(no_zerocopy_aarch64_simd_be_1_87_0) --check-cfg "cfg(rust, values(\"1.87.0\"))" --check-cfg cfg(no_zerocopy_panic_in_const_and_vec_try_reserve_1_57_0) --check-cfg "cfg(rust, values(\"1.57.0\"))" --check-cfg cfg(doc_cfg) --check-cfg cfg(kani) --check-cfg cfg(__ZEROCOPY_INTERNAL_USE_ONLY_NIGHTLY_FEATURES_IN_TESTS) --check-cfg cfg(__ZEROCOPY_INTERNAL_USE_ONLY_DEV_MODE) --check-cfg cfg(coverage_nightly) --check-cfg cfg(zerocopy_inline_always) --check-cfg cfg(zerocopy_unstable_ptr) --check-cfg cfg(zerocopy_unstable_linux) --check-cfg cfg(no_fp_fmt_parse)`
    Checking icu_provider v2.2.0
     Running `C:\Users\runneradmin\.rustup\toolchains\stable-x86_64-pc-windows-msvc\bin\rustc.exe --crate-name icu_provider --edition=2021 C:\Users\runneradmin\.cargo\registry\src\index.crates.io-1949cf8c6b5b557f\icu_provider-2.2.0\src\lib.rs --error-format=json --json=diagnostic-rendered-ansi,artifacts,future-incompat --crate-type lib --emit=dep-info,metadata -C embed-bitcode=no -C debuginfo=2 --warn=clippy::wildcard_dependencies --warn=clippy::useless_transmute --warn=unused_qualifications --warn=unused_macro_rules --warn=unused_lifetimes --warn=clippy::unnecessary-wraps --warn=unexpected_cfgs --deny=clippy::trivially_copy_pass_by_ref --deny=trivial_numeric_casts --warn=clippy::transmutes_expressible_as_ptr_casts --warn=clippy::transmute_undefined_repr --warn=clippy::transmute_ptr_to_ref --warn=clippy::transmute_ptr_to_ptr --warn=clippy::transmute_int_to_non_zero --warn=clippy::transmute_int_to_bool --warn=clippy::transmute_bytes_to_str --warn=clippy::todo --warn=clippy::same_functions_in_if_condition --warn=clippy::or-fun-call --warn=clippy::negative_feature_names --warn=clippy::missing_transmute_annotations --warn=clippy::missing_fields_in_debug --deny=missing_debug_implementations --warn=clippy::mismatching_type_param_order --warn=clippy::large_stack_arrays --warn=clippy::infinite_loop --warn=clippy::fn_to_numeric_cast_any --deny=clippy::exhaustive_structs --deny=clippy::exhaustive_enums --warn=clippy::doc_markdown --warn=clippy::debug_assert_with_mut_call --warn=clippy::dbg_macro --warn=clippy::crosspointer_transmute --warn=clippy::collection_is_never_read --warn=clippy::branches-sharing-code --warn=clippy::alloc-instead-of-core --check-cfg cfg(icu4c_enable_renaming) --check-cfg cfg(needs_alloc_error_handler) --check-cfg cfg(icu4x_run_size_tests) --check-cfg cfg(icu4x_unstable_fast_trie_only) --cfg "feature=\"baked\"" --check-cfg cfg(docsrs,test) --check-cfg "cfg(feature, values(\"alloc\", \"baked\", \"deserialize_bincode_1\", \"deserialize_json\", \"deserialize_postcard_1\", \"export\", \"logging\", \"serde\", \"std\", \"sync\", \"zerotrie\"))" -C metadata=3e5090d28b5f820e -C extra-filename=-70350ed23e3af8b6 --out-dir D:\a\explorer-rs\explorer-rs\target\debug\deps -L dependency=D:\a\explorer-rs\explorer-rs\target\debug\deps --extern displaydoc=D:\a\explorer-rs\explorer-rs\target\debug\deps\displaydoc-82d414fa1e79cef8.dll --extern icu_locale_core=D:\a\explorer-rs\explorer-rs\target\debug\deps\libicu_locale_core-cff089958bb78c8a.rmeta --extern writeable=D:\a\explorer-rs\explorer-rs\target\debug\deps\libwriteable-7913894bf611f708.rmeta --extern yoke=D:\a\explorer-rs\explorer-rs\target\debug\deps\libyoke-0c493a94cf7a5628.rmeta --extern zerofrom=D:\a\explorer-rs\explorer-rs\target\debug\deps\libzerofrom-e83077f779e9faa0.rmeta --extern zerotrie=D:\a\explorer-rs\explorer-rs\target\debug\deps\libzerotrie-4ae84032de70c865.rmeta --extern zerovec=D:\a\explorer-rs\explorer-rs\target\debug\deps\libzerovec-cb9d9dd50429600a.rmeta --cap-lints allow`
    Checking icu_normalizer v2.2.0
     Running `C:\Users\runneradmin\.rustup\toolchains\stable-x86_64-pc-windows-msvc\bin\rustc.exe --crate-name icu_normalizer --edition=2021 C:\Users\runneradmin\.cargo\registry\src\index.crates.io-1949cf8c6b5b557f\icu_normalizer-2.2.0\src\lib.rs --error-format=json --json=diagnostic-rendered-ansi,artifacts,future-incompat --crate-type lib --emit=dep-info,metadata -C embed-bitcode=no -C debuginfo=2 --warn=clippy::wildcard_dependencies --warn=clippy::useless_transmute --warn=unused_qualifications --warn=unused_macro_rules --warn=unused_lifetimes --warn=clippy::unnecessary-wraps --warn=unexpected_cfgs --deny=clippy::trivially_copy_pass_by_ref --deny=trivial_numeric_casts --warn=clippy::transmutes_expressible_as_ptr_casts --warn=clippy::transmute_undefined_repr --warn=clippy::transmute_ptr_to_ref --warn=clippy::transmute_ptr_to_ptr --warn=clippy::transmute_int_to_non_zero --warn=clippy::transmute_int_to_bool --warn=clippy::transmute_bytes_to_str --warn=clippy::todo --warn=clippy::same_functions_in_if_condition --warn=clippy::or-fun-call --warn=clippy::negative_feature_names --warn=clippy::missing_transmute_annotations --warn=clippy::missing_fields_in_debug --deny=missing_debug_implementations --warn=clippy::mismatching_type_param_order --warn=clippy::large_stack_arrays --warn=clippy::infinite_loop --warn=clippy::fn_to_numeric_cast_any --deny=clippy::exhaustive_structs --deny=clippy::exhaustive_enums --warn=clippy::doc_markdown --warn=clippy::debug_assert_with_mut_call --warn=clippy::dbg_macro --warn=clippy::crosspointer_transmute --warn=clippy::collection_is_never_read --warn=clippy::branches-sharing-code --warn=clippy::alloc-instead-of-core --check-cfg cfg(icu4c_enable_renaming) --check-cfg cfg(needs_alloc_error_handler) --check-cfg cfg(icu4x_run_size_tests) --check-cfg cfg(icu4x_unstable_fast_trie_only) --cfg "feature=\"compiled_data\"" --check-cfg cfg(docsrs,test) --check-cfg "cfg(feature, values(\"compiled_data\", \"datagen\", \"default\", \"harfbuzz_traits\", \"icu_properties\", \"serde\", \"utf16_iter\", \"utf8_iter\", \"write16\"))" -C metadata=475f84f648b724b4 -C extra-filename=-6e259fcadc29f998 --out-dir D:\a\explorer-rs\explorer-rs\target\debug\deps -L dependency=D:\a\explorer-rs\explorer-rs\target\debug\deps --extern icu_collections=D:\a\explorer-rs\explorer-rs\target\debug\deps\libicu_collections-523776293dc8c2e9.rmeta --extern icu_normalizer_data=D:\a\explorer-rs\explorer-rs\target\debug\deps\libicu_normalizer_data-7ca20b7d368971f6.rmeta --extern icu_provider=D:\a\explorer-rs\explorer-rs\target\debug\deps\libicu_provider-70350ed23e3af8b6.rmeta --extern smallvec=D:\a\explorer-rs\explorer-rs\target\debug\deps\libsmallvec-e2ef2736e6727b79.rmeta --extern zerovec=D:\a\explorer-rs\explorer-rs\target\debug\deps\libzerovec-cb9d9dd50429600a.rmeta --cap-lints allow`
    Checking icu_properties v2.2.0
     Running `C:\Users\runneradmin\.rustup\toolchains\stable-x86_64-pc-windows-msvc\bin\rustc.exe --crate-name icu_properties --edition=2021 C:\Users\runneradmin\.cargo\registry\src\index.crates.io-1949cf8c6b5b557f\icu_properties-2.2.0\src\lib.rs --error-format=json --json=diagnostic-rendered-ansi,artifacts,future-incompat --crate-type lib --emit=dep-info,metadata -C embed-bitcode=no -C debuginfo=2 --warn=clippy::wildcard_dependencies --warn=clippy::useless_transmute --warn=unused_qualifications --warn=unused_macro_rules --warn=unused_lifetimes --warn=clippy::unnecessary-wraps --warn=unexpected_cfgs --deny=clippy::trivially_copy_pass_by_ref --deny=trivial_numeric_casts --warn=clippy::transmutes_expressible_as_ptr_casts --warn=clippy::transmute_undefined_repr --warn=clippy::transmute_ptr_to_ref --warn=clippy::transmute_ptr_to_ptr --warn=clippy::transmute_int_to_non_zero --warn=clippy::transmute_int_to_bool --warn=clippy::transmute_bytes_to_str --warn=clippy::todo --warn=clippy::same_functions_in_if_condition --warn=clippy::or-fun-call --warn=clippy::negative_feature_names --warn=clippy::missing_transmute_annotations --warn=clippy::missing_fields_in_debug --deny=missing_debug_implementations --warn=clippy::mismatching_type_param_order --warn=clippy::large_stack_arrays --warn=clippy::infinite_loop --warn=clippy::fn_to_numeric_cast_any --deny=clippy::exhaustive_structs --deny=clippy::exhaustive_enums --warn=clippy::doc_markdown --warn=clippy::debug_assert_with_mut_call --warn=clippy::dbg_macro --warn=clippy::crosspointer_transmute --warn=clippy::collection_is_never_read --warn=clippy::branches-sharing-code --warn=clippy::alloc-instead-of-core --check-cfg cfg(icu4c_enable_renaming) --check-cfg cfg(needs_alloc_error_handler) --check-cfg cfg(icu4x_run_size_tests) --check-cfg cfg(icu4x_unstable_fast_trie_only) --cfg "feature=\"compiled_data\"" --check-cfg cfg(docsrs,test) --check-cfg "cfg(feature, values(\"alloc\", \"compiled_data\", \"datagen\", \"default\", \"harfbuzz_traits\", \"serde\", \"unicode_bidi\"))" -C metadata=35570195778d0706 -C extra-filename=-cdd9e1ce58a289a9 --out-dir D:\a\explorer-rs\explorer-rs\target\debug\deps -L dependency=D:\a\explorer-rs\explorer-rs\target\debug\deps --extern icu_collections=D:\a\explorer-rs\explorer-rs\target\debug\deps\libicu_collections-523776293dc8c2e9.rmeta --extern icu_locale_core=D:\a\explorer-rs\explorer-rs\target\debug\deps\libicu_locale_core-cff089958bb78c8a.rmeta --extern icu_properties_data=D:\a\explorer-rs\explorer-rs\target\debug\deps\libicu_properties_data-141c333441e1f9f5.rmeta --extern icu_provider=D:\a\explorer-rs\explorer-rs\target\debug\deps\libicu_provider-70350ed23e3af8b6.rmeta --extern zerotrie=D:\a\explorer-rs\explorer-rs\target\debug\deps\libzerotrie-4ae84032de70c865.rmeta --extern zerovec=D:\a\explorer-rs\explorer-rs\target\debug\deps\libzerovec-cb9d9dd50429600a.rmeta --cap-lints allow`
    Checking owned_ttf_parser v0.25.1
     Running `C:\Users\runneradmin\.rustup\toolchains\stable-x86_64-pc-windows-msvc\bin\rustc.exe --crate-name owned_ttf_parser --edition=2021 C:\Users\runneradmin\.cargo\registry\src\index.crates.io-1949cf8c6b5b557f\owned_ttf_parser-0.25.1\src\lib.rs --error-format=json --json=diagnostic-rendered-ansi,artifacts,future-incompat --crate-type lib --emit=dep-info,metadata -C embed-bitcode=no -C debuginfo=2 --cfg "feature=\"apple-layout\"" --cfg "feature=\"default\"" --cfg "feature=\"glyph-names\"" --cfg "feature=\"gvar-alloc\"" --cfg "feature=\"opentype-layout\"" --cfg "feature=\"std\"" --cfg "feature=\"variable-fonts\"" --check-cfg cfg(docsrs,test) --check-cfg "cfg(feature, values(\"apple-layout\", \"default\", \"glyph-names\", \"gvar-alloc\", \"no-std-float\", \"opentype-layout\", \"std\", \"variable-fonts\"))" -C metadata=c4b3009305e5cbd0 -C extra-filename=-3e94fe1e40f0c74b --out-dir D:\a\explorer-rs\explorer-rs\target\debug\deps -L dependency=D:\a\explorer-rs\explorer-rs\target\debug\deps --extern ttf_parser=D:\a\explorer-rs\explorer-rs\target\debug\deps\libttf_parser-2e8d8919218424db.rmeta --cap-lints allow`
    Checking lock_api v0.4.14
     Running `C:\Users\runneradmin\.rustup\toolchains\stable-x86_64-pc-windows-msvc\bin\rustc.exe --crate-name lock_api --edition=2021 C:\Users\runneradmin\.cargo\registry\src\index.crates.io-1949cf8c6b5b557f\lock_api-0.4.14\src\lib.rs --error-format=json --json=diagnostic-rendered-ansi,artifacts,future-incompat --crate-type lib --emit=dep-info,metadata -C embed-bitcode=no -C debuginfo=2 --cfg "feature=\"atomic_usize\"" --cfg "feature=\"default\"" --check-cfg cfg(docsrs,test) --check-cfg "cfg(feature, values(\"arc_lock\", \"atomic_usize\", \"default\", \"nightly\", \"owning_ref\", \"serde\"))" -C metadata=0835e06a3f659e3a -C extra-filename=-94f65e4b5c479bde --out-dir D:\a\explorer-rs\explorer-rs\target\debug\deps -L dependency=D:\a\explorer-rs\explorer-rs\target\debug\deps --extern scopeguard=D:\a\explorer-rs\explorer-rs\target\debug\deps\libscopeguard-7594c11dd7087884.rmeta --cap-lints allow`
   Compiling num-traits v0.2.19
     Running `C:\Users\runneradmin\.rustup\toolchains\stable-x86_64-pc-windows-msvc\bin\rustc.exe --crate-name build_script_build --edition=2021 C:\Users\runneradmin\.cargo\registry\src\index.crates.io-1949cf8c6b5b557f\num-traits-0.2.19\build.rs --error-format=json --json=diagnostic-rendered-ansi,artifacts,future-incompat --crate-type bin --emit=dep-info,link -C embed-bitcode=no --cfg "feature=\"default\"" --cfg "feature=\"std\"" --check-cfg cfg(docsrs,test) --check-cfg "cfg(feature, values(\"default\", \"i128\", \"libm\", \"std\"))" -C metadata=c24f9cde7d875240 -C extra-filename=-72648031f09b0ef0 --out-dir D:\a\explorer-rs\explorer-rs\target\debug\build\num-traits-72648031f09b0ef0 -L dependency=D:\a\explorer-rs\explorer-rs\target\debug\deps --extern autocfg=D:\a\explorer-rs\explorer-rs\target\debug\deps\libautocfg-8e61762132dd0e49.rlib --cap-lints allow`
    Checking fdeflate v0.3.7
     Running `C:\Users\runneradmin\.rustup\toolchains\stable-x86_64-pc-windows-msvc\bin\rustc.exe --crate-name fdeflate --edition=2021 C:\Users\runneradmin\.cargo\registry\src\index.crates.io-1949cf8c6b5b557f\fdeflate-0.3.7\src\lib.rs --error-format=json --json=diagnostic-rendered-ansi,artifacts,future-incompat --crate-type lib --emit=dep-info,metadata -C embed-bitcode=no -C debuginfo=2 --allow=unexpected_cfgs --check-cfg cfg(fuzzing) --check-cfg cfg(docsrs,test) --check-cfg "cfg(feature, values())" -C metadata=b8d726d53c621450 -C extra-filename=-1b81a28950a19c1a --out-dir D:\a\explorer-rs\explorer-rs\target\debug\deps -L dependency=D:\a\explorer-rs\explorer-rs\target\debug\deps --extern simd_adler32=D:\a\explorer-rs\explorer-rs\target\debug\deps\libsimd_adler32-caf36800cb676635.rmeta --cap-lints allow`
   Compiling windows_x86_64_msvc v0.53.1
     Running `C:\Users\runneradmin\.rustup\toolchains\stable-x86_64-pc-windows-msvc\bin\rustc.exe --crate-name build_script_build --edition=2021 C:\Users\runneradmin\.cargo\registry\src\index.crates.io-1949cf8c6b5b557f\windows_x86_64_msvc-0.53.1\build.rs --error-format=json --json=diagnostic-rendered-ansi,artifacts,future-incompat --crate-type bin --emit=dep-info,link -C embed-bitcode=no --warn=unexpected_cfgs --warn=missing_unsafe_on_extern --check-cfg "cfg(windows_raw_dylib, windows_slim_errors)" --check-cfg cfg(docsrs,test) --check-cfg "cfg(feature, values())" -C metadata=ad380bb2bc512ce1 -C extra-filename=-4b8016a6cf1a744e --out-dir D:\a\explorer-rs\explorer-rs\target\debug\build\windows_x86_64_msvc-4b8016a6cf1a744e -L dependency=D:\a\explorer-rs\explorer-rs\target\debug\deps --cap-lints allow`
    Checking idna_adapter v1.2.2
     Running `C:\Users\runneradmin\.rustup\toolchains\stable-x86_64-pc-windows-msvc\bin\rustc.exe --crate-name idna_adapter --edition=2024 C:\Users\runneradmin\.cargo\registry\src\index.crates.io-1949cf8c6b5b557f\idna_adapter-1.2.2\src\lib.rs --error-format=json --json=diagnostic-rendered-ansi,artifacts,future-incompat --crate-type lib --emit=dep-info,metadata -C embed-bitcode=no -C debuginfo=2 --cfg "feature=\"compiled_data\"" --check-cfg cfg(docsrs,test) --check-cfg "cfg(feature, values(\"compiled_data\"))" -C metadata=831ab85bc0cf5766 -C extra-filename=-46dc5e3571cedebd --out-dir D:\a\explorer-rs\explorer-rs\target\debug\deps -L dependency=D:\a\explorer-rs\explorer-rs\target\debug\deps --extern icu_normalizer=D:\a\explorer-rs\explorer-rs\target\debug\deps\libicu_normalizer-6e259fcadc29f998.rmeta --extern icu_properties=D:\a\explorer-rs\explorer-rs\target\debug\deps\libicu_properties-cdd9e1ce58a289a9.rmeta --cap-lints allow`
    Checking ab_glyph_rasterizer v0.1.10
     Running `C:\Users\runneradmin\.rustup\toolchains\stable-x86_64-pc-windows-msvc\bin\rustc.exe --crate-name ab_glyph_rasterizer --edition=2021 C:\Users\runneradmin\.cargo\registry\src\index.crates.io-1949cf8c6b5b557f\ab_glyph_rasterizer-0.1.10\src\lib.rs --error-format=json --json=diagnostic-rendered-ansi,artifacts,future-incompat --crate-type lib --emit=dep-info,metadata -C embed-bitcode=no -C debuginfo=2 --cfg "feature=\"default\"" --cfg "feature=\"std\"" --check-cfg cfg(docsrs,test) --check-cfg "cfg(feature, values(\"default\", \"libm\", \"std\"))" -C metadata=7d5044fec8392635 -C extra-filename=-2e8efefa9d975aea --out-dir D:\a\explorer-rs\explorer-rs\target\debug\deps -L dependency=D:\a\explorer-rs\explorer-rs\target\debug\deps --cap-lints allow`
    Checking idna v1.1.0
     Running `C:\Users\runneradmin\.rustup\toolchains\stable-x86_64-pc-windows-msvc\bin\rustc.exe --crate-name idna --edition=2018 C:\Users\runneradmin\.cargo\registry\src\index.crates.io-1949cf8c6b5b557f\idna-1.1.0\src\lib.rs --error-format=json --json=diagnostic-rendered-ansi,artifacts,future-incompat --crate-type lib --emit=dep-info,metadata -C embed-bitcode=no -C debuginfo=2 --cfg "feature=\"alloc\"" --cfg "feature=\"compiled_data\"" --cfg "feature=\"std\"" --check-cfg cfg(docsrs,test) --check-cfg "cfg(feature, values(\"alloc\", \"compiled_data\", \"default\", \"std\"))" -C metadata=2a4815e091b622bc -C extra-filename=-5d8fdf1698edcc74 --out-dir D:\a\explorer-rs\explorer-rs\target\debug\deps -L dependency=D:\a\explorer-rs\explorer-rs\target\debug\deps --extern idna_adapter=D:\a\explorer-rs\explorer-rs\target\debug\deps\libidna_adapter-46dc5e3571cedebd.rmeta --extern smallvec=D:\a\explorer-rs\explorer-rs\target\debug\deps\libsmallvec-e2ef2736e6727b79.rmeta --extern utf8_iter=D:\a\explorer-rs\explorer-rs\target\debug\deps\libutf8_iter-016cfdea9dd412a7.rmeta --cap-lints allow`
    Checking arrayref v0.3.9
     Running `C:\Users\runneradmin\.rustup\toolchains\stable-x86_64-pc-windows-msvc\bin\rustc.exe --crate-name arrayref --edition=2015 C:\Users\runneradmin\.cargo\registry\src\index.crates.io-1949cf8c6b5b557f\arrayref-0.3.9\src\lib.rs --error-format=json --json=diagnostic-rendered-ansi,artifacts,future-incompat --crate-type lib --emit=dep-info,metadata -C embed-bitcode=no -C debuginfo=2 --check-cfg cfg(docsrs,test) --check-cfg "cfg(feature, values())" -C metadata=db3d7d7c9a752751 -C extra-filename=-d18db93a3ed96740 --out-dir D:\a\explorer-rs\explorer-rs\target\debug\deps -L dependency=D:\a\explorer-rs\explorer-rs\target\debug\deps --cap-lints allow`
    Checking tiny-skia-path v0.11.4
     Running `C:\Users\runneradmin\.rustup\toolchains\stable-x86_64-pc-windows-msvc\bin\rustc.exe --crate-name tiny_skia_path --edition=2018 C:\Users\runneradmin\.cargo\registry\src\index.crates.io-1949cf8c6b5b557f\tiny-skia-path-0.11.4\src\lib.rs --error-format=json --json=diagnostic-rendered-ansi,artifacts,future-incompat --crate-type lib --emit=dep-info,metadata -C embed-bitcode=no -C debuginfo=2 --cfg "feature=\"default\"" --cfg "feature=\"std\"" --check-cfg cfg(docsrs,test) --check-cfg "cfg(feature, values(\"default\", \"libm\", \"no-std-float\", \"std\"))" -C metadata=f1bff821c09b4600 -C extra-filename=-bfea087f5cf93f25 --out-dir D:\a\explorer-rs\explorer-rs\target\debug\deps -L dependency=D:\a\explorer-rs\explorer-rs\target\debug\deps --extern arrayref=D:\a\explorer-rs\explorer-rs\target\debug\deps\libarrayref-d18db93a3ed96740.rmeta --extern bytemuck=D:\a\explorer-rs\explorer-rs\target\debug\deps\libbytemuck-fec5a5cab6e47577.rmeta --extern strict_num=D:\a\explorer-rs\explorer-rs\target\debug\deps\libstrict_num-537a9badb8f21718.rmeta --cap-lints allow`
    Checking url v2.5.8
     Running `C:\Users\runneradmin\.rustup\toolchains\stable-x86_64-pc-windows-msvc\bin\rustc.exe --crate-name url --edition=2018 C:\Users\runneradmin\.cargo\registry\src\index.crates.io-1949cf8c6b5b557f\url-2.5.8\src\lib.rs --error-format=json --json=diagnostic-rendered-ansi,artifacts,future-incompat --crate-type lib --emit=dep-info,metadata -C embed-bitcode=no -C debuginfo=2 --cfg "feature=\"default\"" --cfg "feature=\"std\"" --check-cfg cfg(docsrs,test) --check-cfg "cfg(feature, values(\"debugger_visualizer\", \"default\", \"expose_internals\", \"serde\", \"std\"))" -C metadata=4f71216b5e967f93 -C extra-filename=-26190e4b09599c6b --out-dir D:\a\explorer-rs\explorer-rs\target\debug\deps -L dependency=D:\a\explorer-rs\explorer-rs\target\debug\deps --extern form_urlencoded=D:\a\explorer-rs\explorer-rs\target\debug\deps\libform_urlencoded-a6db8c1433ba932a.rmeta --extern idna=D:\a\explorer-rs\explorer-rs\target\debug\deps\libidna-5d8fdf1698edcc74.rmeta --extern percent_encoding=D:\a\explorer-rs\explorer-rs\target\debug\deps\libpercent_encoding-dfc46a9661696f85.rmeta --cap-lints allow`
    Checking ab_glyph v0.2.32
     Running `C:\Users\runneradmin\.rustup\toolchains\stable-x86_64-pc-windows-msvc\bin\rustc.exe --crate-name ab_glyph --edition=2021 C:\Users\runneradmin\.cargo\registry\src\index.crates.io-1949cf8c6b5b557f\ab_glyph-0.2.32\src\lib.rs --error-format=json --json=diagnostic-rendered-ansi,artifacts,future-incompat --crate-type lib --emit=dep-info,metadata -C embed-bitcode=no -C debuginfo=2 --cfg "feature=\"default\"" --cfg "feature=\"gvar-alloc\"" --cfg "feature=\"std\"" --cfg "feature=\"variable-fonts\"" --check-cfg cfg(docsrs,test) --check-cfg "cfg(feature, values(\"default\", \"gvar-alloc\", \"libm\", \"std\", \"variable-fonts\"))" -C metadata=bf62ec4368d5e2bf -C extra-filename=-0a0a04cf229df9cb --out-dir D:\a\explorer-rs\explorer-rs\target\debug\deps -L dependency=D:\a\explorer-rs\explorer-rs\target\debug\deps --extern ab_glyph_rasterizer=D:\a\explorer-rs\explorer-rs\target\debug\deps\libab_glyph_rasterizer-2e8efefa9d975aea.rmeta --extern owned_ttf_parser=D:\a\explorer-rs\explorer-rs\target\debug\deps\libowned_ttf_parser-3e94fe1e40f0c74b.rmeta --cap-lints allow`
     Running `D:\a\explorer-rs\explorer-rs\target\debug\build\windows_x86_64_msvc-4b8016a6cf1a744e\build-script-build`
     Running `D:\a\explorer-rs\explorer-rs\target\debug\build\num-traits-72648031f09b0ef0\build-script-build`
    Checking parking_lot v0.12.5
     Running `C:\Users\runneradmin\.rustup\toolchains\stable-x86_64-pc-windows-msvc\bin\rustc.exe --crate-name parking_lot --edition=2021 C:\Users\runneradmin\.cargo\registry\src\index.crates.io-1949cf8c6b5b557f\parking_lot-0.12.5\src\lib.rs --error-format=json --json=diagnostic-rendered-ansi,artifacts,future-incompat --crate-type lib --emit=dep-info,metadata -C embed-bitcode=no -C debuginfo=2 --cfg "feature=\"default\"" --check-cfg cfg(docsrs,test) --check-cfg "cfg(feature, values(\"arc_lock\", \"deadlock_detection\", \"default\", \"hardware-lock-elision\", \"nightly\", \"owning_ref\", \"send_guard\", \"serde\"))" -C metadata=f0665c9d635d0774 -C extra-filename=-d12722ee36c2358b --out-dir D:\a\explorer-rs\explorer-rs\target\debug\deps -L dependency=D:\a\explorer-rs\explorer-rs\target\debug\deps --extern lock_api=D:\a\explorer-rs\explorer-rs\target\debug\deps\liblock_api-94f65e4b5c479bde.rmeta --extern parking_lot_core=D:\a\explorer-rs\explorer-rs\target\debug\deps\libparking_lot_core-c8d3e475cc8a5ec1.rmeta --cap-lints allow`
    Checking ecolor v0.28.1
     Running `C:\Users\runneradmin\.rustup\toolchains\stable-x86_64-pc-windows-msvc\bin\rustc.exe --crate-name ecolor --edition=2021 C:\Users\runneradmin\.cargo\registry\src\index.crates.io-1949cf8c6b5b557f\ecolor-0.28.1\src\lib.rs --error-format=json --json=diagnostic-rendered-ansi,artifacts,future-incompat --crate-type lib --emit=dep-info,metadata -C embed-bitcode=no -C debuginfo=2 --warn=clippy::zero_sized_map_values --allow=clippy::wildcard_imports --warn=clippy::wildcard_dependencies --warn=clippy::verbose_file_reads --warn=clippy::useless_transmute --warn=clippy::use_self --allow=clippy::unwrap_used --warn=clippy::unused_self --warn=clippy::unused_rounding --allow=unused_qualifications --warn=clippy::unused_peekable --warn=unused_lifetimes --warn=unused_import_braces --warn=unused_extern_crates --warn=unsafe_op_in_unsafe_fn --deny=unsafe_code --warn=clippy::unnested_or_patterns --warn=clippy::unnecessary_wraps --warn=clippy::unnecessary_struct_initialization --warn=clippy::unnecessary_safety_doc --warn=clippy::unnecessary_box_returns --warn=clippy::uninlined_format_args --warn=clippy::uninhabited_references --warn=clippy::unimplemented --warn=clippy::undocumented_unsafe_blocks --warn=clippy::unchecked_duration_subtraction --warn=clippy::tuple_array_conversions --warn=trivial_numeric_casts --allow=trivial_casts --warn=clippy::trait_duplication_in_bounds --warn=clippy::trailing_empty_array --allow=clippy::too_many_lines --warn=clippy::todo --warn=clippy::suspicious_xor_used_as_pow --warn=clippy::suspicious_command_arg_space --warn=clippy::string_to_string --warn=clippy::string_lit_chars_any --warn=clippy::string_lit_as_bytes --warn=clippy::string_add_assign --warn=clippy::string_add --warn=clippy::str_to_string --warn=clippy::single_match_else --allow=clippy::significant_drop_tightening --allow=clippy::should_panic_without_expect --warn=semicolon_in_expressions_from_macros --warn=clippy::semicolon_if_nothing_returned --allow=clippy::self_named_module_files --warn=clippy::same_functions_in_if_condition --warn=rust_2021_prelude_collisions --warn=rust_2018_idioms --warn=clippy::rest_pat_in_fully_bound_structs --warn=clippy::ref_patterns --warn=clippy::ref_option_ref --warn=clippy::redundant_type_annotations --warn=clippy::readonly_write_lock --warn=clippy::rc_mutex --warn=clippy::pub_without_shorthand --warn=clippy::ptr_cast_constness --warn=clippy::ptr_as_ptr --allow=clippy::print_stderr --warn=clippy::path_buf_push_overwrite --warn=clippy::option_option --warn=nonstandard_style --warn=clippy::nonstandard_macro_braces --warn=clippy::negative_feature_names --warn=clippy::needless_pass_by_value --warn=clippy::needless_pass_by_ref_mut --warn=clippy::needless_for_each --warn=clippy::needless_continue --warn=clippy::needless_borrow --warn=clippy::mutex_integer --warn=clippy::mut_mut --warn=clippy::missing_safety_doc --warn=clippy::missing_errors_doc --warn=clippy::missing_enforced_import_renames --warn=rustdoc::missing_crate_level_docs --allow=clippy::missing_assert_message --warn=clippy::mismatching_type_param_order --warn=clippy::mismatched_target_os --warn=clippy::mem_forget --warn=clippy::match_wildcard_for_single_variants --warn=clippy::match_wild_err_arm --warn=clippy::match_same_arms --warn=clippy::match_on_vec_items --warn=clippy::match_bool --warn=clippy::map_unwrap_or --warn=clippy::map_flatten --warn=clippy::map_err_ignore --warn=clippy::manual_string_new --allow=clippy::manual_range_contains --warn=clippy::manual_ok_or --warn=clippy::manual_let_else --warn=clippy::manual_instant_elapsed --warn=clippy::manual_clamp --warn=clippy::manual_assert --warn=clippy::macro_use_imports --warn=clippy::lossy_float_literal --warn=clippy::linkedlist --warn=clippy::let_unit_value --allow=clippy::let_underscore_untyped --warn=clippy::large_types_passed_by_value --warn=clippy::large_stack_frames --warn=clippy::large_stack_arrays --warn=clippy::large_include_file --warn=clippy::large_digit_groups --warn=clippy::iter_without_into_iter --allow=clippy::iter_over_hash_type --warn=clippy::iter_on_single_items --warn=clippy::iter_on_empty_collections --warn=clippy::iter_not_returning_iterator --warn=clippy::invalid_upcast_comparisons --warn=clippy::into_iter_without_iter --warn=clippy::infinite_loop --warn=clippy::inefficient_to_string --warn=clippy::index_refutable_slice --warn=clippy::imprecise_flops --warn=clippy::implied_bounds_in_impls --warn=clippy::implicit_clone --warn=clippy::if_let_mutex --warn=clippy::get_unwrap --warn=future_incompatible --warn=clippy::from_iter_instead_of_collect --warn=clippy::fn_to_numeric_cast_any --warn=clippy::fn_params_excessive_bools --warn=clippy::float_cmp_const --warn=clippy::flat_map_option --warn=clippy::filter_map_next --warn=clippy::fallible_impl_from --warn=clippy::explicit_iter_loop --warn=clippy::explicit_into_iter_loop --warn=clippy::explicit_deref_methods --warn=clippy::expl_impl_clone_on_copy --warn=clippy::exit --warn=clippy::equatable_if_let --warn=clippy::enum_glob_use --warn=clippy::empty_enum --warn=elided_lifetimes_in_paths --warn=clippy::doc_markdown --warn=clippy::doc_link_with_quotes --warn=clippy::disallowed_types --warn=clippy::disallowed_script_idents --warn=clippy::disallowed_names --warn=clippy::disallowed_methods --warn=clippy::disallowed_macros --warn=clippy::derive_partial_eq_without_eq --warn=clippy::debug_assert_with_mut_call --warn=clippy::dbg_macro --warn=clippy::cloned_instead_of_copied --warn=clippy::clear_with_drain --warn=clippy::checked_conversions --warn=clippy::char_lit_as_u8 --warn=clippy::bool_to_int_with_if --warn=clippy::await_holding_lock --warn=clippy::as_ptr_cast_mut --warn=rustdoc::all --cfg "feature=\"bytemuck\"" --cfg "feature=\"serde\"" --check-cfg cfg(docsrs,test) --check-cfg "cfg(feature, values(\"bytemuck\", \"cint\", \"color-hex\", \"default\", \"document-features\", \"serde\"))" -C metadata=84931041b556bf54 -C extra-filename=-737c3f7726fecd22 --out-dir D:\a\explorer-rs\explorer-rs\target\debug\deps -L dependency=D:\a\explorer-rs\explorer-rs\target\debug\deps --extern bytemuck=D:\a\explorer-rs\explorer-rs\target\debug\deps\libbytemuck-fec5a5cab6e47577.rmeta --extern emath=D:\a\explorer-rs\explorer-rs\target\debug\deps\libemath-9cc9fcf734368139.rmeta --extern serde=D:\a\explorer-rs\explorer-rs\target\debug\deps\libserde-63bd8e0ed55c5871.rmeta --cap-lints allow`
     Running `C:\Users\runneradmin\.rustup\toolchains\stable-x86_64-pc-windows-msvc\bin\rustc.exe --crate-name serde_core --edition=2021 C:\Users\runneradmin\.cargo\registry\src\index.crates.io-1949cf8c6b5b557f\serde_core-1.0.229\src\lib.rs --error-format=json --json=diagnostic-rendered-ansi,artifacts,future-incompat --crate-type lib --emit=dep-info,metadata,link -C embed-bitcode=no --cfg "feature=\"alloc\"" --cfg "feature=\"std\"" --check-cfg cfg(docsrs,test) --check-cfg "cfg(feature, values(\"alloc\", \"default\", \"rc\", \"result\", \"std\", \"unstable\"))" -C metadata=531cf2156ba5c599 -C extra-filename=-37d7b08e9123341f --out-dir D:\a\explorer-rs\explorer-rs\target\debug\deps -L dependency=D:\a\explorer-rs\explorer-rs\target\debug\deps --cap-lints allow --check-cfg cfg(if_docsrs_then_no_serde_core) --check-cfg cfg(no_core_cstr) --check-cfg cfg(no_core_error) --check-cfg cfg(no_core_net) --check-cfg cfg(no_core_num_saturating) --check-cfg cfg(no_diagnostic_namespace) --check-cfg cfg(no_serde_derive) --check-cfg cfg(no_std_atomic) --check-cfg cfg(no_std_atomic64) --check-cfg cfg(no_target_has_atomic)`
    Checking kurbo v0.9.5
     Running `C:\Users\runneradmin\.rustup\toolchains\stable-x86_64-pc-windows-msvc\bin\rustc.exe --crate-name kurbo --edition=2021 C:\Users\runneradmin\.cargo\registry\src\index.crates.io-1949cf8c6b5b557f\kurbo-0.9.5\src\lib.rs --error-format=json --json=diagnostic-rendered-ansi,artifacts,future-incompat --crate-type lib --emit=dep-info,metadata -C embed-bitcode=no -C debuginfo=2 --cfg "feature=\"default\"" --cfg "feature=\"std\"" --check-cfg cfg(docsrs,test) --check-cfg "cfg(feature, values(\"default\", \"libm\", \"mint\", \"schemars\", \"serde\", \"std\"))" -C metadata=06d493bec53952a1 -C extra-filename=-ea237c39b4501830 --out-dir D:\a\explorer-rs\explorer-rs\target\debug\deps -L dependency=D:\a\explorer-rs\explorer-rs\target\debug\deps --extern arrayvec=D:\a\explorer-rs\explorer-rs\target\debug\deps\libarrayvec-44e62195efcd9040.rmeta --cap-lints allow`
    Checking getrandom v0.2.17
     Running `C:\Users\runneradmin\.rustup\toolchains\stable-x86_64-pc-windows-msvc\bin\rustc.exe --crate-name getrandom --edition=2018 C:\Users\runneradmin\.cargo\registry\src\index.crates.io-1949cf8c6b5b557f\getrandom-0.2.17\src\lib.rs --error-format=json --json=diagnostic-rendered-ansi,artifacts,future-incompat --crate-type lib --emit=dep-info,metadata -C embed-bitcode=no -C debuginfo=2 --check-cfg cfg(docsrs,test) --check-cfg "cfg(feature, values(\"compiler_builtins\", \"core\", \"custom\", \"js\", \"js-sys\", \"linux_disable_fallback\", \"rdrand\", \"rustc-dep-of-std\", \"std\", \"test-in-browser\", \"wasm-bindgen\"))" -C metadata=37fd6b4b7ff7cdda -C extra-filename=-a235046946ee185c --out-dir D:\a\explorer-rs\explorer-rs\target\debug\deps -L dependency=D:\a\explorer-rs\explorer-rs\target\debug\deps --extern cfg_if=D:\a\explorer-rs\explorer-rs\target\debug\deps\libcfg_if-b7349115d2a20ae0.rmeta --cap-lints allow`
    Checking untrusted v0.9.0
     Running `C:\Users\runneradmin\.rustup\toolchains\stable-x86_64-pc-windows-msvc\bin\rustc.exe --crate-name untrusted --edition=2018 C:\Users\runneradmin\.cargo\registry\src\index.crates.io-1949cf8c6b5b557f\untrusted-0.9.0\src\lib.rs --error-format=json --json=diagnostic-rendered-ansi,artifacts,future-incompat --crate-type lib --emit=dep-info,metadata -C embed-bitcode=no -C debuginfo=2 --check-cfg cfg(docsrs,test) --check-cfg "cfg(feature, values())" -C metadata=7abe7e14291297c7 -C extra-filename=-d7ca8da2b972c2ca --out-dir D:\a\explorer-rs\explorer-rs\target\debug\deps -L dependency=D:\a\explorer-rs\explorer-rs\target\debug\deps --cap-lints allow`
    Checking siphasher v0.3.11
     Running `C:\Users\runneradmin\.rustup\toolchains\stable-x86_64-pc-windows-msvc\bin\rustc.exe --crate-name siphasher --edition=2018 C:\Users\runneradmin\.cargo\registry\src\index.crates.io-1949cf8c6b5b557f\siphasher-0.3.11\src\lib.rs --error-format=json --json=diagnostic-rendered-ansi,artifacts,future-incompat --crate-type lib --emit=dep-info,metadata -C embed-bitcode=no -C debuginfo=2 --cfg "feature=\"default\"" --cfg "feature=\"std\"" --check-cfg cfg(docsrs,test) --check-cfg "cfg(feature, values(\"default\", \"serde\", \"serde_json\", \"serde_no_std\", \"serde_std\", \"std\"))" -C metadata=ff6f740fcf86c63f -C extra-filename=-95fd22d73a3e8a11 --out-dir D:\a\explorer-rs\explorer-rs\target\debug\deps -L dependency=D:\a\explorer-rs\explorer-rs\target\debug\deps --cap-lints allow`
    Checking nohash-hasher v0.2.0
     Running `C:\Users\runneradmin\.rustup\toolchains\stable-x86_64-pc-windows-msvc\bin\rustc.exe --crate-name nohash_hasher --edition=2018 C:\Users\runneradmin\.cargo\registry\src\index.crates.io-1949cf8c6b5b557f\nohash-hasher-0.2.0\src\lib.rs --error-format=json --json=diagnostic-rendered-ansi,artifacts,future-incompat --crate-type lib --emit=dep-info,metadata -C embed-bitcode=no -C debuginfo=2 --cfg "feature=\"default\"" --cfg "feature=\"std\"" --check-cfg cfg(docsrs,test) --check-cfg "cfg(feature, values(\"default\", \"std\"))" -C metadata=32ebee34ebcf98ad -C extra-filename=-5651e2e00f596044 --out-dir D:\a\explorer-rs\explorer-rs\target\debug\deps -L dependency=D:\a\explorer-rs\explorer-rs\target\debug\deps --cap-lints allow`
   Compiling unicase v2.9.0
     Running `C:\Users\runneradmin\.rustup\toolchains\stable-x86_64-pc-windows-msvc\bin\rustc.exe --crate-name unicase --edition=2018 C:\Users\runneradmin\.cargo\registry\src\index.crates.io-1949cf8c6b5b557f\unicase-2.9.0\src\lib.rs --error-format=json --json=diagnostic-rendered-ansi,artifacts,future-incompat --crate-type lib --emit=dep-info,metadata,link -C embed-bitcode=no --check-cfg cfg(docsrs,test) --check-cfg "cfg(feature, values(\"nightly\"))" -C metadata=3077dc4ab21c010c -C extra-filename=-0a995b23dbd40c3d --out-dir D:\a\explorer-rs\explorer-rs\target\debug\deps -L dependency=D:\a\explorer-rs\explorer-rs\target\debug\deps --cap-lints allow`
   Compiling siphasher v1.0.3
     Running `C:\Users\runneradmin\.rustup\toolchains\stable-x86_64-pc-windows-msvc\bin\rustc.exe --crate-name siphasher --edition=2018 C:\Users\runneradmin\.cargo\registry\src\index.crates.io-1949cf8c6b5b557f\siphasher-1.0.3\src\lib.rs --error-format=json --json=diagnostic-rendered-ansi,artifacts,future-incompat --crate-type lib --emit=dep-info,metadata,link -C embed-bitcode=no --cfg "feature=\"default\"" --cfg "feature=\"std\"" --check-cfg cfg(docsrs,test) --check-cfg "cfg(feature, values(\"default\", \"serde\", \"serde_json\", \"serde_no_std\", \"serde_std\", \"std\"))" -C metadata=16696900ea8203d6 -C extra-filename=-4f01fb9b294e515c --out-dir D:\a\explorer-rs\explorer-rs\target\debug\deps -L dependency=D:\a\explorer-rs\explorer-rs\target\debug\deps --cap-lints allow`
    Checking svgtypes v0.13.0
     Running `C:\Users\runneradmin\.rustup\toolchains\stable-x86_64-pc-windows-msvc\bin\rustc.exe --crate-name svgtypes --edition=2018 C:\Users\runneradmin\.cargo\registry\src\index.crates.io-1949cf8c6b5b557f\svgtypes-0.13.0\src\lib.rs --error-format=json --json=diagnostic-rendered-ansi,artifacts,future-incompat --crate-type lib --emit=dep-info,metadata -C embed-bitcode=no -C debuginfo=2 --check-cfg cfg(docsrs,test) --check-cfg "cfg(feature, values())" -C metadata=05a02059b484a779 -C extra-filename=-1f69dc4c16895c96 --out-dir D:\a\explorer-rs\explorer-rs\target\debug\deps -L dependency=D:\a\explorer-rs\explorer-rs\target\debug\deps --extern kurbo=D:\a\explorer-rs\explorer-rs\target\debug\deps\libkurbo-ea237c39b4501830.rmeta --extern siphasher=D:\a\explorer-rs\explorer-rs\target\debug\deps\libsiphasher-95fd22d73a3e8a11.rmeta --cap-lints allow`
   Compiling phf_shared v0.11.3
     Running `C:\Users\runneradmin\.rustup\toolchains\stable-x86_64-pc-windows-msvc\bin\rustc.exe --crate-name phf_shared --edition=2021 C:\Users\runneradmin\.cargo\registry\src\index.crates.io-1949cf8c6b5b557f\phf_shared-0.11.3\src\lib.rs --error-format=json --json=diagnostic-rendered-ansi,artifacts,future-incompat --crate-type lib --emit=dep-info,metadata,link -C embed-bitcode=no --cfg "feature=\"default\"" --cfg "feature=\"std\"" --cfg "feature=\"unicase\"" --check-cfg cfg(docsrs,test) --check-cfg "cfg(feature, values(\"default\", \"std\", \"uncased\", \"unicase\"))" -C metadata=b72d7cbedfd9365e -C extra-filename=-38844f321d9f6c70 --out-dir D:\a\explorer-rs\explorer-rs\target\debug\deps -L dependency=D:\a\explorer-rs\explorer-rs\target\debug\deps --extern siphasher=D:\a\explorer-rs\explorer-rs\target\debug\deps\libsiphasher-4f01fb9b294e515c.rmeta --extern unicase=D:\a\explorer-rs\explorer-rs\target\debug\deps\libunicase-0a995b23dbd40c3d.rmeta --cap-lints allow`
     Running `C:\Users\runneradmin\.rustup\toolchains\stable-x86_64-pc-windows-msvc\bin\rustc.exe --crate-name ring --edition=2021 C:\Users\runneradmin\.cargo\registry\src\index.crates.io-1949cf8c6b5b557f\ring-0.17.14\src\lib.rs --error-format=json --json=diagnostic-rendered-ansi,artifacts,future-incompat --crate-type lib --emit=dep-info,metadata -C embed-bitcode=no -C debuginfo=2 --cfg "feature=\"alloc\"" --cfg "feature=\"default\"" --cfg "feature=\"dev_urandom_fallback\"" --check-cfg cfg(docsrs,test) --check-cfg "cfg(feature, values(\"alloc\", \"default\", \"dev_urandom_fallback\", \"less-safe-getrandom-custom-or-rdrand\", \"less-safe-getrandom-espidf\", \"slow_tests\", \"std\", \"test_logging\", \"unstable-testing-arm-no-hw\", \"unstable-testing-arm-no-neon\", \"wasm32_unknown_unknown_js\"))" -C metadata=9ceffbe523efe268 -C extra-filename=-e44ea898c23fe527 --out-dir D:\a\explorer-rs\explorer-rs\target\debug\deps -L dependency=D:\a\explorer-rs\explorer-rs\target\debug\deps --extern cfg_if=D:\a\explorer-rs\explorer-rs\target\debug\deps\libcfg_if-b7349115d2a20ae0.rmeta --extern getrandom=D:\a\explorer-rs\explorer-rs\target\debug\deps\libgetrandom-a235046946ee185c.rmeta --extern untrusted=D:\a\explorer-rs\explorer-rs\target\debug\deps\libuntrusted-d7ca8da2b972c2ca.rmeta --cap-lints allow -L native=D:\a\explorer-rs\explorer-rs\target\debug\build\ring-d59ab82cdceb3675\out -l static=ring_core_0_17_14_ -l static=ring_core_0_17_14__test`
     Running `C:\Users\runneradmin\.rustup\toolchains\stable-x86_64-pc-windows-msvc\bin\rustc.exe --crate-name num_traits --edition=2021 C:\Users\runneradmin\.cargo\registry\src\index.crates.io-1949cf8c6b5b557f\num-traits-0.2.19\src\lib.rs --error-format=json --json=diagnostic-rendered-ansi,artifacts,future-incompat --crate-type lib --emit=dep-info,metadata -C embed-bitcode=no -C debuginfo=2 --cfg "feature=\"default\"" --cfg "feature=\"std\"" --check-cfg cfg(docsrs,test) --check-cfg "cfg(feature, values(\"default\", \"i128\", \"libm\", \"std\"))" -C metadata=4186b042154ad46c -C extra-filename=-f009559984e75c5f --out-dir D:\a\explorer-rs\explorer-rs\target\debug\deps -L dependency=D:\a\explorer-rs\explorer-rs\target\debug\deps --cap-lints allow --cfg has_total_cmp --check-cfg cfg(has_total_cmp)`
     Running `C:\Users\runneradmin\.rustup\toolchains\stable-x86_64-pc-windows-msvc\bin\rustc.exe --crate-name ahash --edition=2018 C:\Users\runneradmin\.cargo\registry\src\index.crates.io-1949cf8c6b5b557f\ahash-0.8.12\src\lib.rs --error-format=json --json=diagnostic-rendered-ansi,artifacts,future-incompat --crate-type lib --emit=dep-info,metadata -C embed-bitcode=no -C debuginfo=2 --cfg "feature=\"no-rng\"" --cfg "feature=\"serde\"" --cfg "feature=\"std\"" --check-cfg cfg(docsrs,test) --check-cfg "cfg(feature, values(\"atomic-polyfill\", \"compile-time-rng\", \"const-random\", \"default\", \"getrandom\", \"nightly-arm-aes\", \"no-rng\", \"runtime-rng\", \"serde\", \"std\"))" -C metadata=e6f03cad247ac7fe -C extra-filename=-9c51ef97478c8716 --out-dir D:\a\explorer-rs\explorer-rs\target\debug\deps -L dependency=D:\a\explorer-rs\explorer-rs\target\debug\deps --extern cfg_if=D:\a\explorer-rs\explorer-rs\target\debug\deps\libcfg_if-b7349115d2a20ae0.rmeta --extern once_cell=D:\a\explorer-rs\explorer-rs\target\debug\deps\libonce_cell-54f11a5580fe8efc.rmeta --extern serde=D:\a\explorer-rs\explorer-rs\target\debug\deps\libserde-63bd8e0ed55c5871.rmeta --extern zerocopy=D:\a\explorer-rs\explorer-rs\target\debug\deps\libzerocopy-a4deef12b0cbeaf6.rmeta --cap-lints allow --cfg folded_multiply --check-cfg cfg(specialize) --check-cfg cfg(folded_multiply)`
    Checking epaint v0.28.1
     Running `C:\Users\runneradmin\.rustup\toolchains\stable-x86_64-pc-windows-msvc\bin\rustc.exe --crate-name epaint --edition=2021 C:\Users\runneradmin\.cargo\registry\src\index.crates.io-1949cf8c6b5b557f\epaint-0.28.1\src\lib.rs --error-format=json --json=diagnostic-rendered-ansi,artifacts,future-incompat --crate-type lib --emit=dep-info,metadata -C embed-bitcode=no -C debuginfo=2 --warn=clippy::zero_sized_map_values --allow=clippy::wildcard_imports --warn=clippy::wildcard_dependencies --warn=clippy::verbose_file_reads --warn=clippy::useless_transmute --warn=clippy::use_self --allow=clippy::unwrap_used --warn=clippy::unused_self --warn=clippy::unused_rounding --allow=unused_qualifications --warn=clippy::unused_peekable --warn=unused_lifetimes --warn=unused_import_braces --warn=unused_extern_crates --warn=unsafe_op_in_unsafe_fn --deny=unsafe_code --warn=clippy::unnested_or_patterns --warn=clippy::unnecessary_wraps --warn=clippy::unnecessary_struct_initialization --warn=clippy::unnecessary_safety_doc --warn=clippy::unnecessary_box_returns --warn=clippy::uninlined_format_args --warn=clippy::uninhabited_references --warn=clippy::unimplemented --warn=clippy::undocumented_unsafe_blocks --warn=clippy::unchecked_duration_subtraction --warn=clippy::tuple_array_conversions --warn=trivial_numeric_casts --allow=trivial_casts --warn=clippy::trait_duplication_in_bounds --warn=clippy::trailing_empty_array --allow=clippy::too_many_lines --warn=clippy::todo --warn=clippy::suspicious_xor_used_as_pow --warn=clippy::suspicious_command_arg_space --warn=clippy::string_to_string --warn=clippy::string_lit_chars_any --warn=clippy::string_lit_as_bytes --warn=clippy::string_add_assign --warn=clippy::string_add --warn=clippy::str_to_string --warn=clippy::single_match_else --allow=clippy::significant_drop_tightening --allow=clippy::should_panic_without_expect --warn=semicolon_in_expressions_from_macros --warn=clippy::semicolon_if_nothing_returned --allow=clippy::self_named_module_files --warn=clippy::same_functions_in_if_condition --warn=rust_2021_prelude_collisions --warn=rust_2018_idioms --warn=clippy::rest_pat_in_fully_bound_structs --warn=clippy::ref_patterns --warn=clippy::ref_option_ref --warn=clippy::redundant_type_annotations --warn=clippy::readonly_write_lock --warn=clippy::rc_mutex --warn=clippy::pub_without_shorthand --warn=clippy::ptr_cast_constness --warn=clippy::ptr_as_ptr --allow=clippy::print_stderr --warn=clippy::path_buf_push_overwrite --warn=clippy::option_option --warn=nonstandard_style --warn=clippy::nonstandard_macro_braces --warn=clippy::negative_feature_names --warn=clippy::needless_pass_by_value --warn=clippy::needless_pass_by_ref_mut --warn=clippy::needless_for_each --warn=clippy::needless_continue --warn=clippy::needless_borrow --warn=clippy::mutex_integer --warn=clippy::mut_mut --warn=clippy::missing_safety_doc --warn=clippy::missing_errors_doc --warn=clippy::missing_enforced_import_renames --warn=rustdoc::missing_crate_level_docs --allow=clippy::missing_assert_message --warn=clippy::mismatching_type_param_order --warn=clippy::mismatched_target_os --warn=clippy::mem_forget --warn=clippy::match_wildcard_for_single_variants --warn=clippy::match_wild_err_arm --warn=clippy::match_same_arms --warn=clippy::match_on_vec_items --warn=clippy::match_bool --warn=clippy::map_unwrap_or --warn=clippy::map_flatten --warn=clippy::map_err_ignore --warn=clippy::manual_string_new --allow=clippy::manual_range_contains --warn=clippy::manual_ok_or --warn=clippy::manual_let_else --warn=clippy::manual_instant_elapsed --warn=clippy::manual_clamp --warn=clippy::manual_assert --warn=clippy::macro_use_imports --warn=clippy::lossy_float_literal --warn=clippy::linkedlist --warn=clippy::let_unit_value --allow=clippy::let_underscore_untyped --warn=clippy::large_types_passed_by_value --warn=clippy::large_stack_frames --warn=clippy::large_stack_arrays --warn=clippy::large_include_file --warn=clippy::large_digit_groups --warn=clippy::iter_without_into_iter --allow=clippy::iter_over_hash_type --warn=clippy::iter_on_single_items --warn=clippy::iter_on_empty_collections --warn=clippy::iter_not_returning_iterator --warn=clippy::invalid_upcast_comparisons --warn=clippy::into_iter_without_iter --warn=clippy::infinite_loop --warn=clippy::inefficient_to_string --warn=clippy::index_refutable_slice --warn=clippy::imprecise_flops --warn=clippy::implied_bounds_in_impls --warn=clippy::implicit_clone --warn=clippy::if_let_mutex --warn=clippy::get_unwrap --warn=future_incompatible --warn=clippy::from_iter_instead_of_collect --warn=clippy::fn_to_numeric_cast_any --warn=clippy::fn_params_excessive_bools --warn=clippy::float_cmp_const --warn=clippy::flat_map_option --warn=clippy::filter_map_next --warn=clippy::fallible_impl_from --warn=clippy::explicit_iter_loop --warn=clippy::explicit_into_iter_loop --warn=clippy::explicit_deref_methods --warn=clippy::expl_impl_clone_on_copy --warn=clippy::exit --warn=clippy::equatable_if_let --warn=clippy::enum_glob_use --warn=clippy::empty_enum --warn=elided_lifetimes_in_paths --warn=clippy::doc_markdown --warn=clippy::doc_link_with_quotes --warn=clippy::disallowed_types --warn=clippy::disallowed_script_idents --warn=clippy::disallowed_names --warn=clippy::disallowed_methods --warn=clippy::disallowed_macros --warn=clippy::derive_partial_eq_without_eq --warn=clippy::debug_assert_with_mut_call --warn=clippy::dbg_macro --warn=clippy::cloned_instead_of_copied --warn=clippy::clear_with_drain --warn=clippy::checked_conversions --warn=clippy::char_lit_as_u8 --warn=clippy::bool_to_int_with_if --warn=clippy::await_holding_lock --warn=clippy::as_ptr_cast_mut --warn=rustdoc::all --cfg "feature=\"bytemuck\"" --cfg "feature=\"default_fonts\"" --cfg "feature=\"log\"" --cfg "feature=\"serde\"" --check-cfg cfg(docsrs,test) --check-cfg "cfg(feature, values(\"bytemuck\", \"cint\", \"color-hex\", \"deadlock_detection\", \"default\", \"default_fonts\", \"document-features\", \"log\", \"mint\", \"puffin\", \"rayon\", \"serde\", \"unity\"))" -C metadata=daaf3f632d53d97a -C extra-filename=-ee7ca1d788933c3d --out-dir D:\a\explorer-rs\explorer-rs\target\debug\deps -L dependency=D:\a\explorer-rs\explorer-rs\target\debug\deps --extern ab_glyph=D:\a\explorer-rs\explorer-rs\target\debug\deps\libab_glyph-0a0a04cf229df9cb.rmeta --extern ahash=D:\a\explorer-rs\explorer-rs\target\debug\deps\libahash-9c51ef97478c8716.rmeta --extern bytemuck=D:\a\explorer-rs\explorer-rs\target\debug\deps\libbytemuck-fec5a5cab6e47577.rmeta --extern ecolor=D:\a\explorer-rs\explorer-rs\target\debug\deps\libecolor-737c3f7726fecd22.rmeta --extern emath=D:\a\explorer-rs\explorer-rs\target\debug\deps\libemath-9cc9fcf734368139.rmeta --extern log=D:\a\explorer-rs\explorer-rs\target\debug\deps\liblog-a55e43c5b83e885f.rmeta --extern nohash_hasher=D:\a\explorer-rs\explorer-rs\target\debug\deps\libnohash_hasher-5651e2e00f596044.rmeta --extern parking_lot=D:\a\explorer-rs\explorer-rs\target\debug\deps\libparking_lot-d12722ee36c2358b.rmeta --extern serde=D:\a\explorer-rs\explorer-rs\target\debug\deps\libserde-63bd8e0ed55c5871.rmeta --cap-lints allow`
     Running `C:\Users\runneradmin\.rustup\toolchains\stable-x86_64-pc-windows-msvc\bin\rustc.exe --crate-name windows_x86_64_msvc --edition=2021 C:\Users\runneradmin\.cargo\registry\src\index.crates.io-1949cf8c6b5b557f\windows_x86_64_msvc-0.53.1\src\lib.rs --error-format=json --json=diagnostic-rendered-ansi,artifacts,future-incompat --crate-type lib --emit=dep-info,metadata -C embed-bitcode=no -C debuginfo=2 --warn=unexpected_cfgs --warn=missing_unsafe_on_extern --check-cfg "cfg(windows_raw_dylib, windows_slim_errors)" --check-cfg cfg(docsrs,test) --check-cfg "cfg(feature, values())" -C metadata=04d988bc15916bdf -C extra-filename=-58cb45436dcb5c0b --out-dir D:\a\explorer-rs\explorer-rs\target\debug\deps -L dependency=D:\a\explorer-rs\explorer-rs\target\debug\deps --cap-lints allow -L native=C:\Users\runneradmin\.cargo\registry\src\index.crates.io-1949cf8c6b5b557f\windows_x86_64_msvc-0.53.1\lib`
   Compiling glutin_wgl_sys v0.5.0
     Running `C:\Users\runneradmin\.rustup\toolchains\stable-x86_64-pc-windows-msvc\bin\rustc.exe --crate-name build_script_build --edition=2021 C:\Users\runneradmin\.cargo\registry\src\index.crates.io-1949cf8c6b5b557f\glutin_wgl_sys-0.5.0\build.rs --error-format=json --json=diagnostic-rendered-ansi,artifacts,future-incompat --crate-type bin --emit=dep-info,link -C embed-bitcode=no --check-cfg cfg(docsrs,test) --check-cfg "cfg(feature, values())" -C metadata=161ef2efa6551ade -C extra-filename=-48327ac0d3bc9195 --out-dir D:\a\explorer-rs\explorer-rs\target\debug\build\glutin_wgl_sys-48327ac0d3bc9195 -L dependency=D:\a\explorer-rs\explorer-rs\target\debug\deps --extern gl_generator=D:\a\explorer-rs\explorer-rs\target\debug\deps\libgl_generator-e23af95a60fd846d.rlib --cap-lints allow`
   Compiling glutin_egl_sys v0.6.0
     Running `C:\Users\runneradmin\.rustup\toolchains\stable-x86_64-pc-windows-msvc\bin\rustc.exe --crate-name build_script_build --edition=2021 C:\Users\runneradmin\.cargo\registry\src\index.crates.io-1949cf8c6b5b557f\glutin_egl_sys-0.6.0\build.rs --error-format=json --json=diagnostic-rendered-ansi,artifacts,future-incompat --crate-type bin --emit=dep-info,link -C embed-bitcode=no --check-cfg cfg(docsrs,test) --check-cfg "cfg(feature, values())" -C metadata=02ee98ba6f823c52 -C extra-filename=-382317ac477047dc --out-dir D:\a\explorer-rs\explorer-rs\target\debug\build\glutin_egl_sys-382317ac477047dc -L dependency=D:\a\explorer-rs\explorer-rs\target\debug\deps --extern gl_generator=D:\a\explorer-rs\explorer-rs\target\debug\deps\libgl_generator-e23af95a60fd846d.rlib --cap-lints allow`
   Compiling winit v0.29.15
     Running `C:\Users\runneradmin\.rustup\toolchains\stable-x86_64-pc-windows-msvc\bin\rustc.exe --crate-name build_script_build --edition=2021 C:\Users\runneradmin\.cargo\registry\src\index.crates.io-1949cf8c6b5b557f\winit-0.29.15\build.rs --error-format=json --json=diagnostic-rendered-ansi,artifacts,future-incompat --crate-type bin --emit=dep-info,link -C embed-bitcode=no --cfg "feature=\"ahash\"" --cfg "feature=\"bytemuck\"" --cfg "feature=\"memmap2\"" --cfg "feature=\"percent-encoding\"" --cfg "feature=\"rwh_05\"" --cfg "feature=\"rwh_06\"" --cfg "feature=\"sctk\"" --cfg "feature=\"wayland\"" --cfg "feature=\"wayland-backend\"" --cfg "feature=\"wayland-client\"" --cfg "feature=\"wayland-protocols\"" --cfg "feature=\"wayland-protocols-plasma\"" --cfg "feature=\"x11\"" --cfg "feature=\"x11-dl\"" --cfg "feature=\"x11rb\"" --check-cfg cfg(docsrs,test) --check-cfg "cfg(feature, values(\"ahash\", \"android-game-activity\", \"android-native-activity\", \"bytemuck\", \"default\", \"memmap2\", \"mint\", \"percent-encoding\", \"rwh_04\", \"rwh_05\", \"rwh_06\", \"sctk\", \"sctk-adwaita\", \"serde\", \"wayland\", \"wayland-backend\", \"wayland-client\", \"wayland-csd-adwaita\", \"wayland-csd-adwaita-crossfont\", \"wayland-csd-adwaita-notitle\", \"wayland-dlopen\", \"wayland-protocols\", \"wayland-protocols-plasma\", \"x11\", \"x11-dl\", \"x11rb\"))" -C metadata=3c0980820e93722c -C extra-filename=-5d9d2a549330b69e --out-dir D:\a\explorer-rs\explorer-rs\target\debug\build\winit-5d9d2a549330b69e -L dependency=D:\a\explorer-rs\explorer-rs\target\debug\deps --extern cfg_aliases=D:\a\explorer-rs\explorer-rs\target\debug\deps\libcfg_aliases-985bbaee5a6e46c3.rlib --cap-lints allow`
    Checking raw-window-handle v0.6.2
     Running `C:\Users\runneradmin\.rustup\toolchains\stable-x86_64-pc-windows-msvc\bin\rustc.exe --crate-name raw_window_handle --edition=2021 C:\Users\runneradmin\.cargo\registry\src\index.crates.io-1949cf8c6b5b557f\raw-window-handle-0.6.2\src\lib.rs --error-format=json --json=diagnostic-rendered-ansi,artifacts,future-incompat --crate-type lib --emit=dep-info,metadata -C embed-bitcode=no -C debuginfo=2 --cfg "feature=\"alloc\"" --cfg "feature=\"std\"" --check-cfg cfg(docsrs,test) --check-cfg "cfg(feature, values(\"alloc\", \"std\", \"wasm-bindgen\", \"wasm-bindgen-0-2\"))" -C metadata=f41c504e34776d71 -C extra-filename=-bd9d64105fef5c9e --out-dir D:\a\explorer-rs\explorer-rs\target\debug\deps -L dependency=D:\a\explorer-rs\explorer-rs\target\debug\deps --cap-lints allow`
    Checking raw-window-handle v0.5.2
     Running `C:\Users\runneradmin\.rustup\toolchains\stable-x86_64-pc-windows-msvc\bin\rustc.exe --crate-name raw_window_handle --edition=2021 C:\Users\runneradmin\.cargo\registry\src\index.crates.io-1949cf8c6b5b557f\raw-window-handle-0.5.2\src\lib.rs --error-format=json --json=diagnostic-rendered-ansi,artifacts,future-incompat --crate-type lib --emit=dep-info,metadata -C embed-bitcode=no -C debuginfo=2 --cfg "feature=\"alloc\"" --cfg "feature=\"std\"" --check-cfg cfg(docsrs,test) --check-cfg "cfg(feature, values(\"alloc\", \"std\"))" -C metadata=2bda7f3f057a1fc9 -C extra-filename=-475563cc2b973d67 --out-dir D:\a\explorer-rs\explorer-rs\target\debug\deps -L dependency=D:\a\explorer-rs\explorer-rs\target\debug\deps --cap-lints allow`
    Checking rctree v0.5.0
     Running `C:\Users\runneradmin\.rustup\toolchains\stable-x86_64-pc-windows-msvc\bin\rustc.exe --crate-name rctree --edition=2015 C:\Users\runneradmin\.cargo\registry\src\index.crates.io-1949cf8c6b5b557f\rctree-0.5.0\src\lib.rs --error-format=json --json=diagnostic-rendered-ansi,artifacts,future-incompat --crate-type lib --emit=dep-info,metadata -C embed-bitcode=no -C debuginfo=2 --check-cfg cfg(docsrs,test) --check-cfg "cfg(feature, values())" -C metadata=9c9973175ee894d8 -C extra-filename=-b9f570252a8dd228 --out-dir D:\a\explorer-rs\explorer-rs\target\debug\deps -L dependency=D:\a\explorer-rs\explorer-rs\target\debug\deps --cap-lints allow`
   Compiling rustls v0.23.43
     Running `C:\Users\runneradmin\.rustup\toolchains\stable-x86_64-pc-windows-msvc\bin\rustc.exe --crate-name build_script_build --edition=2021 C:\Users\runneradmin\.cargo\registry\src\index.crates.io-1949cf8c6b5b557f\rustls-0.23.43\build.rs --error-format=json --json=diagnostic-rendered-ansi,artifacts,future-incompat --crate-type bin --emit=dep-info,link -C embed-bitcode=no --warn=unexpected_cfgs --check-cfg cfg(bench) --check-cfg cfg(coverage_nightly) --check-cfg cfg(read_buf) --check-cfg cfg(rustls_docsrs) --cfg "feature=\"log\"" --cfg "feature=\"logging\"" --cfg "feature=\"ring\"" --cfg "feature=\"std\"" --cfg "feature=\"tls12\"" --check-cfg cfg(docsrs,test) --check-cfg "cfg(feature, values(\"aws-lc-rs\", \"aws_lc_rs\", \"brotli\", \"custom-provider\", \"default\", \"fips\", \"hashbrown\", \"log\", \"logging\", \"prefer-post-quantum\", \"read_buf\", \"ring\", \"rustversion\", \"std\", \"tls12\", \"zlib\"))" -C metadata=a92c0d7856bd197e -C extra-filename=-295556cef060825f --out-dir D:\a\explorer-rs\explorer-rs\target\debug\build\rustls-295556cef060825f -L dependency=D:\a\explorer-rs\explorer-rs\target\debug\deps --cap-lints allow`
   Compiling winnow v1.0.4
     Running `C:\Users\runneradmin\.rustup\toolchains\stable-x86_64-pc-windows-msvc\bin\rustc.exe --crate-name winnow --edition=2021 C:\Users\runneradmin\.cargo\registry\src\index.crates.io-1949cf8c6b5b557f\winnow-1.0.4\src\lib.rs --error-format=json --json=diagnostic-rendered-ansi,artifacts,future-incompat --crate-type lib --emit=dep-info,metadata,link -C embed-bitcode=no --warn=rust_2018_idioms --warn=clippy::zero_sized_map_values --warn=clippy::wildcard_imports --warn=clippy::verbose_file_reads --warn=unused_macro_rules --warn=unused_lifetimes --warn=unsafe_op_in_unsafe_fn --warn=unreachable_pub --warn=unnameable_types --warn=clippy::uninlined_format_args --warn=clippy::trait_duplication_in_bounds --warn=clippy::todo --warn=clippy::string_lit_as_bytes --warn=clippy::string_add_assign --warn=clippy::string_add --warn=clippy::str_to_string --warn=clippy::semicolon_if_nothing_returned --warn=clippy::same_functions_in_if_condition --allow=clippy::result_large_err --warn=clippy::rest_pat_in_fully_bound_structs --warn=clippy::ref_option_ref --warn=clippy::redundant_feature_names --warn=clippy::rc_mutex --warn=clippy::ptr_as_ptr --warn=clippy::path_buf_push_overwrite --warn=clippy::negative_feature_names --warn=clippy::needless_for_each --allow=clippy::needless_continue --warn=clippy::mutex_integer --warn=clippy::mem_forget --warn=clippy::macro_use_imports --warn=clippy::lossy_float_literal --warn=clippy::linkedlist --allow=clippy::let_and_return --warn=clippy::large_types_passed_by_value --warn=clippy::large_stack_arrays --warn=clippy::large_digit_groups --warn=clippy::invalid_upcast_comparisons --warn=clippy::infinite_loop --warn=clippy::inefficient_to_string --warn=clippy::inconsistent_struct_constructor --warn=clippy::imprecise_flops --warn=clippy::implicit_clone --allow=clippy::if_same_then_else --warn=clippy::from_iter_instead_of_collect --warn=clippy::fn_params_excessive_bools --warn=clippy::float_cmp_const --warn=clippy::flat_map_option --warn=clippy::filter_map_next --warn=clippy::fallible_impl_from --warn=clippy::explicit_into_iter_loop --warn=clippy::explicit_deref_methods --warn=clippy::expl_impl_clone_on_copy --warn=clippy::enum_glob_use --warn=clippy::empty_enums --warn=clippy::doc_markdown --warn=clippy::debug_assert_with_mut_call --warn=clippy::dbg_macro --warn=clippy::create_dir --allow=clippy::collapsible_else_if --warn=clippy::checked_conversions --allow=clippy::byte_char_slices --allow=clippy::branches_sharing_code --allow=clippy::bool_assert_comparison --check-cfg cfg(docsrs,test) --check-cfg "cfg(feature, values(\"alloc\", \"ascii\", \"binary\", \"debug\", \"default\", \"parser\", \"simd\", \"std\", \"unstable-doc\", \"unstable-recover\"))" -C metadata=aad0192ec65089fe -C extra-filename=-27251502e109daae --out-dir D:\a\explorer-rs\explorer-rs\target\debug\deps -L dependency=D:\a\explorer-rs\explorer-rs\target\debug\deps --cap-lints allow`
     Running `D:\a\explorer-rs\explorer-rs\target\debug\build\glutin_egl_sys-382317ac477047dc\build-script-build`
     Running `D:\a\explorer-rs\explorer-rs\target\debug\build\rustls-295556cef060825f\build-script-build`
    Checking usvg-tree v0.37.0
     Running `C:\Users\runneradmin\.rustup\toolchains\stable-x86_64-pc-windows-msvc\bin\rustc.exe --crate-name usvg_tree --edition=2018 C:\Users\runneradmin\.cargo\registry\src\index.crates.io-1949cf8c6b5b557f\usvg-tree-0.37.0\src\lib.rs --error-format=json --json=diagnostic-rendered-ansi,artifacts,future-incompat --crate-type lib --emit=dep-info,metadata -C embed-bitcode=no -C debuginfo=2 --check-cfg cfg(docsrs,test) --check-cfg "cfg(feature, values())" -C metadata=bb213a4d3dee1c5b -C extra-filename=-0da36509f54e525b --out-dir D:\a\explorer-rs\explorer-rs\target\debug\deps -L dependency=D:\a\explorer-rs\explorer-rs\target\debug\deps --extern rctree=D:\a\explorer-rs\explorer-rs\target\debug\deps\librctree-b9f570252a8dd228.rmeta --extern strict_num=D:\a\explorer-rs\explorer-rs\target\debug\deps\libstrict_num-537a9badb8f21718.rmeta --extern svgtypes=D:\a\explorer-rs\explorer-rs\target\debug\deps\libsvgtypes-1f69dc4c16895c96.rmeta --extern tiny_skia_path=D:\a\explorer-rs\explorer-rs\target\debug\deps\libtiny_skia_path-bfea087f5cf93f25.rmeta --cap-lints allow`
     Running `D:\a\explorer-rs\explorer-rs\target\debug\build\winit-5d9d2a549330b69e\build-script-build`
     Running `D:\a\explorer-rs\explorer-rs\target\debug\build\glutin_wgl_sys-48327ac0d3bc9195\build-script-build`
    Checking egui v0.28.1
     Running `C:\Users\runneradmin\.rustup\toolchains\stable-x86_64-pc-windows-msvc\bin\rustc.exe --crate-name egui --edition=2021 C:\Users\runneradmin\.cargo\registry\src\index.crates.io-1949cf8c6b5b557f\egui-0.28.1\src\lib.rs --error-format=json --json=diagnostic-rendered-ansi,artifacts,future-incompat --crate-type lib --emit=dep-info,metadata -C embed-bitcode=no -C debuginfo=2 --warn=clippy::zero_sized_map_values --allow=clippy::wildcard_imports --warn=clippy::wildcard_dependencies --warn=clippy::verbose_file_reads --warn=clippy::useless_transmute --warn=clippy::use_self --allow=clippy::unwrap_used --warn=clippy::unused_self --warn=clippy::unused_rounding --allow=unused_qualifications --warn=clippy::unused_peekable --warn=unused_lifetimes --warn=unused_import_braces --warn=unused_extern_crates --warn=unsafe_op_in_unsafe_fn --deny=unsafe_code --warn=clippy::unnested_or_patterns --warn=clippy::unnecessary_wraps --warn=clippy::unnecessary_struct_initialization --warn=clippy::unnecessary_safety_doc --warn=clippy::unnecessary_box_returns --warn=clippy::uninlined_format_args --warn=clippy::uninhabited_references --warn=clippy::unimplemented --warn=clippy::undocumented_unsafe_blocks --warn=clippy::unchecked_duration_subtraction --warn=clippy::tuple_array_conversions --warn=trivial_numeric_casts --allow=trivial_casts --warn=clippy::trait_duplication_in_bounds --warn=clippy::trailing_empty_array --allow=clippy::too_many_lines --warn=clippy::todo --warn=clippy::suspicious_xor_used_as_pow --warn=clippy::suspicious_command_arg_space --warn=clippy::string_to_string --warn=clippy::string_lit_chars_any --warn=clippy::string_lit_as_bytes --warn=clippy::string_add_assign --warn=clippy::string_add --warn=clippy::str_to_string --warn=clippy::single_match_else --allow=clippy::significant_drop_tightening --allow=clippy::should_panic_without_expect --warn=semicolon_in_expressions_from_macros --warn=clippy::semicolon_if_nothing_returned --allow=clippy::self_named_module_files --warn=clippy::same_functions_in_if_condition --warn=rust_2021_prelude_collisions --warn=rust_2018_idioms --warn=clippy::rest_pat_in_fully_bound_structs --warn=clippy::ref_patterns --warn=clippy::ref_option_ref --warn=clippy::redundant_type_annotations --warn=clippy::readonly_write_lock --warn=clippy::rc_mutex --warn=clippy::pub_without_shorthand --warn=clippy::ptr_cast_constness --warn=clippy::ptr_as_ptr --allow=clippy::print_stderr --warn=clippy::path_buf_push_overwrite --warn=clippy::option_option --warn=nonstandard_style --warn=clippy::nonstandard_macro_braces --warn=clippy::negative_feature_names --warn=clippy::needless_pass_by_value --warn=clippy::needless_pass_by_ref_mut --warn=clippy::needless_for_each --warn=clippy::needless_continue --warn=clippy::needless_borrow --warn=clippy::mutex_integer --warn=clippy::mut_mut --warn=clippy::missing_safety_doc --warn=clippy::missing_errors_doc --warn=clippy::missing_enforced_import_renames --warn=rustdoc::missing_crate_level_docs --allow=clippy::missing_assert_message --warn=clippy::mismatching_type_param_order --warn=clippy::mismatched_target_os --warn=clippy::mem_forget --warn=clippy::match_wildcard_for_single_variants --warn=clippy::match_wild_err_arm --warn=clippy::match_same_arms --warn=clippy::match_on_vec_items --warn=clippy::match_bool --warn=clippy::map_unwrap_or --warn=clippy::map_flatten --warn=clippy::map_err_ignore --warn=clippy::manual_string_new --allow=clippy::manual_range_contains --warn=clippy::manual_ok_or --warn=clippy::manual_let_else --warn=clippy::manual_instant_elapsed --warn=clippy::manual_clamp --warn=clippy::manual_assert --warn=clippy::macro_use_imports --warn=clippy::lossy_float_literal --warn=clippy::linkedlist --warn=clippy::let_unit_value --allow=clippy::let_underscore_untyped --warn=clippy::large_types_passed_by_value --warn=clippy::large_stack_frames --warn=clippy::large_stack_arrays --warn=clippy::large_include_file --warn=clippy::large_digit_groups --warn=clippy::iter_without_into_iter --allow=clippy::iter_over_hash_type --warn=clippy::iter_on_single_items --warn=clippy::iter_on_empty_collections --warn=clippy::iter_not_returning_iterator --warn=clippy::invalid_upcast_comparisons --warn=clippy::into_iter_without_iter --warn=clippy::infinite_loop --warn=clippy::inefficient_to_string --warn=clippy::index_refutable_slice --warn=clippy::imprecise_flops --warn=clippy::implied_bounds_in_impls --warn=clippy::implicit_clone --warn=clippy::if_let_mutex --warn=clippy::get_unwrap --warn=future_incompatible --warn=clippy::from_iter_instead_of_collect --warn=clippy::fn_to_numeric_cast_any --warn=clippy::fn_params_excessive_bools --warn=clippy::float_cmp_const --warn=clippy::flat_map_option --warn=clippy::filter_map_next --warn=clippy::fallible_impl_from --warn=clippy::explicit_iter_loop --warn=clippy::explicit_into_iter_loop --warn=clippy::explicit_deref_methods --warn=clippy::expl_impl_clone_on_copy --warn=clippy::exit --warn=clippy::equatable_if_let --warn=clippy::enum_glob_use --warn=clippy::empty_enum --warn=elided_lifetimes_in_paths --warn=clippy::doc_markdown --warn=clippy::doc_link_with_quotes --warn=clippy::disallowed_types --warn=clippy::disallowed_script_idents --warn=clippy::disallowed_names --warn=clippy::disallowed_methods --warn=clippy::disallowed_macros --warn=clippy::derive_partial_eq_without_eq --warn=clippy::debug_assert_with_mut_call --warn=clippy::dbg_macro --warn=clippy::cloned_instead_of_copied --warn=clippy::clear_with_drain --warn=clippy::checked_conversions --warn=clippy::char_lit_as_u8 --warn=clippy::bool_to_int_with_if --warn=clippy::await_holding_lock --warn=clippy::as_ptr_cast_mut --warn=rustdoc::all --cfg "feature=\"bytemuck\"" --cfg "feature=\"default\"" --cfg "feature=\"default_fonts\"" --cfg "feature=\"log\"" --cfg "feature=\"serde\"" --check-cfg cfg(docsrs,test) --check-cfg "cfg(feature, values(\"accesskit\", \"bytemuck\", \"callstack\", \"cint\", \"color-hex\", \"deadlock_detection\", \"default\", \"default_fonts\", \"document-features\", \"log\", \"mint\", \"persistence\", \"puffin\", \"rayon\", \"ron\", \"serde\", \"unity\"))" -C metadata=b85fdebfd6aaebf1 -C extra-filename=-905616450005e7d1 --out-dir D:\a\explorer-rs\explorer-rs\target\debug\deps -L dependency=D:\a\explorer-rs\explorer-rs\target\debug\deps --extern ahash=D:\a\explorer-rs\explorer-rs\target\debug\deps\libahash-9c51ef97478c8716.rmeta --extern emath=D:\a\explorer-rs\explorer-rs\target\debug\deps\libemath-9cc9fcf734368139.rmeta --extern epaint=D:\a\explorer-rs\explorer-rs\target\debug\deps\libepaint-ee7ca1d788933c3d.rmeta --extern log=D:\a\explorer-rs\explorer-rs\target\debug\deps\liblog-a55e43c5b83e885f.rmeta --extern nohash_hasher=D:\a\explorer-rs\explorer-rs\target\debug\deps\libnohash_hasher-5651e2e00f596044.rmeta --extern serde=D:\a\explorer-rs\explorer-rs\target\debug\deps\libserde-63bd8e0ed55c5871.rmeta --cap-lints allow`
   Compiling serde_spanned v1.1.1
     Running `C:\Users\runneradmin\.rustup\toolchains\stable-x86_64-pc-windows-msvc\bin\rustc.exe --crate-name serde_spanned --edition=2024 C:\Users\runneradmin\.cargo\registry\src\index.crates.io-1949cf8c6b5b557f\serde_spanned-1.1.1\src\lib.rs --error-format=json --json=diagnostic-rendered-ansi,artifacts,future-incompat --crate-type lib --emit=dep-info,metadata,link -C embed-bitcode=no --warn=rust_2018_idioms --warn=clippy::zero_sized_map_values --warn=clippy::wildcard_imports --warn=clippy::verbose_file_reads --warn=clippy::use_self --warn=unused_qualifications --warn=unused_macro_rules --warn=unused_lifetimes --warn=unsafe_op_in_unsafe_fn --warn=unreachable_pub --allow=unnameable_types --warn=clippy::uninlined_format_args --warn=clippy::trait_duplication_in_bounds --warn=clippy::todo --warn=clippy::string_lit_as_bytes --warn=clippy::string_add_assign --warn=clippy::string_add --warn=clippy::str_to_string --warn=clippy::semicolon_if_nothing_returned --warn=clippy::self_named_module_files --warn=clippy::same_functions_in_if_condition --allow=clippy::result_large_err --warn=clippy::rest_pat_in_fully_bound_structs --warn=clippy::ref_option_ref --warn=clippy::redundant_feature_names --warn=clippy::rc_mutex --warn=clippy::ptr_as_ptr --warn=clippy::path_buf_push_overwrite --warn=clippy::negative_feature_names --warn=clippy::needless_for_each --allow=clippy::needless_continue --allow=clippy::needless_bool --warn=clippy::mutex_integer --warn=clippy::mem_forget --warn=clippy::macro_use_imports --warn=clippy::lossy_float_literal --warn=clippy::linkedlist --allow=clippy::let_and_return --warn=clippy::large_types_passed_by_value --warn=clippy::large_stack_arrays --warn=clippy::large_digit_groups --warn=clippy::invalid_upcast_comparisons --warn=clippy::infinite_loop --warn=clippy::inefficient_to_string --warn=clippy::inconsistent_struct_constructor --warn=clippy::imprecise_flops --warn=clippy::implicit_clone --allow=clippy::if_same_then_else --allow=clippy::get_first --warn=clippy::from_iter_instead_of_collect --warn=clippy::fn_params_excessive_bools --warn=clippy::float_cmp_const --warn=clippy::flat_map_option --warn=clippy::filter_map_next --warn=clippy::fallible_impl_from --warn=clippy::explicit_into_iter_loop --warn=clippy::explicit_deref_methods --warn=clippy::expl_impl_clone_on_copy --warn=clippy::enum_glob_use --warn=clippy::empty_enums --warn=clippy::doc_markdown --warn=clippy::debug_assert_with_mut_call --warn=clippy::dbg_macro --warn=clippy::create_dir --allow=clippy::collapsible_else_if --warn=clippy::checked_conversions --allow=clippy::branches_sharing_code --allow=clippy::bool_assert_comparison --cfg "feature=\"alloc\"" --cfg "feature=\"serde\"" --cfg "feature=\"std\"" --check-cfg cfg(docsrs,test) --check-cfg "cfg(feature, values(\"alloc\", \"default\", \"serde\", \"std\"))" -C metadata=5f2afe6418939fde -C extra-filename=-8bb82d8fa838d2bd --out-dir D:\a\explorer-rs\explorer-rs\target\debug\deps -L dependency=D:\a\explorer-rs\explorer-rs\target\debug\deps --extern serde_core=D:\a\explorer-rs\explorer-rs\target\debug\deps\libserde_core-37d7b08e9123341f.rmeta --cap-lints allow`
   Compiling toml_parser v1.1.3+spec-1.1.0
     Running `C:\Users\runneradmin\.rustup\toolchains\stable-x86_64-pc-windows-msvc\bin\rustc.exe --crate-name toml_parser --edition=2024 C:\Users\runneradmin\.cargo\registry\src\index.crates.io-1949cf8c6b5b557f\toml_parser-1.1.3+spec-1.1.0\src\lib.rs --error-format=json --json=diagnostic-rendered-ansi,artifacts,future-incompat --crate-type lib --emit=dep-info,metadata,link -C embed-bitcode=no --warn=rust_2018_idioms --warn=clippy::zero_sized_map_values --warn=clippy::wildcard_imports --warn=clippy::verbose_file_reads --warn=clippy::use_self --warn=unused_qualifications --warn=unused_macro_rules --warn=unused_lifetimes --warn=unsafe_op_in_unsafe_fn --warn=unreachable_pub --allow=unnameable_types --warn=clippy::uninlined_format_args --warn=clippy::trait_duplication_in_bounds --warn=clippy::todo --warn=clippy::string_lit_as_bytes --warn=clippy::string_add_assign --warn=clippy::string_add --warn=clippy::str_to_string --warn=clippy::semicolon_if_nothing_returned --warn=clippy::self_named_module_files --warn=clippy::same_functions_in_if_condition --allow=clippy::result_large_err --warn=clippy::rest_pat_in_fully_bound_structs --warn=clippy::ref_option_ref --warn=clippy::redundant_feature_names --warn=clippy::rc_mutex --warn=clippy::ptr_as_ptr --warn=clippy::path_buf_push_overwrite --warn=clippy::negative_feature_names --warn=clippy::needless_for_each --allow=clippy::needless_continue --allow=clippy::needless_bool --warn=clippy::mutex_integer --warn=clippy::mem_forget --warn=clippy::macro_use_imports --warn=clippy::lossy_float_literal --warn=clippy::linkedlist --allow=clippy::let_and_return --warn=clippy::large_types_passed_by_value --warn=clippy::large_stack_arrays --warn=clippy::large_digit_groups --warn=clippy::invalid_upcast_comparisons --warn=clippy::infinite_loop --warn=clippy::inefficient_to_string --warn=clippy::inconsistent_struct_constructor --warn=clippy::imprecise_flops --warn=clippy::implicit_clone --allow=clippy::if_same_then_else --allow=clippy::get_first --warn=clippy::from_iter_instead_of_collect --warn=clippy::fn_params_excessive_bools --warn=clippy::float_cmp_const --warn=clippy::flat_map_option --warn=clippy::filter_map_next --warn=clippy::fallible_impl_from --warn=clippy::explicit_into_iter_loop --warn=clippy::explicit_deref_methods --warn=clippy::expl_impl_clone_on_copy --warn=clippy::enum_glob_use --warn=clippy::empty_enums --warn=clippy::doc_markdown --warn=clippy::debug_assert_with_mut_call --warn=clippy::dbg_macro --warn=clippy::create_dir --allow=clippy::collapsible_match --allow=clippy::collapsible_else_if --warn=clippy::checked_conversions --allow=clippy::branches_sharing_code --allow=clippy::bool_assert_comparison --cfg "feature=\"alloc\"" --cfg "feature=\"std\"" --check-cfg cfg(docsrs,test) --check-cfg "cfg(feature, values(\"alloc\", \"debug\", \"default\", \"simd\", \"std\", \"unsafe\"))" -C metadata=8dc9b066d997742d -C extra-filename=-ab5970737ebf8038 --out-dir D:\a\explorer-rs\explorer-rs\target\debug\deps -L dependency=D:\a\explorer-rs\explorer-rs\target\debug\deps --extern winnow=D:\a\explorer-rs\explorer-rs\target\debug\deps\libwinnow-27251502e109daae.rmeta --cap-lints allow`
   Compiling toml_datetime v1.1.1+spec-1.1.0
     Running `C:\Users\runneradmin\.rustup\toolchains\stable-x86_64-pc-windows-msvc\bin\rustc.exe --crate-name toml_datetime --edition=2024 C:\Users\runneradmin\.cargo\registry\src\index.crates.io-1949cf8c6b5b557f\toml_datetime-1.1.1+spec-1.1.0\src\lib.rs --error-format=json --json=diagnostic-rendered-ansi,artifacts,future-incompat --crate-type lib --emit=dep-info,metadata,link -C embed-bitcode=no --warn=rust_2018_idioms --warn=clippy::zero_sized_map_values --warn=clippy::wildcard_imports --warn=clippy::verbose_file_reads --warn=clippy::use_self --warn=unused_qualifications --warn=unused_macro_rules --warn=unused_lifetimes --warn=unsafe_op_in_unsafe_fn --warn=unreachable_pub --allow=unnameable_types --warn=clippy::uninlined_format_args --warn=clippy::trait_duplication_in_bounds --warn=clippy::todo --warn=clippy::string_lit_as_bytes --warn=clippy::string_add_assign --warn=clippy::string_add --warn=clippy::str_to_string --warn=clippy::semicolon_if_nothing_returned --warn=clippy::self_named_module_files --warn=clippy::same_functions_in_if_condition --allow=clippy::result_large_err --warn=clippy::rest_pat_in_fully_bound_structs --warn=clippy::ref_option_ref --warn=clippy::redundant_feature_names --warn=clippy::rc_mutex --warn=clippy::ptr_as_ptr --warn=clippy::path_buf_push_overwrite --warn=clippy::negative_feature_names --warn=clippy::needless_for_each --allow=clippy::needless_continue --allow=clippy::needless_bool --warn=clippy::mutex_integer --warn=clippy::mem_forget --warn=clippy::macro_use_imports --warn=clippy::lossy_float_literal --warn=clippy::linkedlist --allow=clippy::let_and_return --warn=clippy::large_types_passed_by_value --warn=clippy::large_stack_arrays --warn=clippy::large_digit_groups --warn=clippy::invalid_upcast_comparisons --warn=clippy::infinite_loop --warn=clippy::inefficient_to_string --warn=clippy::inconsistent_struct_constructor --warn=clippy::imprecise_flops --warn=clippy::implicit_clone --allow=clippy::if_same_then_else --allow=clippy::get_first --warn=clippy::from_iter_instead_of_collect --warn=clippy::fn_params_excessive_bools --warn=clippy::float_cmp_const --warn=clippy::flat_map_option --warn=clippy::filter_map_next --warn=clippy::fallible_impl_from --warn=clippy::explicit_into_iter_loop --warn=clippy::explicit_deref_methods --warn=clippy::expl_impl_clone_on_copy --warn=clippy::enum_glob_use --warn=clippy::empty_enums --warn=clippy::doc_markdown --warn=clippy::debug_assert_with_mut_call --warn=clippy::dbg_macro --warn=clippy::create_dir --allow=clippy::collapsible_else_if --warn=clippy::checked_conversions --allow=clippy::branches_sharing_code --allow=clippy::bool_assert_comparison --cfg "feature=\"alloc\"" --cfg "feature=\"serde\"" --cfg "feature=\"std\"" --check-cfg cfg(docsrs,test) --check-cfg "cfg(feature, values(\"alloc\", \"default\", \"serde\", \"std\"))" -C metadata=16a1c93e18d2bc38 -C extra-filename=-284337d83bd95f4f --out-dir D:\a\explorer-rs\explorer-rs\target\debug\deps -L dependency=D:\a\explorer-rs\explorer-rs\target\debug\deps --extern serde_core=D:\a\explorer-rs\explorer-rs\target\debug\deps\libserde_core-37d7b08e9123341f.rmeta --cap-lints allow`
    Checking rustls-webpki v0.103.13
     Running `C:\Users\runneradmin\.rustup\toolchains\stable-x86_64-pc-windows-msvc\bin\rustc.exe --crate-name webpki --edition=2021 C:\Users\runneradmin\.cargo\registry\src\index.crates.io-1949cf8c6b5b557f\rustls-webpki-0.103.13\src\lib.rs --error-format=json --json=diagnostic-rendered-ansi,artifacts,future-incompat --crate-type lib --emit=dep-info,metadata -C embed-bitcode=no -C debuginfo=2 --warn=unexpected_cfgs --check-cfg cfg(webpki_docsrs) --cfg "feature=\"alloc\"" --cfg "feature=\"ring\"" --cfg "feature=\"std\"" --check-cfg cfg(docsrs,test) --check-cfg "cfg(feature, values(\"alloc\", \"aws-lc-rs\", \"aws-lc-rs-fips\", \"aws-lc-rs-unstable\", \"default\", \"ring\", \"std\"))" -C metadata=1082bae7356bd944 -C extra-filename=-b4084f83ec8b2228 --out-dir D:\a\explorer-rs\explorer-rs\target\debug\deps -L dependency=D:\a\explorer-rs\explorer-rs\target\debug\deps --extern ring=D:\a\explorer-rs\explorer-rs\target\debug\deps\libring-e44ea898c23fe527.rmeta --extern pki_types=D:\a\explorer-rs\explorer-rs\target\debug\deps\librustls_pki_types-bae735fc511223c5.rmeta --extern untrusted=D:\a\explorer-rs\explorer-rs\target\debug\deps\libuntrusted-d7ca8da2b972c2ca.rmeta --cap-lints allow -L native=D:\a\explorer-rs\explorer-rs\target\debug\build\ring-d59ab82cdceb3675\out`
    Checking windows-targets v0.53.5
     Running `C:\Users\runneradmin\.rustup\toolchains\stable-x86_64-pc-windows-msvc\bin\rustc.exe --crate-name windows_targets --edition=2021 C:\Users\runneradmin\.cargo\registry\src\index.crates.io-1949cf8c6b5b557f\windows-targets-0.53.5\src\lib.rs --error-format=json --json=diagnostic-rendered-ansi,artifacts,future-incompat --crate-type lib --emit=dep-info,metadata -C embed-bitcode=no -C debuginfo=2 --warn=unexpected_cfgs --warn=missing_unsafe_on_extern --check-cfg "cfg(windows_raw_dylib, windows_slim_errors)" --check-cfg cfg(docsrs,test) --check-cfg "cfg(feature, values())" -C metadata=f817599a16dcf5d2 -C extra-filename=-97489d88e682d411 --out-dir D:\a\explorer-rs\explorer-rs\target\debug\deps -L dependency=D:\a\explorer-rs\explorer-rs\target\debug\deps --extern windows_x86_64_msvc=D:\a\explorer-rs\explorer-rs\target\debug\deps\libwindows_x86_64_msvc-58cb45436dcb5c0b.rmeta --cap-lints allow -L native=C:\Users\runneradmin\.cargo\registry\src\index.crates.io-1949cf8c6b5b557f\windows_x86_64_msvc-0.53.1\lib`
   Compiling phf v0.11.3
     Running `C:\Users\runneradmin\.rustup\toolchains\stable-x86_64-pc-windows-msvc\bin\rustc.exe --crate-name phf --edition=2021 C:\Users\runneradmin\.cargo\registry\src\index.crates.io-1949cf8c6b5b557f\phf-0.11.3\src\lib.rs --error-format=json --json=diagnostic-rendered-ansi,artifacts,future-incompat --crate-type lib --emit=dep-info,metadata,link -C embed-bitcode=no --cfg "feature=\"default\"" --cfg "feature=\"std\"" --cfg "feature=\"unicase\"" --check-cfg cfg(docsrs,test) --check-cfg "cfg(feature, values(\"default\", \"macros\", \"phf_macros\", \"serde\", \"std\", \"uncased\", \"unicase\"))" -C metadata=75f6c9e24d6554a2 -C extra-filename=-2de1cecb9bebc04f --out-dir D:\a\explorer-rs\explorer-rs\target\debug\deps -L dependency=D:\a\explorer-rs\explorer-rs\target\debug\deps --extern phf_shared=D:\a\explorer-rs\explorer-rs\target\debug\deps\libphf_shared-38844f321d9f6c70.rmeta --cap-lints allow`
    Checking webpki-roots v1.0.9
     Running `C:\Users\runneradmin\.rustup\toolchains\stable-x86_64-pc-windows-msvc\bin\rustc.exe --crate-name webpki_roots --edition=2021 C:\Users\runneradmin\.cargo\registry\src\index.crates.io-1949cf8c6b5b557f\webpki-roots-1.0.9\src\lib.rs --error-format=json --json=diagnostic-rendered-ansi,artifacts,future-incompat --crate-type lib --emit=dep-info,metadata -C embed-bitcode=no -C debuginfo=2 --check-cfg cfg(docsrs,test) --check-cfg "cfg(feature, values())" -C metadata=5ff8949bfdc8ec08 -C extra-filename=-a8c90c46b05b47af --out-dir D:\a\explorer-rs\explorer-rs\target\debug\deps -L dependency=D:\a\explorer-rs\explorer-rs\target\debug\deps --extern pki_types=D:\a\explorer-rs\explorer-rs\target\debug\deps\librustls_pki_types-bae735fc511223c5.rmeta --cap-lints allow`
   Compiling glutin v0.31.3
     Running `C:\Users\runneradmin\.rustup\toolchains\stable-x86_64-pc-windows-msvc\bin\rustc.exe --crate-name build_script_build --edition=2021 C:\Users\runneradmin\.cargo\registry\src\index.crates.io-1949cf8c6b5b557f\glutin-0.31.3\build.rs --error-format=json --json=diagnostic-rendered-ansi,artifacts,future-incompat --crate-type bin --emit=dep-info,link -C embed-bitcode=no --cfg "feature=\"default\"" --cfg "feature=\"egl\"" --cfg "feature=\"glutin_egl_sys\"" --cfg "feature=\"glutin_glx_sys\"" --cfg "feature=\"glutin_wgl_sys\"" --cfg "feature=\"glx\"" --cfg "feature=\"libloading\"" --cfg "feature=\"wayland\"" --cfg "feature=\"wayland-sys\"" --cfg "feature=\"wgl\"" --cfg "feature=\"windows-sys\"" --cfg "feature=\"x11\"" --cfg "feature=\"x11-dl\"" --check-cfg cfg(docsrs,test) --check-cfg "cfg(feature, values(\"default\", \"egl\", \"glutin_egl_sys\", \"glutin_glx_sys\", \"glutin_wgl_sys\", \"glx\", \"libloading\", \"wayland\", \"wayland-sys\", \"wgl\", \"windows-sys\", \"x11\", \"x11-dl\"))" -C metadata=d6ec7a92da8eaa9f -C extra-filename=-327edd475cdd112d --out-dir D:\a\explorer-rs\explorer-rs\target\debug\build\glutin-327edd475cdd112d -L dependency=D:\a\explorer-rs\explorer-rs\target\debug\deps --extern cfg_aliases=D:\a\explorer-rs\explorer-rs\target\debug\deps\libcfg_aliases-985bbaee5a6e46c3.rlib --cap-lints allow`
   Compiling memoffset v0.9.1
     Running `C:\Users\runneradmin\.rustup\toolchains\stable-x86_64-pc-windows-msvc\bin\rustc.exe --crate-name build_script_build --edition=2015 C:\Users\runneradmin\.cargo\registry\src\index.crates.io-1949cf8c6b5b557f\memoffset-0.9.1\build.rs --error-format=json --json=diagnostic-rendered-ansi,artifacts,future-incompat --crate-type bin --emit=dep-info,link -C embed-bitcode=no --cfg "feature=\"default\"" --check-cfg cfg(docsrs,test) --check-cfg "cfg(feature, values(\"default\", \"unstable_const\", \"unstable_offset_of\"))" -C metadata=3ae5fdb09b008abf -C extra-filename=-7ead6555dda912d3 --out-dir D:\a\explorer-rs\explorer-rs\target\debug\build\memoffset-7ead6555dda912d3 -L dependency=D:\a\explorer-rs\explorer-rs\target\debug\deps --extern autocfg=D:\a\explorer-rs\explorer-rs\target\debug\deps\libautocfg-8e61762132dd0e49.rlib --cap-lints allow`
    Checking windows-sys v0.61.2
     Running `C:\Users\runneradmin\.rustup\toolchains\stable-x86_64-pc-windows-msvc\bin\rustc.exe --crate-name windows_sys --edition=2021 C:\Users\runneradmin\.cargo\registry\src\index.crates.io-1949cf8c6b5b557f\windows-sys-0.61.2\src\lib.rs --error-format=json --json=diagnostic-rendered-ansi,artifacts,future-incompat --crate-type lib --emit=dep-info,metadata -C embed-bitcode=no -C debuginfo=2 --warn=unexpected_cfgs --warn=missing_unsafe_on_extern --check-cfg "cfg(windows_raw_dylib, windows_slim_errors)" --cfg "feature=\"Win32\"" --cfg "feature=\"Win32_Foundation\"" --cfg "feature=\"Win32_Storage\"" --cfg "feature=\"Win32_Storage_FileSystem\"" --cfg "feature=\"Win32_System\"" --cfg "feature=\"Win32_System_Console\"" --cfg "feature=\"Win32_System_SystemInformation\"" --cfg "feature=\"default\"" --check-cfg cfg(docsrs,test) --check-cfg "cfg(feature, values(\"Wdk\", \"Wdk_Devices\", \"Wdk_Devices_Bluetooth\", \"Wdk_Devices_HumanInterfaceDevice\", \"Wdk_Foundation\", \"Wdk_Graphics\", \"Wdk_Graphics_Direct3D\", \"Wdk_NetworkManagement\", \"Wdk_NetworkManagement_Ndis\", \"Wdk_NetworkManagement_WindowsFilteringPlatform\", \"Wdk_Storage\", \"Wdk_Storage_FileSystem\", \"Wdk_Storage_FileSystem_Minifilters\", \"Wdk_System\", \"Wdk_System_IO\", \"Wdk_System_Memory\", \"Wdk_System_OfflineRegistry\", \"Wdk_System_Registry\", \"Wdk_System_SystemInformation\", \"Wdk_System_SystemServices\", \"Wdk_System_Threading\", \"Win32\", \"Win32_Data\", \"Win32_Data_HtmlHelp\", \"Win32_Data_RightsManagement\", \"Win32_Devices\", \"Win32_Devices_AllJoyn\", \"Win32_Devices_Beep\", \"Win32_Devices_BiometricFramework\", \"Win32_Devices_Bluetooth\", \"Win32_Devices_Cdrom\", \"Win32_Devices_Communication\", \"Win32_Devices_DeviceAndDriverInstallation\", \"Win32_Devices_DeviceQuery\", \"Win32_Devices_Display\", \"Win32_Devices_Dvd\", \"Win32_Devices_Enumeration\", \"Win32_Devices_Enumeration_Pnp\", \"Win32_Devices_Fax\", \"Win32_Devices_HumanInterfaceDevice\", \"Win32_Devices_Nfc\", \"Win32_Devices_Nfp\", \"Win32_Devices_PortableDevices\", \"Win32_Devices_Properties\", \"Win32_Devices_Pwm\", \"Win32_Devices_Sensors\", \"Win32_Devices_SerialCommunication\", \"Win32_Devices_Tapi\", \"Win32_Devices_Usb\", \"Win32_Devices_WebServicesOnDevices\", \"Win32_Foundation\", \"Win32_Gaming\", \"Win32_Globalization\", \"Win32_Graphics\", \"Win32_Graphics_Dwm\", \"Win32_Graphics_Gdi\", \"Win32_Graphics_GdiPlus\", \"Win32_Graphics_Hlsl\", \"Win32_Graphics_OpenGL\", \"Win32_Graphics_Printing\", \"Win32_Graphics_Printing_PrintTicket\", \"Win32_Management\", \"Win32_Management_MobileDeviceManagementRegistration\", \"Win32_Media\", \"Win32_Media_Audio\", \"Win32_Media_DxMediaObjects\", \"Win32_Media_KernelStreaming\", \"Win32_Media_Multimedia\", \"Win32_Media_Streaming\", \"Win32_Media_WindowsMediaFormat\", \"Win32_NetworkManagement\", \"Win32_NetworkManagement_Dhcp\", \"Win32_NetworkManagement_Dns\", \"Win32_NetworkManagement_InternetConnectionWizard\", \"Win32_NetworkManagement_IpHelper\", \"Win32_NetworkManagement_Multicast\", \"Win32_NetworkManagement_Ndis\", \"Win32_NetworkManagement_NetBios\", \"Win32_NetworkManagement_NetManagement\", \"Win32_NetworkManagement_NetShell\", \"Win32_NetworkManagement_NetworkDiagnosticsFramework\", \"Win32_NetworkManagement_P2P\", \"Win32_NetworkManagement_QoS\", \"Win32_NetworkManagement_Rras\", \"Win32_NetworkManagement_Snmp\", \"Win32_NetworkManagement_WNet\", \"Win32_NetworkManagement_WebDav\", \"Win32_NetworkManagement_WiFi\", \"Win32_NetworkManagement_WindowsConnectionManager\", \"Win32_NetworkManagement_WindowsFilteringPlatform\", \"Win32_NetworkManagement_WindowsFirewall\", \"Win32_NetworkManagement_WindowsNetworkVirtualization\", \"Win32_Networking\", \"Win32_Networking_ActiveDirectory\", \"Win32_Networking_Clustering\", \"Win32_Networking_HttpServer\", \"Win32_Networking_Ldap\", \"Win32_Networking_WebSocket\", \"Win32_Networking_WinHttp\", \"Win32_Networking_WinInet\", \"Win32_Networking_WinSock\", \"Win32_Networking_WindowsWebServices\", \"Win32_Security\", \"Win32_Security_AppLocker\", \"Win32_Security_Authentication\", \"Win32_Security_Authentication_Identity\", \"Win32_Security_Authorization\", \"Win32_Security_Credentials\", \"Win32_Security_Cryptography\", \"Win32_Security_Cryptography_Catalog\", \"Win32_Security_Cryptography_Certificates\", \"Win32_Security_Cryptography_Sip\", \"Win32_Security_Cryptography_UI\", \"Win32_Security_DiagnosticDataQuery\", \"Win32_Security_DirectoryServices\", \"Win32_Security_EnterpriseData\", \"Win32_Security_ExtensibleAuthenticationProtocol\", \"Win32_Security_Isolation\", \"Win32_Security_LicenseProtection\", \"Win32_Security_NetworkAccessProtection\", \"Win32_Security_WinTrust\", \"Win32_Security_WinWlx\", \"Win32_Storage\", \"Win32_Storage_Cabinets\", \"Win32_Storage_CloudFilters\", \"Win32_Storage_Compression\", \"Win32_Storage_DistributedFileSystem\", \"Win32_Storage_FileHistory\", \"Win32_Storage_FileSystem\", \"Win32_Storage_Imapi\", \"Win32_Storage_IndexServer\", \"Win32_Storage_InstallableFileSystems\", \"Win32_Storage_IscsiDisc\", \"Win32_Storage_Jet\", \"Win32_Storage_Nvme\", \"Win32_Storage_OfflineFiles\", \"Win32_Storage_OperationRecorder\", \"Win32_Storage_Packaging\", \"Win32_Storage_Packaging_Appx\", \"Win32_Storage_ProjectedFileSystem\", \"Win32_Storage_StructuredStorage\", \"Win32_Storage_Vhd\", \"Win32_Storage_Xps\", \"Win32_System\", \"Win32_System_AddressBook\", \"Win32_System_Antimalware\", \"Win32_System_ApplicationInstallationAndServicing\", \"Win32_System_ApplicationVerifier\", \"Win32_System_ClrHosting\", \"Win32_System_Com\", \"Win32_System_Com_Marshal\", \"Win32_System_Com_StructuredStorage\", \"Win32_System_Com_Urlmon\", \"Win32_System_ComponentServices\", \"Win32_System_Console\", \"Win32_System_CorrelationVector\", \"Win32_System_DataExchange\", \"Win32_System_DeploymentServices\", \"Win32_System_DeveloperLicensing\", \"Win32_System_Diagnostics\", \"Win32_System_Diagnostics_Ceip\", \"Win32_System_Diagnostics_Debug\", \"Win32_System_Diagnostics_Debug_Extensions\", \"Win32_System_Diagnostics_Etw\", \"Win32_System_Diagnostics_ProcessSnapshotting\", \"Win32_System_Diagnostics_ToolHelp\", \"Win32_System_Diagnostics_TraceLogging\", \"Win32_System_DistributedTransactionCoordinator\", \"Win32_System_Environment\", \"Win32_System_ErrorReporting\", \"Win32_System_EventCollector\", \"Win32_System_EventLog\", \"Win32_System_EventNotificationService\", \"Win32_System_GroupPolicy\", \"Win32_System_HostCompute\", \"Win32_System_HostComputeNetwork\", \"Win32_System_HostComputeSystem\", \"Win32_System_Hypervisor\", \"Win32_System_IO\", \"Win32_System_Iis\", \"Win32_System_Ioctl\", \"Win32_System_JobObjects\", \"Win32_System_Js\", \"Win32_System_Kernel\", \"Win32_System_LibraryLoader\", \"Win32_System_Mailslots\", \"Win32_System_Mapi\", \"Win32_System_Memory\", \"Win32_System_Memory_NonVolatile\", \"Win32_System_MessageQueuing\", \"Win32_System_MixedReality\", \"Win32_System_Ole\", \"Win32_System_PasswordManagement\", \"Win32_System_Performance\", \"Win32_System_Performance_HardwareCounterProfiling\", \"Win32_System_Pipes\", \"Win32_System_Power\", \"Win32_System_ProcessStatus\", \"Win32_System_Recovery\", \"Win32_System_Registry\", \"Win32_System_RemoteDesktop\", \"Win32_System_RemoteManagement\", \"Win32_System_RestartManager\", \"Win32_System_Restore\", \"Win32_System_Rpc\", \"Win32_System_Search\", \"Win32_System_Search_Common\", \"Win32_System_SecurityCenter\", \"Win32_System_Services\", \"Win32_System_SetupAndMigration\", \"Win32_System_Shutdown\", \"Win32_System_StationsAndDesktops\", \"Win32_System_SubsystemForLinux\", \"Win32_System_SystemInformation\", \"Win32_System_SystemServices\", \"Win32_System_Threading\", \"Win32_System_Time\", \"Win32_System_TpmBaseServices\", \"Win32_System_UserAccessLogging\", \"Win32_System_Variant\", \"Win32_System_VirtualDosMachines\", \"Win32_System_WindowsProgramming\", \"Win32_System_Wmi\", \"Win32_UI\", \"Win32_UI_Accessibility\", \"Win32_UI_ColorSystem\", \"Win32_UI_Controls\", \"Win32_UI_Controls_Dialogs\", \"Win32_UI_HiDpi\", \"Win32_UI_Input\", \"Win32_UI_Input_Ime\", \"Win32_UI_Input_KeyboardAndMouse\", \"Win32_UI_Input_Pointer\", \"Win32_UI_Input_Touch\", \"Win32_UI_Input_XboxController\", \"Win32_UI_InteractionContext\", \"Win32_UI_Magnification\", \"Win32_UI_Shell\", \"Win32_UI_Shell_Common\", \"Win32_UI_Shell_PropertiesSystem\", \"Win32_UI_TabletPC\", \"Win32_UI_TextServices\", \"Win32_UI_WindowsAndMessaging\", \"Win32_Web\", \"Win32_Web_InternetExplorer\", \"default\", \"docs\"))" -C metadata=14f34fc3b26b8c7b -C extra-filename=-28479fa03cc9b83c --out-dir D:\a\explorer-rs\explorer-rs\target\debug\deps -L dependency=D:\a\explorer-rs\explorer-rs\target\debug\deps --extern windows_link=D:\a\explorer-rs\explorer-rs\target\debug\deps\libwindows_link-1037cdf714bd4810.rmeta --cap-lints allow`
    Checking simplecss v0.2.2
     Running `C:\Users\runneradmin\.rustup\toolchains\stable-x86_64-pc-windows-msvc\bin\rustc.exe --crate-name simplecss --edition=2021 C:\Users\runneradmin\.cargo\registry\src\index.crates.io-1949cf8c6b5b557f\simplecss-0.2.2\src\lib.rs --error-format=json --json=diagnostic-rendered-ansi,artifacts,future-incompat --crate-type lib --emit=dep-info,metadata -C embed-bitcode=no -C debuginfo=2 --warn=clippy::wildcard_imports --warn=clippy::wildcard_dependencies --warn=variant_size_differences --warn=clippy::use_self --warn=unused_qualifications --warn=unused_macro_rules --warn=unused_lifetimes --warn=unused_import_braces --warn=clippy::unseparated_literal_suffix --forbid=unsafe_op_in_unsafe_fn --forbid=unsafe_code --warn=unreachable_pub --warn=unnameable_types --warn=unit_bindings --warn=unexpected_cfgs --warn=trivial_numeric_casts --allow=clippy::too_many_arguments --warn=clippy::todo --warn=single_use_lifetimes --warn=clippy::should_panic_without_expect --warn=clippy::shadow_unrelated --warn=clippy::semicolon_if_nothing_returned --warn=clippy::same_functions_in_if_condition --warn=clippy::return_self_not_must_use --warn=clippy::redundant_feature_names --warn=clippy::partial_pub_fields --forbid=non_local_definitions --forbid=non_ascii_idents --warn=clippy::negative_feature_names --warn=clippy::missing_panics_doc --warn=clippy::missing_fields_in_debug --warn=clippy::missing_errors_doc --warn=missing_docs --warn=missing_debug_implementations --warn=clippy::missing_assert_message --warn=clippy::mismatching_type_param_order --warn=clippy::match_same_arms --warn=let_underscore_drop --warn=clippy::large_stack_arrays --warn=clippy::large_include_file --forbid=keyword_idents_2024 --warn=clippy::infinite_loop --warn=clippy::fn_to_numeric_cast_any --warn=clippy::exhaustive_enums --warn=elided_lifetimes_in_paths --warn=clippy::doc_markdown --warn=clippy::debug_assert_with_mut_call --warn=clippy::dbg_macro --warn=clippy::collection_is_never_read --warn=clippy::cast_possible_truncation --warn=clippy::cargo_common_metadata --warn=clippy::allow_attributes_without_reason --warn=clippy::allow_attributes --cfg "feature=\"default\"" --cfg "feature=\"std\"" --check-cfg cfg(docsrs,test) --check-cfg "cfg(feature, values(\"default\", \"std\"))" -C metadata=c9c3e21eca498f3e -C extra-filename=-32e08d1f286181c8 --out-dir D:\a\explorer-rs\explorer-rs\target\debug\deps -L dependency=D:\a\explorer-rs\explorer-rs\target\debug\deps --extern log=D:\a\explorer-rs\explorer-rs\target\debug\deps\liblog-a55e43c5b83e885f.rmeta --cap-lints allow`
    Checking subtle v2.6.1
     Running `C:\Users\runneradmin\.rustup\toolchains\stable-x86_64-pc-windows-msvc\bin\rustc.exe --crate-name subtle --edition=2018 C:\Users\runneradmin\.cargo\registry\src\index.crates.io-1949cf8c6b5b557f\subtle-2.6.1\src\lib.rs --error-format=json --json=diagnostic-rendered-ansi,artifacts,future-incompat --crate-type lib --emit=dep-info,metadata -C embed-bitcode=no -C debuginfo=2 --check-cfg cfg(docsrs,test) --check-cfg "cfg(feature, values(\"const-generics\", \"core_hint_black_box\", \"default\", \"i128\", \"nightly\", \"std\"))" -C metadata=a108453c3abf9b46 -C extra-filename=-f4e284b31b853928 --out-dir D:\a\explorer-rs\explorer-rs\target\debug\deps -L dependency=D:\a\explorer-rs\explorer-rs\target\debug\deps --cap-lints allow`
   Compiling crossbeam-utils v0.8.22
     Running `C:\Users\runneradmin\.rustup\toolchains\stable-x86_64-pc-windows-msvc\bin\rustc.exe --crate-name build_script_build --edition=2021 C:\Users\runneradmin\.cargo\registry\src\index.crates.io-1949cf8c6b5b557f\crossbeam-utils-0.8.22\build.rs --error-format=json --json=diagnostic-rendered-ansi,artifacts,future-incompat --crate-type bin --emit=dep-info,link -C embed-bitcode=no --warn=unexpected_cfgs --allow=clippy::lint_groups_priority --allow=clippy::declare_interior_mutable_const --check-cfg cfg(crossbeam_loom) --check-cfg cfg(crossbeam_sanitize) --cfg "feature=\"std\"" --check-cfg cfg(docsrs,test) --check-cfg "cfg(feature, values(\"default\", \"loom\", \"nightly\", \"std\"))" -C metadata=abb7695aba8fd50f -C extra-filename=-33c303cae5c9e89b --out-dir D:\a\explorer-rs\explorer-rs\target\debug\build\crossbeam-utils-33c303cae5c9e89b -L dependency=D:\a\explorer-rs\explorer-rs\target\debug\deps --cap-lints allow`
    Checking unicode-segmentation v1.13.3
     Running `C:\Users\runneradmin\.rustup\toolchains\stable-x86_64-pc-windows-msvc\bin\rustc.exe --crate-name unicode_segmentation --edition=2018 C:\Users\runneradmin\.cargo\registry\src\index.crates.io-1949cf8c6b5b557f\unicode-segmentation-1.13.3\src\lib.rs --error-format=json --json=diagnostic-rendered-ansi,artifacts,future-incompat --crate-type lib --emit=dep-info,metadata -C embed-bitcode=no -C debuginfo=2 --check-cfg cfg(docsrs,test) --check-cfg "cfg(feature, values(\"no_std\"))" -C metadata=a2b0787c084d2f68 -C extra-filename=-3441a6c2017b632b --out-dir D:\a\explorer-rs\explorer-rs\target\debug\deps -L dependency=D:\a\explorer-rs\explorer-rs\target\debug\deps --cap-lints allow`
    Checking error-code v3.3.2
     Running `C:\Users\runneradmin\.rustup\toolchains\stable-x86_64-pc-windows-msvc\bin\rustc.exe --crate-name error_code --edition=2018 C:\Users\runneradmin\.cargo\registry\src\index.crates.io-1949cf8c6b5b557f\error-code-3.3.2\src\lib.rs --error-format=json --json=diagnostic-rendered-ansi,artifacts,future-incompat --crate-type lib --emit=dep-info,metadata -C embed-bitcode=no -C debuginfo=2 --cfg "feature=\"std\"" --check-cfg cfg(docsrs,test) --check-cfg "cfg(feature, values(\"std\"))" -C metadata=18d7d02974224ca6 -C extra-filename=-d6d4995fb49eb3f5 --out-dir D:\a\explorer-rs\explorer-rs\target\debug\deps -L dependency=D:\a\explorer-rs\explorer-rs\target\debug\deps --cap-lints allow`
    Checking smol_str v0.2.2
     Running `C:\Users\runneradmin\.rustup\toolchains\stable-x86_64-pc-windows-msvc\bin\rustc.exe --crate-name smol_str --edition=2018 C:\Users\runneradmin\.cargo\registry\src\index.crates.io-1949cf8c6b5b557f\smol_str-0.2.2\src\lib.rs --error-format=json --json=diagnostic-rendered-ansi,artifacts,future-incompat --crate-type lib --emit=dep-info,metadata -C embed-bitcode=no -C debuginfo=2 --cfg "feature=\"default\"" --cfg "feature=\"std\"" --check-cfg cfg(docsrs,test) --check-cfg "cfg(feature, values(\"arbitrary\", \"default\", \"serde\", \"std\"))" -C metadata=069e63c0ab39880d -C extra-filename=-38142299fba8c196 --out-dir D:\a\explorer-rs\explorer-rs\target\debug\deps -L dependency=D:\a\explorer-rs\explorer-rs\target\debug\deps --cap-lints allow`
    Checking cursor-icon v1.2.0
     Running `C:\Users\runneradmin\.rustup\toolchains\stable-x86_64-pc-windows-msvc\bin\rustc.exe --crate-name cursor_icon --edition=2021 C:\Users\runneradmin\.cargo\registry\src\index.crates.io-1949cf8c6b5b557f\cursor-icon-1.2.0\src\lib.rs --error-format=json --json=diagnostic-rendered-ansi,artifacts,future-incompat --crate-type lib --emit=dep-info,metadata -C embed-bitcode=no -C debuginfo=2 --cfg "feature=\"alloc\"" --cfg "feature=\"default\"" --cfg "feature=\"std\"" --check-cfg cfg(docsrs,test) --check-cfg "cfg(feature, values(\"alloc\", \"default\", \"serde\", \"std\"))" -C metadata=132e031cdf9b8783 -C extra-filename=-99479012271bab1c --out-dir D:\a\explorer-rs\explorer-rs\target\debug\deps -L dependency=D:\a\explorer-rs\explorer-rs\target\debug\deps --cap-lints allow`
    Checking roxmltree v0.19.0
     Running `C:\Users\runneradmin\.rustup\toolchains\stable-x86_64-pc-windows-msvc\bin\rustc.exe --crate-name roxmltree --edition=2021 C:\Users\runneradmin\.cargo\registry\src\index.crates.io-1949cf8c6b5b557f\roxmltree-0.19.0\src\lib.rs --error-format=json --json=diagnostic-rendered-ansi,artifacts,future-incompat --crate-type lib --emit=dep-info,metadata -C embed-bitcode=no -C debuginfo=2 --cfg "feature=\"default\"" --cfg "feature=\"positions\"" --cfg "feature=\"std\"" --check-cfg cfg(docsrs,test) --check-cfg "cfg(feature, values(\"default\", \"positions\", \"std\"))" -C metadata=51da2e9a5ab9a47f -C extra-filename=-de725b93964a1562 --out-dir D:\a\explorer-rs\explorer-rs\target\debug\deps -L dependency=D:\a\explorer-rs\explorer-rs\target\debug\deps --cap-lints allow`
    Checking color_quant v1.1.0
     Running `C:\Users\runneradmin\.rustup\toolchains\stable-x86_64-pc-windows-msvc\bin\rustc.exe --crate-name color_quant --edition=2015 C:\Users\runneradmin\.cargo\registry\src\index.crates.io-1949cf8c6b5b557f\color_quant-1.1.0\src\lib.rs --error-format=json --json=diagnostic-rendered-ansi,artifacts,future-incompat --crate-type lib --emit=dep-info,metadata -C embed-bitcode=no -C debuginfo=2 --check-cfg cfg(docsrs,test) --check-cfg "cfg(feature, values())" -C metadata=d5963733ff835f9d -C extra-filename=-1f11c6cfa9fed51c --out-dir D:\a\explorer-rs\explorer-rs\target\debug\deps -L dependency=D:\a\explorer-rs\explorer-rs\target\debug\deps --cap-lints allow`
    Checking data-url v0.3.2
     Running `C:\Users\runneradmin\.rustup\toolchains\stable-x86_64-pc-windows-msvc\bin\rustc.exe --crate-name data_url --edition=2018 C:\Users\runneradmin\.cargo\registry\src\index.crates.io-1949cf8c6b5b557f\data-url-0.3.2\src\lib.rs --error-format=json --json=diagnostic-rendered-ansi,artifacts,future-incompat --crate-type lib --emit=dep-info,metadata -C embed-bitcode=no -C debuginfo=2 --cfg "feature=\"alloc\"" --cfg "feature=\"default\"" --cfg "feature=\"std\"" --check-cfg cfg(docsrs,test) --check-cfg "cfg(feature, values(\"alloc\", \"default\", \"std\"))" -C metadata=970ffed3dcf40cff -C extra-filename=-c0c5dd90925108c1 --out-dir D:\a\explorer-rs\explorer-rs\target\debug\deps -L dependency=D:\a\explorer-rs\explorer-rs\target\debug\deps --cap-lints allow`
    Checking weezl v0.1.12
     Running `C:\Users\runneradmin\.rustup\toolchains\stable-x86_64-pc-windows-msvc\bin\rustc.exe --crate-name weezl --edition=2018 C:\Users\runneradmin\.cargo\registry\src\index.crates.io-1949cf8c6b5b557f\weezl-0.1.12\src\lib.rs --error-format=json --json=diagnostic-rendered-ansi,artifacts,future-incompat --crate-type lib --emit=dep-info,metadata -C embed-bitcode=no -C debuginfo=2 --cfg "feature=\"alloc\"" --cfg "feature=\"default\"" --cfg "feature=\"std\"" --check-cfg cfg(docsrs,test) --check-cfg "cfg(feature, values(\"alloc\", \"async\", \"default\", \"futures\", \"std\"))" -C metadata=6a1451df88682585 -C extra-filename=-540400ddb29fa271 --out-dir D:\a\explorer-rs\explorer-rs\target\debug\deps -L dependency=D:\a\explorer-rs\explorer-rs\target\debug\deps --cap-lints allow`
   Compiling litrs v1.0.0
     Running `C:\Users\runneradmin\.rustup\toolchains\stable-x86_64-pc-windows-msvc\bin\rustc.exe --crate-name litrs --edition=2021 C:\Users\runneradmin\.cargo\registry\src\index.crates.io-1949cf8c6b5b557f\litrs-1.0.0\src\lib.rs --error-format=json --json=diagnostic-rendered-ansi,artifacts,future-incompat --crate-type lib --emit=dep-info,metadata,link -C embed-bitcode=no --check-cfg cfg(docsrs,test) --check-cfg "cfg(feature, values(\"check_suffix\", \"proc-macro2\", \"unicode-xid\"))" -C metadata=d4a59553524e2fae -C extra-filename=-cfae368445320a08 --out-dir D:\a\explorer-rs\explorer-rs\target\debug\deps -L dependency=D:\a\explorer-rs\explorer-rs\target\debug\deps --cap-lints allow`
    Checking pxfm v0.1.30
     Running `C:\Users\runneradmin\.rustup\toolchains\stable-x86_64-pc-windows-msvc\bin\rustc.exe --crate-name pxfm --edition=2024 C:\Users\runneradmin\.cargo\registry\src\index.crates.io-1949cf8c6b5b557f\pxfm-0.1.30\src\lib.rs --error-format=json --json=diagnostic-rendered-ansi,artifacts,future-incompat --crate-type lib --emit=dep-info,metadata -C embed-bitcode=no -C debuginfo=2 --check-cfg cfg(docsrs,test) --check-cfg "cfg(feature, values())" -C metadata=465956521412fd7f -C extra-filename=-ee5de14562ff52c8 --out-dir D:\a\explorer-rs\explorer-rs\target\debug\deps -L dependency=D:\a\explorer-rs\explorer-rs\target\debug\deps --cap-lints allow`
    Checking imagesize v0.12.0
     Running `C:\Users\runneradmin\.rustup\toolchains\stable-x86_64-pc-windows-msvc\bin\rustc.exe --crate-name imagesize --edition=2018 C:\Users\runneradmin\.cargo\registry\src\index.crates.io-1949cf8c6b5b557f\imagesize-0.12.0\src\lib.rs --error-format=json --json=diagnostic-rendered-ansi,artifacts,future-incompat --crate-type lib --emit=dep-info,metadata -C embed-bitcode=no -C debuginfo=2 --check-cfg cfg(docsrs,test) --check-cfg "cfg(feature, values())" -C metadata=8d26c76f4def2f87 -C extra-filename=-40e51623d6c526ea --out-dir D:\a\explorer-rs\explorer-rs\target\debug\deps -L dependency=D:\a\explorer-rs\explorer-rs\target\debug\deps --cap-lints allow`
    Checking bitflags v1.3.2
     Running `C:\Users\runneradmin\.rustup\toolchains\stable-x86_64-pc-windows-msvc\bin\rustc.exe --crate-name bitflags --edition=2018 C:\Users\runneradmin\.cargo\registry\src\index.crates.io-1949cf8c6b5b557f\bitflags-1.3.2\src\lib.rs --error-format=json --json=diagnostic-rendered-ansi,artifacts,future-incompat --crate-type lib --emit=dep-info,metadata -C embed-bitcode=no -C debuginfo=2 --cfg "feature=\"default\"" --check-cfg cfg(docsrs,test) --check-cfg "cfg(feature, values(\"compiler_builtins\", \"core\", \"default\", \"example_generated\", \"rustc-dep-of-std\"))" -C metadata=969267eed0b439c0 -C extra-filename=-cbe11fe3b22418c9 --out-dir D:\a\explorer-rs\explorer-rs\target\debug\deps -L dependency=D:\a\explorer-rs\explorer-rs\target\debug\deps --cap-lints allow`
    Checking png v0.17.16
     Running `C:\Users\runneradmin\.rustup\toolchains\stable-x86_64-pc-windows-msvc\bin\rustc.exe --crate-name png --edition=2018 C:\Users\runneradmin\.cargo\registry\src\index.crates.io-1949cf8c6b5b557f\png-0.17.16\src\lib.rs --error-format=json --json=diagnostic-rendered-ansi,artifacts,future-incompat --crate-type lib --emit=dep-info,metadata -C embed-bitcode=no -C debuginfo=2 --warn=unexpected_cfgs --check-cfg cfg(fuzzing) --check-cfg cfg(docsrs,test) --check-cfg "cfg(feature, values(\"benchmarks\", \"unstable\"))" -C metadata=2b4e993d80a2e8ef -C extra-filename=-874cd5995025ad12 --out-dir D:\a\explorer-rs\explorer-rs\target\debug\deps -L dependency=D:\a\explorer-rs\explorer-rs\target\debug\deps --extern bitflags=D:\a\explorer-rs\explorer-rs\target\debug\deps\libbitflags-cbe11fe3b22418c9.rmeta --extern crc32fast=D:\a\explorer-rs\explorer-rs\target\debug\deps\libcrc32fast-e78d383a6e417d33.rmeta --extern fdeflate=D:\a\explorer-rs\explorer-rs\target\debug\deps\libfdeflate-1b81a28950a19c1a.rmeta --extern flate2=D:\a\explorer-rs\explorer-rs\target\debug\deps\libflate2-a5921843e2a75d09.rmeta --extern miniz_oxide=D:\a\explorer-rs\explorer-rs\target\debug\deps\libminiz_oxide-5baa5dfb05e522de.rmeta --cap-lints allow`
   Compiling document-features v0.2.12
     Running `C:\Users\runneradmin\.rustup\toolchains\stable-x86_64-pc-windows-msvc\bin\rustc.exe --crate-name document_features --edition=2018 C:\Users\runneradmin\.cargo\registry\src\index.crates.io-1949cf8c6b5b557f\document-features-0.2.12\lib.rs --error-format=json --json=diagnostic-rendered-ansi,artifacts,future-incompat --crate-type proc-macro --emit=dep-info,link -C prefer-dynamic -C embed-bitcode=no --cfg "feature=\"default\"" --check-cfg cfg(docsrs,test) --check-cfg "cfg(feature, values(\"default\", \"self-test\"))" -C metadata=30158ebd649ba62b -C extra-filename=-a729d7b91d1ba0f0 --out-dir D:\a\explorer-rs\explorer-rs\target\debug\deps -L dependency=D:\a\explorer-rs\explorer-rs\target\debug\deps --extern litrs=D:\a\explorer-rs\explorer-rs\target\debug\deps\liblitrs-cfae368445320a08.rlib --extern proc_macro --cap-lints allow`
    Checking usvg-parser v0.37.0
     Running `C:\Users\runneradmin\.rustup\toolchains\stable-x86_64-pc-windows-msvc\bin\rustc.exe --crate-name usvg_parser --edition=2018 C:\Users\runneradmin\.cargo\registry\src\index.crates.io-1949cf8c6b5b557f\usvg-parser-0.37.0\src\lib.rs --error-format=json --json=diagnostic-rendered-ansi,artifacts,future-incompat --crate-type lib --emit=dep-info,metadata -C embed-bitcode=no -C debuginfo=2 --check-cfg cfg(docsrs,test) --check-cfg "cfg(feature, values())" -C metadata=b2e94af807eb7fe3 -C extra-filename=-cd4a79a8d628bfa3 --out-dir D:\a\explorer-rs\explorer-rs\target\debug\deps -L dependency=D:\a\explorer-rs\explorer-rs\target\debug\deps --extern data_url=D:\a\explorer-rs\explorer-rs\target\debug\deps\libdata_url-c0c5dd90925108c1.rmeta --extern flate2=D:\a\explorer-rs\explorer-rs\target\debug\deps\libflate2-a5921843e2a75d09.rmeta --extern imagesize=D:\a\explorer-rs\explorer-rs\target\debug\deps\libimagesize-40e51623d6c526ea.rmeta --extern kurbo=D:\a\explorer-rs\explorer-rs\target\debug\deps\libkurbo-ea237c39b4501830.rmeta --extern log=D:\a\explorer-rs\explorer-rs\target\debug\deps\liblog-a55e43c5b83e885f.rmeta --extern roxmltree=D:\a\explorer-rs\explorer-rs\target\debug\deps\libroxmltree-de725b93964a1562.rmeta --extern simplecss=D:\a\explorer-rs\explorer-rs\target\debug\deps\libsimplecss-32e08d1f286181c8.rmeta --extern siphasher=D:\a\explorer-rs\explorer-rs\target\debug\deps\libsiphasher-95fd22d73a3e8a11.rmeta --extern svgtypes=D:\a\explorer-rs\explorer-rs\target\debug\deps\libsvgtypes-1f69dc4c16895c96.rmeta --extern usvg_tree=D:\a\explorer-rs\explorer-rs\target\debug\deps\libusvg_tree-0da36509f54e525b.rmeta --cap-lints allow`
    Checking gif v0.14.2
     Running `C:\Users\runneradmin\.rustup\toolchains\stable-x86_64-pc-windows-msvc\bin\rustc.exe --crate-name gif --edition=2021 C:\Users\runneradmin\.cargo\registry\src\index.crates.io-1949cf8c6b5b557f\gif-0.14.2\src\lib.rs --error-format=json --json=diagnostic-rendered-ansi,artifacts,future-incompat --crate-type lib --emit=dep-info,metadata -C embed-bitcode=no -C debuginfo=2 --cfg "feature=\"color_quant\"" --cfg "feature=\"default\"" --cfg "feature=\"raii_no_panic\"" --cfg "feature=\"std\"" --check-cfg cfg(docsrs,test) --check-cfg "cfg(feature, values(\"color_quant\", \"default\", \"raii_no_panic\", \"std\"))" -C metadata=11863a0a8d62a0fd -C extra-filename=-e750d3d6cb66982e --out-dir D:\a\explorer-rs\explorer-rs\target\debug\deps -L dependency=D:\a\explorer-rs\explorer-rs\target\debug\deps --extern color_quant=D:\a\explorer-rs\explorer-rs\target\debug\deps\libcolor_quant-1f11c6cfa9fed51c.rmeta --extern weezl=D:\a\explorer-rs\explorer-rs\target\debug\deps\libweezl-540400ddb29fa271.rmeta --cap-lints allow`
    Checking winapi-util v0.1.11
     Running `C:\Users\runneradmin\.rustup\toolchains\stable-x86_64-pc-windows-msvc\bin\rustc.exe --crate-name winapi_util --edition=2021 C:\Users\runneradmin\.cargo\registry\src\index.crates.io-1949cf8c6b5b557f\winapi-util-0.1.11\src\lib.rs --error-format=json --json=diagnostic-rendered-ansi,artifacts,future-incompat --crate-type lib --emit=dep-info,metadata -C embed-bitcode=no -C debuginfo=2 --check-cfg cfg(docsrs,test) --check-cfg "cfg(feature, values())" -C metadata=d6370053448f1cce -C extra-filename=-a3b3ddc1530a042c --out-dir D:\a\explorer-rs\explorer-rs\target\debug\deps -L dependency=D:\a\explorer-rs\explorer-rs\target\debug\deps --extern windows_sys=D:\a\explorer-rs\explorer-rs\target\debug\deps\libwindows_sys-28479fa03cc9b83c.rmeta --cap-lints allow`
     Running `C:\Users\runneradmin\.rustup\toolchains\stable-x86_64-pc-windows-msvc\bin\rustc.exe --crate-name winit --edition=2021 C:\Users\runneradmin\.cargo\registry\src\index.crates.io-1949cf8c6b5b557f\winit-0.29.15\src\lib.rs --error-format=json --json=diagnostic-rendered-ansi,artifacts,future-incompat --crate-type lib --emit=dep-info,metadata -C embed-bitcode=no -C debuginfo=2 --cfg "feature=\"ahash\"" --cfg "feature=\"bytemuck\"" --cfg "feature=\"memmap2\"" --cfg "feature=\"percent-encoding\"" --cfg "feature=\"rwh_05\"" --cfg "feature=\"rwh_06\"" --cfg "feature=\"sctk\"" --cfg "feature=\"wayland\"" --cfg "feature=\"wayland-backend\"" --cfg "feature=\"wayland-client\"" --cfg "feature=\"wayland-protocols\"" --cfg "feature=\"wayland-protocols-plasma\"" --cfg "feature=\"x11\"" --cfg "feature=\"x11-dl\"" --cfg "feature=\"x11rb\"" --check-cfg cfg(docsrs,test) --check-cfg "cfg(feature, values(\"ahash\", \"android-game-activity\", \"android-native-activity\", \"bytemuck\", \"default\", \"memmap2\", \"mint\", \"percent-encoding\", \"rwh_04\", \"rwh_05\", \"rwh_06\", \"sctk\", \"sctk-adwaita\", \"serde\", \"wayland\", \"wayland-backend\", \"wayland-client\", \"wayland-csd-adwaita\", \"wayland-csd-adwaita-crossfont\", \"wayland-csd-adwaita-notitle\", \"wayland-dlopen\", \"wayland-protocols\", \"wayland-protocols-plasma\", \"x11\", \"x11-dl\", \"x11rb\"))" -C metadata=972b2daaabadb286 -C extra-filename=-3e7b901d66fbb3fa --out-dir D:\a\explorer-rs\explorer-rs\target\debug\deps -L dependency=D:\a\explorer-rs\explorer-rs\target\debug\deps --extern bitflags=D:\a\explorer-rs\explorer-rs\target\debug\deps\libbitflags-81e80dace4817a82.rmeta --extern cursor_icon=D:\a\explorer-rs\explorer-rs\target\debug\deps\libcursor_icon-99479012271bab1c.rmeta --extern log=D:\a\explorer-rs\explorer-rs\target\debug\deps\liblog-a55e43c5b83e885f.rmeta --extern once_cell=D:\a\explorer-rs\explorer-rs\target\debug\deps\libonce_cell-54f11a5580fe8efc.rmeta --extern rwh_05=D:\a\explorer-rs\explorer-rs\target\debug\deps\libraw_window_handle-475563cc2b973d67.rmeta --extern rwh_06=D:\a\explorer-rs\explorer-rs\target\debug\deps\libraw_window_handle-bd9d64105fef5c9e.rmeta --extern smol_str=D:\a\explorer-rs\explorer-rs\target\debug\deps\libsmol_str-38142299fba8c196.rmeta --extern unicode_segmentation=D:\a\explorer-rs\explorer-rs\target\debug\deps\libunicode_segmentation-3441a6c2017b632b.rmeta --extern windows_sys=D:\a\explorer-rs\explorer-rs\target\debug\deps\libwindows_sys-5853d4cc87665ec9.rmeta --cap-lints allow -L native=C:\Users\runneradmin\.cargo\registry\src\index.crates.io-1949cf8c6b5b557f\windows_x86_64_msvc-0.48.5\lib --cfg windows_platform`
    Checking clipboard-win v5.4.1
     Running `C:\Users\runneradmin\.rustup\toolchains\stable-x86_64-pc-windows-msvc\bin\rustc.exe --crate-name clipboard_win --edition=2018 C:\Users\runneradmin\.cargo\registry\src\index.crates.io-1949cf8c6b5b557f\clipboard-win-5.4.1\src\lib.rs --error-format=json --json=diagnostic-rendered-ansi,artifacts,future-incompat --crate-type lib --emit=dep-info,metadata -C embed-bitcode=no -C debuginfo=2 --cfg "feature=\"std\"" --check-cfg cfg(docsrs,test) --check-cfg "cfg(feature, values(\"monitor\", \"std\", \"windows-win\"))" -C metadata=274437f793b5f217 -C extra-filename=-01ed2e848ac30175 --out-dir D:\a\explorer-rs\explorer-rs\target\debug\deps -L dependency=D:\a\explorer-rs\explorer-rs\target\debug\deps --extern error_code=D:\a\explorer-rs\explorer-rs\target\debug\deps\liberror_code-d6d4995fb49eb3f5.rmeta --cap-lints allow`
     Running `D:\a\explorer-rs\explorer-rs\target\debug\build\crossbeam-utils-33c303cae5c9e89b\build-script-build`
     Running `C:\Users\runneradmin\.rustup\toolchains\stable-x86_64-pc-windows-msvc\bin\rustc.exe --crate-name rustls --edition=2021 C:\Users\runneradmin\.cargo\registry\src\index.crates.io-1949cf8c6b5b557f\rustls-0.23.43\src\lib.rs --error-format=json --json=diagnostic-rendered-ansi,artifacts,future-incompat --crate-type lib --emit=dep-info,metadata -C embed-bitcode=no -C debuginfo=2 --warn=unexpected_cfgs --check-cfg cfg(bench) --check-cfg cfg(coverage_nightly) --check-cfg cfg(read_buf) --check-cfg cfg(rustls_docsrs) --cfg "feature=\"log\"" --cfg "feature=\"logging\"" --cfg "feature=\"ring\"" --cfg "feature=\"std\"" --cfg "feature=\"tls12\"" --check-cfg cfg(docsrs,test) --check-cfg "cfg(feature, values(\"aws-lc-rs\", \"aws_lc_rs\", \"brotli\", \"custom-provider\", \"default\", \"fips\", \"hashbrown\", \"log\", \"logging\", \"prefer-post-quantum\", \"read_buf\", \"ring\", \"rustversion\", \"std\", \"tls12\", \"zlib\"))" -C metadata=886eede835f51b56 -C extra-filename=-0b6b5edf802de570 --out-dir D:\a\explorer-rs\explorer-rs\target\debug\deps -L dependency=D:\a\explorer-rs\explorer-rs\target\debug\deps --extern log=D:\a\explorer-rs\explorer-rs\target\debug\deps\liblog-a55e43c5b83e885f.rmeta --extern once_cell=D:\a\explorer-rs\explorer-rs\target\debug\deps\libonce_cell-54f11a5580fe8efc.rmeta --extern ring=D:\a\explorer-rs\explorer-rs\target\debug\deps\libring-e44ea898c23fe527.rmeta --extern pki_types=D:\a\explorer-rs\explorer-rs\target\debug\deps\librustls_pki_types-bae735fc511223c5.rmeta --extern webpki=D:\a\explorer-rs\explorer-rs\target\debug\deps\libwebpki-b4084f83ec8b2228.rmeta --extern subtle=D:\a\explorer-rs\explorer-rs\target\debug\deps\libsubtle-f4e284b31b853928.rmeta --extern zeroize=D:\a\explorer-rs\explorer-rs\target\debug\deps\libzeroize-00defafb198adb5f.rmeta --cap-lints allow -L native=D:\a\explorer-rs\explorer-rs\target\debug\build\ring-d59ab82cdceb3675\out`
    Checking moxcms v0.8.1
     Running `C:\Users\runneradmin\.rustup\toolchains\stable-x86_64-pc-windows-msvc\bin\rustc.exe --crate-name moxcms --edition=2024 C:\Users\runneradmin\.cargo\registry\src\index.crates.io-1949cf8c6b5b557f\moxcms-0.8.1\src\lib.rs --error-format=json --json=diagnostic-rendered-ansi,artifacts,future-incompat --crate-type lib --emit=dep-info,metadata -C embed-bitcode=no -C debuginfo=2 --cfg "feature=\"avx\"" --cfg "feature=\"avx_luts\"" --cfg "feature=\"avx_shaper_fixed_point_paths\"" --cfg "feature=\"avx_shaper_paths\"" --cfg "feature=\"default\"" --cfg "feature=\"lut\"" --cfg "feature=\"neon\"" --cfg "feature=\"neon_luts\"" --cfg "feature=\"neon_shaper_fixed_point_paths\"" --cfg "feature=\"neon_shaper_paths\"" --cfg "feature=\"sse\"" --cfg "feature=\"sse_luts\"" --cfg "feature=\"sse_shaper_fixed_point_paths\"" --cfg "feature=\"sse_shaper_paths\"" --check-cfg cfg(docsrs,test) --check-cfg "cfg(feature, values(\"any_to_any\", \"avx\", \"avx512\", \"avx512_shaper_fixed_point_paths\", \"avx512_shaper_optimized_paths\", \"avx_luts\", \"avx_shaper_fixed_point_paths\", \"avx_shaper_optimized_paths\", \"avx_shaper_paths\", \"default\", \"extended_range\", \"in_place\", \"lut\", \"neon\", \"neon_luts\", \"neon_shaper_fixed_point_paths\", \"neon_shaper_optimized_paths\", \"neon_shaper_paths\", \"options\", \"sse\", \"sse_luts\", \"sse_shaper_fixed_point_paths\", \"sse_shaper_optimized_paths\", \"sse_shaper_paths\"))" -C metadata=64865cfb9cf4ea0a -C extra-filename=-d2396f891da4d1d9 --out-dir D:\a\explorer-rs\explorer-rs\target\debug\deps -L dependency=D:\a\explorer-rs\explorer-rs\target\debug\deps --extern num_traits=D:\a\explorer-rs\explorer-rs\target\debug\deps\libnum_traits-f009559984e75c5f.rmeta --extern pxfm=D:\a\explorer-rs\explorer-rs\target\debug\deps\libpxfm-ee5de14562ff52c8.rmeta --cap-lints allow`
     Running `D:\a\explorer-rs\explorer-rs\target\debug\build\glutin-327edd475cdd112d\build-script-build`
     Running `D:\a\explorer-rs\explorer-rs\target\debug\build\memoffset-7ead6555dda912d3\build-script-build`
    Checking webpki-roots v0.26.11
     Running `C:\Users\runneradmin\.rustup\toolchains\stable-x86_64-pc-windows-msvc\bin\rustc.exe --crate-name webpki_roots --edition=2021 C:\Users\runneradmin\.cargo\registry\src\index.crates.io-1949cf8c6b5b557f\webpki-roots-0.26.11\src\lib.rs --error-format=json --json=diagnostic-rendered-ansi,artifacts,future-incompat --crate-type lib --emit=dep-info,metadata -C embed-bitcode=no -C debuginfo=2 --check-cfg cfg(docsrs,test) --check-cfg "cfg(feature, values())" -C metadata=a9b35f223aea4141 -C extra-filename=-9a7b4c8d363c5fca --out-dir D:\a\explorer-rs\explorer-rs\target\debug\deps -L dependency=D:\a\explorer-rs\explorer-rs\target\debug\deps --extern parent=D:\a\explorer-rs\explorer-rs\target\debug\deps\libwebpki_roots-a8c90c46b05b47af.rmeta --cap-lints allow`
   Compiling mime_guess2 v2.3.1
     Running `C:\Users\runneradmin\.rustup\toolchains\stable-x86_64-pc-windows-msvc\bin\rustc.exe --crate-name build_script_build --edition=2024 C:\Users\runneradmin\.cargo\registry\src\index.crates.io-1949cf8c6b5b557f\mime_guess2-2.3.1\build.rs --error-format=json --json=diagnostic-rendered-ansi,artifacts,future-incompat --crate-type bin --emit=dep-info,link -C embed-bitcode=no --check-cfg cfg(docsrs,test) --check-cfg "cfg(feature, values(\"default\", \"phf\", \"phf-map\", \"phf_codegen\", \"rev-map\"))" -C metadata=363c95305f745756 -C extra-filename=-6b3e97f95c0e63f8 --out-dir D:\a\explorer-rs\explorer-rs\target\debug\build\mime_guess2-6b3e97f95c0e63f8 -L dependency=D:\a\explorer-rs\explorer-rs\target\debug\deps --extern phf=D:\a\explorer-rs\explorer-rs\target\debug\deps\libphf-2de1cecb9bebc04f.rlib --extern phf_shared=D:\a\explorer-rs\explorer-rs\target\debug\deps\libphf_shared-38844f321d9f6c70.rlib --extern unicase=D:\a\explorer-rs\explorer-rs\target\debug\deps\libunicase-0a995b23dbd40c3d.rlib --cap-lints allow`
   Compiling toml v1.1.4+spec-1.1.0
     Running `C:\Users\runneradmin\.rustup\toolchains\stable-x86_64-pc-windows-msvc\bin\rustc.exe --crate-name toml --edition=2024 C:\Users\runneradmin\.cargo\registry\src\index.crates.io-1949cf8c6b5b557f\toml-1.1.4+spec-1.1.0\src\lib.rs --error-format=json --json=diagnostic-rendered-ansi,artifacts,future-incompat --crate-type lib --emit=dep-info,metadata,link -C embed-bitcode=no --warn=rust_2018_idioms --warn=clippy::zero_sized_map_values --warn=clippy::wildcard_imports --warn=clippy::verbose_file_reads --warn=clippy::use_self --warn=unused_qualifications --warn=unused_macro_rules --warn=unused_lifetimes --warn=unsafe_op_in_unsafe_fn --warn=unreachable_pub --allow=unnameable_types --warn=clippy::uninlined_format_args --warn=clippy::trait_duplication_in_bounds --warn=clippy::todo --warn=clippy::string_lit_as_bytes --warn=clippy::string_add_assign --warn=clippy::string_add --warn=clippy::str_to_string --warn=clippy::semicolon_if_nothing_returned --warn=clippy::self_named_module_files --warn=clippy::same_functions_in_if_condition --allow=clippy::result_large_err --warn=clippy::rest_pat_in_fully_bound_structs --warn=clippy::ref_option_ref --warn=clippy::redundant_feature_names --warn=clippy::rc_mutex --warn=clippy::ptr_as_ptr --warn=clippy::path_buf_push_overwrite --warn=clippy::negative_feature_names --warn=clippy::needless_for_each --allow=clippy::needless_continue --allow=clippy::needless_bool --warn=clippy::mutex_integer --warn=clippy::mem_forget --warn=clippy::macro_use_imports --warn=clippy::lossy_float_literal --warn=clippy::linkedlist --allow=clippy::let_and_return --warn=clippy::large_types_passed_by_value --warn=clippy::large_stack_arrays --warn=clippy::large_digit_groups --warn=clippy::invalid_upcast_comparisons --warn=clippy::infinite_loop --warn=clippy::inefficient_to_string --warn=clippy::inconsistent_struct_constructor --warn=clippy::imprecise_flops --warn=clippy::implicit_clone --allow=clippy::if_same_then_else --allow=clippy::get_first --warn=clippy::from_iter_instead_of_collect --warn=clippy::fn_params_excessive_bools --warn=clippy::float_cmp_const --warn=clippy::flat_map_option --warn=clippy::filter_map_next --warn=clippy::fallible_impl_from --warn=clippy::explicit_into_iter_loop --warn=clippy::explicit_deref_methods --warn=clippy::expl_impl_clone_on_copy --warn=clippy::enum_glob_use --warn=clippy::empty_enums --warn=clippy::doc_markdown --warn=clippy::debug_assert_with_mut_call --warn=clippy::dbg_macro --warn=clippy::create_dir --allow=clippy::collapsible_match --allow=clippy::collapsible_else_if --warn=clippy::checked_conversions --allow=clippy::branches_sharing_code --allow=clippy::bool_assert_comparison --cfg "feature=\"parse\"" --cfg "feature=\"serde\"" --cfg "feature=\"std\"" --check-cfg cfg(docsrs,test) --check-cfg "cfg(feature, values(\"debug\", \"default\", \"display\", \"fast_hash\", \"parse\", \"preserve_order\", \"serde\", \"std\", \"unbounded\"))" -C metadata=925c6e9886aad065 -C extra-filename=-589984a31222af10 --out-dir D:\a\explorer-rs\explorer-rs\target\debug\deps -L dependency=D:\a\explorer-rs\explorer-rs\target\debug\deps --extern serde_core=D:\a\explorer-rs\explorer-rs\target\debug\deps\libserde_core-37d7b08e9123341f.rmeta --extern serde_spanned=D:\a\explorer-rs\explorer-rs\target\debug\deps\libserde_spanned-8bb82d8fa838d2bd.rmeta --extern toml_datetime=D:\a\explorer-rs\explorer-rs\target\debug\deps\libtoml_datetime-284337d83bd95f4f.rmeta --extern toml_parser=D:\a\explorer-rs\explorer-rs\target\debug\deps\libtoml_parser-ab5970737ebf8038.rmeta --extern winnow=D:\a\explorer-rs\explorer-rs\target\debug\deps\libwinnow-27251502e109daae.rmeta --cap-lints allow`
    Checking windows-sys v0.60.2
     Running `C:\Users\runneradmin\.rustup\toolchains\stable-x86_64-pc-windows-msvc\bin\rustc.exe --crate-name windows_sys --edition=2021 C:\Users\runneradmin\.cargo\registry\src\index.crates.io-1949cf8c6b5b557f\windows-sys-0.60.2\src\lib.rs --error-format=json --json=diagnostic-rendered-ansi,artifacts,future-incompat --crate-type lib --emit=dep-info,metadata -C embed-bitcode=no -C debuginfo=2 --warn=rust_2018_idioms --warn=unsafe_op_in_unsafe_fn --warn=unexpected_cfgs --warn=missing_docs --check-cfg "cfg(windows_raw_dylib, windows_slim_errors)" --cfg "feature=\"Win32\"" --cfg "feature=\"Win32_Foundation\"" --cfg "feature=\"Win32_Storage\"" --cfg "feature=\"Win32_Storage_FileSystem\"" --cfg "feature=\"Win32_System\"" --cfg "feature=\"Win32_System_DataExchange\"" --cfg "feature=\"Win32_System_Memory\"" --cfg "feature=\"Win32_System_Ole\"" --cfg "feature=\"Win32_UI\"" --cfg "feature=\"Win32_UI_Shell\"" --cfg "feature=\"default\"" --check-cfg cfg(docsrs,test) --check-cfg "cfg(feature, values(\"Wdk\", \"Wdk_Devices\", \"Wdk_Devices_Bluetooth\", \"Wdk_Devices_HumanInterfaceDevice\", \"Wdk_Foundation\", \"Wdk_Graphics\", \"Wdk_Graphics_Direct3D\", \"Wdk_NetworkManagement\", \"Wdk_NetworkManagement_Ndis\", \"Wdk_NetworkManagement_WindowsFilteringPlatform\", \"Wdk_Storage\", \"Wdk_Storage_FileSystem\", \"Wdk_Storage_FileSystem_Minifilters\", \"Wdk_System\", \"Wdk_System_IO\", \"Wdk_System_Memory\", \"Wdk_System_OfflineRegistry\", \"Wdk_System_Registry\", \"Wdk_System_SystemInformation\", \"Wdk_System_SystemServices\", \"Wdk_System_Threading\", \"Win32\", \"Win32_Data\", \"Win32_Data_HtmlHelp\", \"Win32_Data_RightsManagement\", \"Win32_Devices\", \"Win32_Devices_AllJoyn\", \"Win32_Devices_Beep\", \"Win32_Devices_BiometricFramework\", \"Win32_Devices_Bluetooth\", \"Win32_Devices_Cdrom\", \"Win32_Devices_Communication\", \"Win32_Devices_DeviceAndDriverInstallation\", \"Win32_Devices_DeviceQuery\", \"Win32_Devices_Display\", \"Win32_Devices_Dvd\", \"Win32_Devices_Enumeration\", \"Win32_Devices_Enumeration_Pnp\", \"Win32_Devices_Fax\", \"Win32_Devices_HumanInterfaceDevice\", \"Win32_Devices_Nfc\", \"Win32_Devices_Nfp\", \"Win32_Devices_PortableDevices\", \"Win32_Devices_Properties\", \"Win32_Devices_Pwm\", \"Win32_Devices_Sensors\", \"Win32_Devices_SerialCommunication\", \"Win32_Devices_Tapi\", \"Win32_Devices_Usb\", \"Win32_Devices_WebServicesOnDevices\", \"Win32_Foundation\", \"Win32_Gaming\", \"Win32_Globalization\", \"Win32_Graphics\", \"Win32_Graphics_Dwm\", \"Win32_Graphics_Gdi\", \"Win32_Graphics_GdiPlus\", \"Win32_Graphics_Hlsl\", \"Win32_Graphics_OpenGL\", \"Win32_Graphics_Printing\", \"Win32_Graphics_Printing_PrintTicket\", \"Win32_Management\", \"Win32_Management_MobileDeviceManagementRegistration\", \"Win32_Media\", \"Win32_Media_Audio\", \"Win32_Media_DxMediaObjects\", \"Win32_Media_KernelStreaming\", \"Win32_Media_Multimedia\", \"Win32_Media_Streaming\", \"Win32_Media_WindowsMediaFormat\", \"Win32_NetworkManagement\", \"Win32_NetworkManagement_Dhcp\", \"Win32_NetworkManagement_Dns\", \"Win32_NetworkManagement_InternetConnectionWizard\", \"Win32_NetworkManagement_IpHelper\", \"Win32_NetworkManagement_Multicast\", \"Win32_NetworkManagement_Ndis\", \"Win32_NetworkManagement_NetBios\", \"Win32_NetworkManagement_NetManagement\", \"Win32_NetworkManagement_NetShell\", \"Win32_NetworkManagement_NetworkDiagnosticsFramework\", \"Win32_NetworkManagement_P2P\", \"Win32_NetworkManagement_QoS\", \"Win32_NetworkManagement_Rras\", \"Win32_NetworkManagement_Snmp\", \"Win32_NetworkManagement_WNet\", \"Win32_NetworkManagement_WebDav\", \"Win32_NetworkManagement_WiFi\", \"Win32_NetworkManagement_WindowsConnectionManager\", \"Win32_NetworkManagement_WindowsFilteringPlatform\", \"Win32_NetworkManagement_WindowsFirewall\", \"Win32_NetworkManagement_WindowsNetworkVirtualization\", \"Win32_Networking\", \"Win32_Networking_ActiveDirectory\", \"Win32_Networking_Clustering\", \"Win32_Networking_HttpServer\", \"Win32_Networking_Ldap\", \"Win32_Networking_WebSocket\", \"Win32_Networking_WinHttp\", \"Win32_Networking_WinInet\", \"Win32_Networking_WinSock\", \"Win32_Networking_WindowsWebServices\", \"Win32_Security\", \"Win32_Security_AppLocker\", \"Win32_Security_Authentication\", \"Win32_Security_Authentication_Identity\", \"Win32_Security_Authorization\", \"Win32_Security_Credentials\", \"Win32_Security_Cryptography\", \"Win32_Security_Cryptography_Catalog\", \"Win32_Security_Cryptography_Certificates\", \"Win32_Security_Cryptography_Sip\", \"Win32_Security_Cryptography_UI\", \"Win32_Security_DiagnosticDataQuery\", \"Win32_Security_DirectoryServices\", \"Win32_Security_EnterpriseData\", \"Win32_Security_ExtensibleAuthenticationProtocol\", \"Win32_Security_Isolation\", \"Win32_Security_LicenseProtection\", \"Win32_Security_NetworkAccessProtection\", \"Win32_Security_WinTrust\", \"Win32_Security_WinWlx\", \"Win32_Storage\", \"Win32_Storage_Cabinets\", \"Win32_Storage_CloudFilters\", \"Win32_Storage_Compression\", \"Win32_Storage_DistributedFileSystem\", \"Win32_Storage_FileHistory\", \"Win32_Storage_FileSystem\", \"Win32_Storage_Imapi\", \"Win32_Storage_IndexServer\", \"Win32_Storage_InstallableFileSystems\", \"Win32_Storage_IscsiDisc\", \"Win32_Storage_Jet\", \"Win32_Storage_Nvme\", \"Win32_Storage_OfflineFiles\", \"Win32_Storage_OperationRecorder\", \"Win32_Storage_Packaging\", \"Win32_Storage_Packaging_Appx\", \"Win32_Storage_ProjectedFileSystem\", \"Win32_Storage_StructuredStorage\", \"Win32_Storage_Vhd\", \"Win32_Storage_Xps\", \"Win32_System\", \"Win32_System_AddressBook\", \"Win32_System_Antimalware\", \"Win32_System_ApplicationInstallationAndServicing\", \"Win32_System_ApplicationVerifier\", \"Win32_System_ClrHosting\", \"Win32_System_Com\", \"Win32_System_Com_Marshal\", \"Win32_System_Com_StructuredStorage\", \"Win32_System_Com_Urlmon\", \"Win32_System_ComponentServices\", \"Win32_System_Console\", \"Win32_System_CorrelationVector\", \"Win32_System_DataExchange\", \"Win32_System_DeploymentServices\", \"Win32_System_DeveloperLicensing\", \"Win32_System_Diagnostics\", \"Win32_System_Diagnostics_Ceip\", \"Win32_System_Diagnostics_Debug\", \"Win32_System_Diagnostics_Debug_Extensions\", \"Win32_System_Diagnostics_Etw\", \"Win32_System_Diagnostics_ProcessSnapshotting\", \"Win32_System_Diagnostics_ToolHelp\", \"Win32_System_Diagnostics_TraceLogging\", \"Win32_System_DistributedTransactionCoordinator\", \"Win32_System_Environment\", \"Win32_System_ErrorReporting\", \"Win32_System_EventCollector\", \"Win32_System_EventLog\", \"Win32_System_EventNotificationService\", \"Win32_System_GroupPolicy\", \"Win32_System_HostCompute\", \"Win32_System_HostComputeNetwork\", \"Win32_System_HostComputeSystem\", \"Win32_System_Hypervisor\", \"Win32_System_IO\", \"Win32_System_Iis\", \"Win32_System_Ioctl\", \"Win32_System_JobObjects\", \"Win32_System_Js\", \"Win32_System_Kernel\", \"Win32_System_LibraryLoader\", \"Win32_System_Mailslots\", \"Win32_System_Mapi\", \"Win32_System_Memory\", \"Win32_System_Memory_NonVolatile\", \"Win32_System_MessageQueuing\", \"Win32_System_MixedReality\", \"Win32_System_Ole\", \"Win32_System_PasswordManagement\", \"Win32_System_Performance\", \"Win32_System_Performance_HardwareCounterProfiling\", \"Win32_System_Pipes\", \"Win32_System_Power\", \"Win32_System_ProcessStatus\", \"Win32_System_Recovery\", \"Win32_System_Registry\", \"Win32_System_RemoteDesktop\", \"Win32_System_RemoteManagement\", \"Win32_System_RestartManager\", \"Win32_System_Restore\", \"Win32_System_Rpc\", \"Win32_System_Search\", \"Win32_System_Search_Common\", \"Win32_System_SecurityCenter\", \"Win32_System_Services\", \"Win32_System_SetupAndMigration\", \"Win32_System_Shutdown\", \"Win32_System_StationsAndDesktops\", \"Win32_System_SubsystemForLinux\", \"Win32_System_SystemInformation\", \"Win32_System_SystemServices\", \"Win32_System_Threading\", \"Win32_System_Time\", \"Win32_System_TpmBaseServices\", \"Win32_System_UserAccessLogging\", \"Win32_System_Variant\", \"Win32_System_VirtualDosMachines\", \"Win32_System_WindowsProgramming\", \"Win32_System_Wmi\", \"Win32_UI\", \"Win32_UI_Accessibility\", \"Win32_UI_ColorSystem\", \"Win32_UI_Controls\", \"Win32_UI_Controls_Dialogs\", \"Win32_UI_HiDpi\", \"Win32_UI_Input\", \"Win32_UI_Input_Ime\", \"Win32_UI_Input_KeyboardAndMouse\", \"Win32_UI_Input_Pointer\", \"Win32_UI_Input_Touch\", \"Win32_UI_Input_XboxController\", \"Win32_UI_InteractionContext\", \"Win32_UI_Magnification\", \"Win32_UI_Shell\", \"Win32_UI_Shell_Common\", \"Win32_UI_Shell_PropertiesSystem\", \"Win32_UI_TabletPC\", \"Win32_UI_TextServices\", \"Win32_UI_WindowsAndMessaging\", \"Win32_Web\", \"Win32_Web_InternetExplorer\", \"default\", \"docs\"))" -C metadata=ccf556a313687b70 -C extra-filename=-6a7267c82f6f5ca0 --out-dir D:\a\explorer-rs\explorer-rs\target\debug\deps -L dependency=D:\a\explorer-rs\explorer-rs\target\debug\deps --extern windows_targets=D:\a\explorer-rs\explorer-rs\target\debug\deps\libwindows_targets-97489d88e682d411.rmeta --cap-lints allow -L native=C:\Users\runneradmin\.cargo\registry\src\index.crates.io-1949cf8c6b5b557f\windows_x86_64_msvc-0.53.1\lib`
     Running `C:\Users\runneradmin\.rustup\toolchains\stable-x86_64-pc-windows-msvc\bin\rustc.exe --crate-name glutin_wgl_sys --edition=2021 C:\Users\runneradmin\.cargo\registry\src\index.crates.io-1949cf8c6b5b557f\glutin_wgl_sys-0.5.0\src\lib.rs --error-format=json --json=diagnostic-rendered-ansi,artifacts,future-incompat --crate-type lib --emit=dep-info,metadata -C embed-bitcode=no -C debuginfo=2 --check-cfg cfg(docsrs,test) --check-cfg "cfg(feature, values())" -C metadata=f7d2978e9fa6f0ab -C extra-filename=-8292f5dde3db6868 --out-dir D:\a\explorer-rs\explorer-rs\target\debug\deps -L dependency=D:\a\explorer-rs\explorer-rs\target\debug\deps --cap-lints allow`
     Running `C:\Users\runneradmin\.rustup\toolchains\stable-x86_64-pc-windows-msvc\bin\rustc.exe --crate-name glutin_egl_sys --edition=2021 C:\Users\runneradmin\.cargo\registry\src\index.crates.io-1949cf8c6b5b557f\glutin_egl_sys-0.6.0\src\lib.rs --error-format=json --json=diagnostic-rendered-ansi,artifacts,future-incompat --crate-type lib --emit=dep-info,metadata -C embed-bitcode=no -C debuginfo=2 --check-cfg cfg(docsrs,test) --check-cfg "cfg(feature, values())" -C metadata=7553ca4f1b50fda5 -C extra-filename=-b8330692ee67612b --out-dir D:\a\explorer-rs\explorer-rs\target\debug\deps -L dependency=D:\a\explorer-rs\explorer-rs\target\debug\deps --extern windows_sys=D:\a\explorer-rs\explorer-rs\target\debug\deps\libwindows_sys-5853d4cc87665ec9.rmeta --cap-lints allow -L native=C:\Users\runneradmin\.cargo\registry\src\index.crates.io-1949cf8c6b5b557f\windows_x86_64_msvc-0.48.5\lib`
    Checking png v0.18.1
     Running `C:\Users\runneradmin\.rustup\toolchains\stable-x86_64-pc-windows-msvc\bin\rustc.exe --crate-name png --edition=2021 C:\Users\runneradmin\.cargo\registry\src\index.crates.io-1949cf8c6b5b557f\png-0.18.1\src\lib.rs --error-format=json --json=diagnostic-rendered-ansi,artifacts,future-incompat --crate-type lib --emit=dep-info,metadata -C embed-bitcode=no -C debuginfo=2 --warn=unexpected_cfgs --check-cfg cfg(fuzzing) --check-cfg cfg(docsrs,test) --check-cfg "cfg(feature, values(\"benchmarks\", \"unstable\", \"zlib-rs\"))" -C metadata=35e95d2b56373d98 -C extra-filename=-fa2ca6a68a9ee21b --out-dir D:\a\explorer-rs\explorer-rs\target\debug\deps -L dependency=D:\a\explorer-rs\explorer-rs\target\debug\deps --extern bitflags=D:\a\explorer-rs\explorer-rs\target\debug\deps\libbitflags-81e80dace4817a82.rmeta --extern crc32fast=D:\a\explorer-rs\explorer-rs\target\debug\deps\libcrc32fast-e78d383a6e417d33.rmeta --extern fdeflate=D:\a\explorer-rs\explorer-rs\target\debug\deps\libfdeflate-1b81a28950a19c1a.rmeta --extern flate2=D:\a\explorer-rs\explorer-rs\target\debug\deps\libflate2-a5921843e2a75d09.rmeta --extern miniz_oxide=D:\a\explorer-rs\explorer-rs\target\debug\deps\libminiz_oxide-5baa5dfb05e522de.rmeta --cap-lints allow`
    Checking windows-result v0.2.0
     Running `C:\Users\runneradmin\.rustup\toolchains\stable-x86_64-pc-windows-msvc\bin\rustc.exe --crate-name windows_result --edition=2021 C:\Users\runneradmin\.cargo\registry\src\index.crates.io-1949cf8c6b5b557f\windows-result-0.2.0\src\lib.rs --error-format=json --json=diagnostic-rendered-ansi,artifacts,future-incompat --crate-type lib --emit=dep-info,metadata -C embed-bitcode=no -C debuginfo=2 --warn=rust_2018_idioms --warn=unexpected_cfgs --warn=missing_docs --check-cfg "cfg(windows_raw_dylib, windows_debugger_visualizer, windows_slim_errors)" --cfg "feature=\"default\"" --cfg "feature=\"std\"" --check-cfg cfg(docsrs,test) --check-cfg "cfg(feature, values(\"default\", \"std\"))" -C metadata=d916b6380c0a1451 -C extra-filename=-e95f18c8b089911d --out-dir D:\a\explorer-rs\explorer-rs\target\debug\deps -L dependency=D:\a\explorer-rs\explorer-rs\target\debug\deps --extern windows_targets=D:\a\explorer-rs\explorer-rs\target\debug\deps\libwindows_targets-dcbeea8d189d8782.rmeta --cap-lints allow -L native=C:\Users\runneradmin\.cargo\registry\src\index.crates.io-1949cf8c6b5b557f\windows_x86_64_msvc-0.52.6\lib`
    Checking windows-result v0.1.2
     Running `C:\Users\runneradmin\.rustup\toolchains\stable-x86_64-pc-windows-msvc\bin\rustc.exe --crate-name windows_result --edition=2021 C:\Users\runneradmin\.cargo\registry\src\index.crates.io-1949cf8c6b5b557f\windows-result-0.1.2\src\lib.rs --error-format=json --json=diagnostic-rendered-ansi,artifacts,future-incompat --crate-type lib --emit=dep-info,metadata -C embed-bitcode=no -C debuginfo=2 --warn=rust_2018_idioms --warn=unexpected_cfgs --warn=missing_docs --check-cfg "cfg(windows_raw_dylib, windows_debugger_visualizer)" --cfg "feature=\"default\"" --cfg "feature=\"std\"" --check-cfg cfg(docsrs,test) --check-cfg "cfg(feature, values(\"default\", \"std\"))" -C metadata=e171bd8c46847dcc -C extra-filename=-5dc708edcfdbf6c4 --out-dir D:\a\explorer-rs\explorer-rs\target\debug\deps -L dependency=D:\a\explorer-rs\explorer-rs\target\debug\deps --extern windows_targets=D:\a\explorer-rs\explorer-rs\target\debug\deps\libwindows_targets-dcbeea8d189d8782.rmeta --cap-lints allow -L native=C:\Users\runneradmin\.cargo\registry\src\index.crates.io-1949cf8c6b5b557f\windows_x86_64_msvc-0.52.6\lib`
   Compiling windows-implement v0.56.0
     Running `C:\Users\runneradmin\.rustup\toolchains\stable-x86_64-pc-windows-msvc\bin\rustc.exe --crate-name windows_implement --edition=2021 C:\Users\runneradmin\.cargo\registry\src\index.crates.io-1949cf8c6b5b557f\windows-implement-0.56.0\src\lib.rs --error-format=json --json=diagnostic-rendered-ansi,artifacts,future-incompat --crate-type proc-macro --emit=dep-info,link -C prefer-dynamic -C embed-bitcode=no --warn=unused_qualifications --warn=rust_2018_idioms --warn=missing_docs --check-cfg cfg(docsrs,test) --check-cfg "cfg(feature, values())" -C metadata=700d54753352afaa -C extra-filename=-292989e72f3ba717 --out-dir D:\a\explorer-rs\explorer-rs\target\debug\deps -L dependency=D:\a\explorer-rs\explorer-rs\target\debug\deps --extern proc_macro2=D:\a\explorer-rs\explorer-rs\target\debug\deps\libproc_macro2-22100c612bae5151.rlib --extern quote=D:\a\explorer-rs\explorer-rs\target\debug\deps\libquote-94bf10c687cf4128.rlib --extern syn=D:\a\explorer-rs\explorer-rs\target\debug\deps\libsyn-7eed1106492f4f2c.rlib --extern proc_macro --cap-lints allow`
   Compiling windows-interface v0.56.0
     Running `C:\Users\runneradmin\.rustup\toolchains\stable-x86_64-pc-windows-msvc\bin\rustc.exe --crate-name windows_interface --edition=2021 C:\Users\runneradmin\.cargo\registry\src\index.crates.io-1949cf8c6b5b557f\windows-interface-0.56.0\src\lib.rs --error-format=json --json=diagnostic-rendered-ansi,artifacts,future-incompat --crate-type proc-macro --emit=dep-info,link -C prefer-dynamic -C embed-bitcode=no --warn=unused_qualifications --warn=rust_2018_idioms --warn=missing_docs --check-cfg cfg(docsrs,test) --check-cfg "cfg(feature, values())" -C metadata=562eff6e09742bf1 -C extra-filename=-75e0eff4d5737d7e --out-dir D:\a\explorer-rs\explorer-rs\target\debug\deps -L dependency=D:\a\explorer-rs\explorer-rs\target\debug\deps --extern proc_macro2=D:\a\explorer-rs\explorer-rs\target\debug\deps\libproc_macro2-22100c612bae5151.rlib --extern quote=D:\a\explorer-rs\explorer-rs\target\debug\deps\libquote-94bf10c687cf4128.rlib --extern syn=D:\a\explorer-rs\explorer-rs\target\debug\deps\libsyn-7eed1106492f4f2c.rlib --extern proc_macro --cap-lints allow`
   Compiling glutin-winit v0.4.2
     Running `C:\Users\runneradmin\.rustup\toolchains\stable-x86_64-pc-windows-msvc\bin\rustc.exe --crate-name build_script_build --edition=2021 C:\Users\runneradmin\.cargo\registry\src\index.crates.io-1949cf8c6b5b557f\glutin-winit-0.4.2\build.rs --error-format=json --json=diagnostic-rendered-ansi,artifacts,future-incompat --crate-type bin --emit=dep-info,link -C embed-bitcode=no --cfg "feature=\"default\"" --cfg "feature=\"egl\"" --cfg "feature=\"glx\"" --cfg "feature=\"wayland\"" --cfg "feature=\"wgl\"" --cfg "feature=\"x11\"" --check-cfg cfg(docsrs,test) --check-cfg "cfg(feature, values(\"default\", \"egl\", \"glx\", \"wayland\", \"wgl\", \"x11\"))" -C metadata=3151709d3b31339a -C extra-filename=-feea3892d13abf85 --out-dir D:\a\explorer-rs\explorer-rs\target\debug\build\glutin-winit-feea3892d13abf85 -L dependency=D:\a\explorer-rs\explorer-rs\target\debug\deps --extern cfg_aliases=D:\a\explorer-rs\explorer-rs\target\debug\deps\libcfg_aliases-985bbaee5a6e46c3.rlib --cap-lints allow`
    Checking libloading v0.8.9
     Running `C:\Users\runneradmin\.rustup\toolchains\stable-x86_64-pc-windows-msvc\bin\rustc.exe --crate-name libloading --edition=2015 C:\Users\runneradmin\.cargo\registry\src\index.crates.io-1949cf8c6b5b557f\libloading-0.8.9\src\lib.rs --error-format=json --json=diagnostic-rendered-ansi,artifacts,future-incompat --crate-type lib --emit=dep-info,metadata -C embed-bitcode=no -C debuginfo=2 --warn=unexpected_cfgs --check-cfg cfg(libloading_docs) --check-cfg "cfg(target_os, values(\"cygwin\"))" --check-cfg cfg(docsrs,test) --check-cfg "cfg(feature, values())" -C metadata=724967502f2625be -C extra-filename=-fad887fd2b8b6581 --out-dir D:\a\explorer-rs\explorer-rs\target\debug\deps -L dependency=D:\a\explorer-rs\explorer-rs\target\debug\deps --extern windows_link=D:\a\explorer-rs\explorer-rs\target\debug\deps\libwindows_link-1037cdf714bd4810.rmeta --cap-lints allow`
   Compiling winapi v0.3.9
     Running `C:\Users\runneradmin\.rustup\toolchains\stable-x86_64-pc-windows-msvc\bin\rustc.exe --crate-name build_script_build --edition=2015 C:\Users\runneradmin\.cargo\registry\src\index.crates.io-1949cf8c6b5b557f\winapi-0.3.9\build.rs --error-format=json --json=diagnostic-rendered-ansi,artifacts,future-incompat --crate-type bin --emit=dep-info,link -C embed-bitcode=no --cfg "feature=\"winuser\"" --check-cfg cfg(docsrs,test) --check-cfg "cfg(feature, values(\"accctrl\", \"aclapi\", \"activation\", \"adhoc\", \"appmgmt\", \"audioclient\", \"audiosessiontypes\", \"avrt\", \"basetsd\", \"bcrypt\", \"bits\", \"bits10_1\", \"bits1_5\", \"bits2_0\", \"bits2_5\", \"bits3_0\", \"bits4_0\", \"bits5_0\", \"bitscfg\", \"bitsmsg\", \"bluetoothapis\", \"bluetoothleapis\", \"bthdef\", \"bthioctl\", \"bthledef\", \"bthsdpdef\", \"bugcodes\", \"cderr\", \"cfg\", \"cfgmgr32\", \"cguid\", \"combaseapi\", \"coml2api\", \"commapi\", \"commctrl\", \"commdlg\", \"commoncontrols\", \"consoleapi\", \"corecrt\", \"corsym\", \"d2d1\", \"d2d1_1\", \"d2d1_2\", \"d2d1_3\", \"d2d1effectauthor\", \"d2d1effects\", \"d2d1effects_1\", \"d2d1effects_2\", \"d2d1svg\", \"d2dbasetypes\", \"d3d\", \"d3d10\", \"d3d10_1\", \"d3d10_1shader\", \"d3d10effect\", \"d3d10misc\", \"d3d10sdklayers\", \"d3d10shader\", \"d3d11\", \"d3d11_1\", \"d3d11_2\", \"d3d11_3\", \"d3d11_4\", \"d3d11on12\", \"d3d11sdklayers\", \"d3d11shader\", \"d3d11tokenizedprogramformat\", \"d3d12\", \"d3d12sdklayers\", \"d3d12shader\", \"d3d9\", \"d3d9caps\", \"d3d9types\", \"d3dcommon\", \"d3dcompiler\", \"d3dcsx\", \"d3dkmdt\", \"d3dkmthk\", \"d3dukmdt\", \"d3dx10core\", \"d3dx10math\", \"d3dx10mesh\", \"datetimeapi\", \"davclnt\", \"dbghelp\", \"dbt\", \"dcommon\", \"dcomp\", \"dcompanimation\", \"dcomptypes\", \"dde\", \"ddraw\", \"ddrawi\", \"ddrawint\", \"debug\", \"debugapi\", \"devguid\", \"devicetopology\", \"devpkey\", \"devpropdef\", \"dinput\", \"dinputd\", \"dispex\", \"dmksctl\", \"dmusicc\", \"docobj\", \"documenttarget\", \"dot1x\", \"dpa_dsa\", \"dpapi\", \"dsgetdc\", \"dsound\", \"dsrole\", \"dvp\", \"dwmapi\", \"dwrite\", \"dwrite_1\", \"dwrite_2\", \"dwrite_3\", \"dxdiag\", \"dxfile\", \"dxgi\", \"dxgi1_2\", \"dxgi1_3\", \"dxgi1_4\", \"dxgi1_5\", \"dxgi1_6\", \"dxgidebug\", \"dxgiformat\", \"dxgitype\", \"dxva2api\", \"dxvahd\", \"eaptypes\", \"enclaveapi\", \"endpointvolume\", \"errhandlingapi\", \"everything\", \"evntcons\", \"evntprov\", \"evntrace\", \"excpt\", \"exdisp\", \"fibersapi\", \"fileapi\", \"functiondiscoverykeys_devpkey\", \"gl-gl\", \"guiddef\", \"handleapi\", \"heapapi\", \"hidclass\", \"hidpi\", \"hidsdi\", \"hidusage\", \"highlevelmonitorconfigurationapi\", \"hstring\", \"http\", \"ifdef\", \"ifmib\", \"imm\", \"impl-debug\", \"impl-default\", \"in6addr\", \"inaddr\", \"inspectable\", \"interlockedapi\", \"intsafe\", \"ioapiset\", \"ipexport\", \"iphlpapi\", \"ipifcons\", \"ipmib\", \"iprtrmib\", \"iptypes\", \"jobapi\", \"jobapi2\", \"knownfolders\", \"ks\", \"ksmedia\", \"ktmtypes\", \"ktmw32\", \"l2cmn\", \"libloaderapi\", \"limits\", \"lmaccess\", \"lmalert\", \"lmapibuf\", \"lmat\", \"lmcons\", \"lmdfs\", \"lmerrlog\", \"lmjoin\", \"lmmsg\", \"lmremutl\", \"lmrepl\", \"lmserver\", \"lmshare\", \"lmstats\", \"lmsvc\", \"lmuse\", \"lmwksta\", \"lowlevelmonitorconfigurationapi\", \"lsalookup\", \"memoryapi\", \"minschannel\", \"minwinbase\", \"minwindef\", \"mmdeviceapi\", \"mmeapi\", \"mmreg\", \"mmsystem\", \"mprapidef\", \"msaatext\", \"mscat\", \"mschapp\", \"mssip\", \"mstcpip\", \"mswsock\", \"mswsockdef\", \"namedpipeapi\", \"namespaceapi\", \"nb30\", \"ncrypt\", \"netioapi\", \"nldef\", \"ntddndis\", \"ntddscsi\", \"ntddser\", \"ntdef\", \"ntlsa\", \"ntsecapi\", \"ntstatus\", \"oaidl\", \"objbase\", \"objidl\", \"objidlbase\", \"ocidl\", \"ole2\", \"oleauto\", \"olectl\", \"oleidl\", \"opmapi\", \"pdh\", \"perflib\", \"physicalmonitorenumerationapi\", \"playsoundapi\", \"portabledevice\", \"portabledeviceapi\", \"portabledevicetypes\", \"powerbase\", \"powersetting\", \"powrprof\", \"processenv\", \"processsnapshot\", \"processthreadsapi\", \"processtopologyapi\", \"profileapi\", \"propidl\", \"propkey\", \"propkeydef\", \"propsys\", \"prsht\", \"psapi\", \"qos\", \"realtimeapiset\", \"reason\", \"restartmanager\", \"restrictederrorinfo\", \"rmxfguid\", \"roapi\", \"robuffer\", \"roerrorapi\", \"rpc\", \"rpcdce\", \"rpcndr\", \"rtinfo\", \"sapi\", \"sapi51\", \"sapi53\", \"sapiddk\", \"sapiddk51\", \"schannel\", \"sddl\", \"securityappcontainer\", \"securitybaseapi\", \"servprov\", \"setupapi\", \"shellapi\", \"shellscalingapi\", \"shlobj\", \"shobjidl\", \"shobjidl_core\", \"shtypes\", \"softpub\", \"spapidef\", \"spellcheck\", \"sporder\", \"sql\", \"sqlext\", \"sqltypes\", \"sqlucode\", \"sspi\", \"std\", \"stralign\", \"stringapiset\", \"strmif\", \"subauth\", \"synchapi\", \"sysinfoapi\", \"systemtopologyapi\", \"taskschd\", \"tcpestats\", \"tcpmib\", \"textstor\", \"threadpoolapiset\", \"threadpoollegacyapiset\", \"timeapi\", \"timezoneapi\", \"tlhelp32\", \"transportsettingcommon\", \"tvout\", \"udpmib\", \"unknwnbase\", \"urlhist\", \"urlmon\", \"usb\", \"usbioctl\", \"usbiodef\", \"usbscan\", \"usbspec\", \"userenv\", \"usp10\", \"utilapiset\", \"uxtheme\", \"vadefs\", \"vcruntime\", \"vsbackup\", \"vss\", \"vsserror\", \"vswriter\", \"wbemads\", \"wbemcli\", \"wbemdisp\", \"wbemprov\", \"wbemtran\", \"wct\", \"werapi\", \"winbase\", \"wincodec\", \"wincodecsdk\", \"wincon\", \"wincontypes\", \"wincred\", \"wincrypt\", \"windef\", \"windot11\", \"windowsceip\", \"windowsx\", \"winefs\", \"winerror\", \"winevt\", \"wingdi\", \"winhttp\", \"wininet\", \"winineti\", \"winioctl\", \"winnetwk\", \"winnls\", \"winnt\", \"winreg\", \"winsafer\", \"winscard\", \"winsmcrd\", \"winsock2\", \"winspool\", \"winstring\", \"winsvc\", \"wintrust\", \"winusb\", \"winusbio\", \"winuser\", \"winver\", \"wlanapi\", \"wlanihv\", \"wlanihvtypes\", \"wlantypes\", \"wlclient\", \"wmistr\", \"wnnc\", \"wow64apiset\", \"wpdmtpextensions\", \"ws2bth\", \"ws2def\", \"ws2ipdef\", \"ws2spi\", \"ws2tcpip\", \"wtsapi32\", \"wtypes\", \"wtypesbase\", \"xinput\"))" -C metadata=ce6f729a2ca629e7 -C extra-filename=-2b6e128b1b47ec80 --out-dir D:\a\explorer-rs\explorer-rs\target\debug\build\winapi-2b6e128b1b47ec80 -L dependency=D:\a\explorer-rs\explorer-rs\target\debug\deps --cap-lints allow`
    Checking pico-args v0.5.0
     Running `C:\Users\runneradmin\.rustup\toolchains\stable-x86_64-pc-windows-msvc\bin\rustc.exe --crate-name pico_args --edition=2018 C:\Users\runneradmin\.cargo\registry\src\index.crates.io-1949cf8c6b5b557f\pico-args-0.5.0\src\lib.rs --error-format=json --json=diagnostic-rendered-ansi,artifacts,future-incompat --crate-type lib --emit=dep-info,metadata -C embed-bitcode=no -C debuginfo=2 --cfg "feature=\"default\"" --cfg "feature=\"eq-separator\"" --check-cfg cfg(docsrs,test) --check-cfg "cfg(feature, values(\"combined-flags\", \"default\", \"eq-separator\", \"short-space-opt\"))" -C metadata=4346128a43e3b78c -C extra-filename=-d7102e592e1c76ad --out-dir D:\a\explorer-rs\explorer-rs\target\debug\deps -L dependency=D:\a\explorer-rs\explorer-rs\target\debug\deps --cap-lints allow`
    Checking xmlwriter v0.1.0
     Running `C:\Users\runneradmin\.rustup\toolchains\stable-x86_64-pc-windows-msvc\bin\rustc.exe --crate-name xmlwriter --edition=2018 C:\Users\runneradmin\.cargo\registry\src\index.crates.io-1949cf8c6b5b557f\xmlwriter-0.1.0\src\lib.rs --error-format=json --json=diagnostic-rendered-ansi,artifacts,future-incompat --crate-type lib --emit=dep-info,metadata -C embed-bitcode=no -C debuginfo=2 --check-cfg cfg(docsrs,test) --check-cfg "cfg(feature, values())" -C metadata=d768e28a4847fb28 -C extra-filename=-3d5fbc471cdba5ba --out-dir D:\a\explorer-rs\explorer-rs\target\debug\deps -L dependency=D:\a\explorer-rs\explorer-rs\target\debug\deps --cap-lints allow`
   Compiling zmij v1.0.23
     Running `C:\Users\runneradmin\.rustup\toolchains\stable-x86_64-pc-windows-msvc\bin\rustc.exe --crate-name build_script_build --edition=2021 C:\Users\runneradmin\.cargo\registry\src\index.crates.io-1949cf8c6b5b557f\zmij-1.0.23\build.rs --error-format=json --json=diagnostic-rendered-ansi,artifacts,future-incompat --crate-type bin --emit=dep-info,link -C embed-bitcode=no --check-cfg cfg(docsrs,test) --check-cfg "cfg(feature, values(\"no-panic\"))" -C metadata=a3a5cc72fca7841f -C extra-filename=-9a1e767e9238dcdb --out-dir D:\a\explorer-rs\explorer-rs\target\debug\build\zmij-9a1e767e9238dcdb -L dependency=D:\a\explorer-rs\explorer-rs\target\debug\deps --cap-lints allow`
   Compiling libc v0.2.189
     Running `C:\Users\runneradmin\.rustup\toolchains\stable-x86_64-pc-windows-msvc\bin\rustc.exe --crate-name build_script_build --edition=2021 C:\Users\runneradmin\.cargo\registry\src\index.crates.io-1949cf8c6b5b557f\libc-0.2.189\build.rs --error-format=json --json=diagnostic-rendered-ansi,artifacts,future-incompat --crate-type bin --emit=dep-info,link -C embed-bitcode=no --allow=unused_qualifications --warn=clippy::unnecessary_semicolon --allow=clippy::unnecessary_cast --warn=clippy::ptr_as_ptr --allow=clippy::non_minimal_cfg --allow=clippy::missing_safety_doc --warn=clippy::map_unwrap_or --warn=clippy::manual_assert --allow=clippy::identity_op --warn=clippy::explicit_iter_loop --cfg "feature=\"default\"" --cfg "feature=\"std\"" --check-cfg cfg(docsrs,test) --check-cfg "cfg(feature, values(\"align\", \"const-extern-fn\", \"default\", \"extra_traits\", \"rustc-dep-of-std\", \"rustc-std-workspace-core\", \"std\", \"use_std\"))" -C metadata=a0377d2037850f33 -C extra-filename=-f79f3a367fa62b89 --out-dir D:\a\explorer-rs\explorer-rs\target\debug\build\libc-f79f3a367fa62b89 -L dependency=D:\a\explorer-rs\explorer-rs\target\debug\deps --cap-lints allow`
    Checking base64 v0.21.7
     Running `C:\Users\runneradmin\.rustup\toolchains\stable-x86_64-pc-windows-msvc\bin\rustc.exe --crate-name base64 --edition=2018 C:\Users\runneradmin\.cargo\registry\src\index.crates.io-1949cf8c6b5b557f\base64-0.21.7\src\lib.rs --error-format=json --json=diagnostic-rendered-ansi,artifacts,future-incompat --crate-type lib --emit=dep-info,metadata -C embed-bitcode=no -C debuginfo=2 --cfg "feature=\"alloc\"" --cfg "feature=\"default\"" --cfg "feature=\"std\"" --check-cfg cfg(docsrs,test) --check-cfg "cfg(feature, values(\"alloc\", \"default\", \"std\"))" -C metadata=c80b284d8b48504d -C extra-filename=-d4116531c7404ae7 --out-dir D:\a\explorer-rs\explorer-rs\target\debug\deps -L dependency=D:\a\explorer-rs\explorer-rs\target\debug\deps --cap-lints allow`
    Checking byteorder-lite v0.1.0
     Running `C:\Users\runneradmin\.rustup\toolchains\stable-x86_64-pc-windows-msvc\bin\rustc.exe --crate-name byteorder_lite --edition=2021 C:\Users\runneradmin\.cargo\registry\src\index.crates.io-1949cf8c6b5b557f\byteorder-lite-0.1.0\src\lib.rs --error-format=json --json=diagnostic-rendered-ansi,artifacts,future-incompat --crate-type lib --emit=dep-info,metadata -C embed-bitcode=no -C debuginfo=2 --cfg "feature=\"default\"" --cfg "feature=\"std\"" --check-cfg cfg(docsrs,test) --check-cfg "cfg(feature, values(\"default\", \"std\"))" -C metadata=257ce3d2eb2e7b4c -C extra-filename=-a4eb2cda11513153 --out-dir D:\a\explorer-rs\explorer-rs\target\debug\deps -L dependency=D:\a\explorer-rs\explorer-rs\target\debug\deps --cap-lints allow`
    Checking base64 v0.22.1
     Running `C:\Users\runneradmin\.rustup\toolchains\stable-x86_64-pc-windows-msvc\bin\rustc.exe --crate-name base64 --edition=2018 C:\Users\runneradmin\.cargo\registry\src\index.crates.io-1949cf8c6b5b557f\base64-0.22.1\src\lib.rs --error-format=json --json=diagnostic-rendered-ansi,artifacts,future-incompat --crate-type lib --emit=dep-info,metadata -C embed-bitcode=no -C debuginfo=2 --cfg "feature=\"alloc\"" --cfg "feature=\"default\"" --cfg "feature=\"std\"" --check-cfg cfg(docsrs,test) --check-cfg "cfg(feature, values(\"alloc\", \"default\", \"std\"))" -C metadata=0b39852ed927d9d9 -C extra-filename=-64ff1685f2fb6ad8 --out-dir D:\a\explorer-rs\explorer-rs\target\debug\deps -L dependency=D:\a\explorer-rs\explorer-rs\target\debug\deps --cap-lints allow`
    Checking usvg v0.37.0
     Running `C:\Users\runneradmin\.rustup\toolchains\stable-x86_64-pc-windows-msvc\bin\rustc.exe --crate-name usvg --edition=2018 C:\Users\runneradmin\.cargo\registry\src\index.crates.io-1949cf8c6b5b557f\usvg-0.37.0\src\lib.rs --error-format=json --json=diagnostic-rendered-ansi,artifacts,future-incompat --crate-type lib --emit=dep-info,metadata -C embed-bitcode=no -C debuginfo=2 --check-cfg cfg(docsrs,test) --check-cfg "cfg(feature, values(\"default\", \"memmap-fonts\", \"system-fonts\", \"text\", \"usvg-text-layout\"))" -C metadata=1d20fc97ae132793 -C extra-filename=-339f87dea19c400d --out-dir D:\a\explorer-rs\explorer-rs\target\debug\deps -L dependency=D:\a\explorer-rs\explorer-rs\target\debug\deps --extern base64=D:\a\explorer-rs\explorer-rs\target\debug\deps\libbase64-d4116531c7404ae7.rmeta --extern log=D:\a\explorer-rs\explorer-rs\target\debug\deps\liblog-a55e43c5b83e885f.rmeta --extern pico_args=D:\a\explorer-rs\explorer-rs\target\debug\deps\libpico_args-d7102e592e1c76ad.rmeta --extern usvg_parser=D:\a\explorer-rs\explorer-rs\target\debug\deps\libusvg_parser-cd4a79a8d628bfa3.rmeta --extern usvg_tree=D:\a\explorer-rs\explorer-rs\target\debug\deps\libusvg_tree-0da36509f54e525b.rmeta --extern xmlwriter=D:\a\explorer-rs\explorer-rs\target\debug\deps\libxmlwriter-3d5fbc471cdba5ba.rmeta --cap-lints allow`
     Running `D:\a\explorer-rs\explorer-rs\target\debug\build\libc-f79f3a367fa62b89\build-script-build`
     Running `D:\a\explorer-rs\explorer-rs\target\debug\build\winapi-2b6e128b1b47ec80\build-script-build`
     Running `D:\a\explorer-rs\explorer-rs\target\debug\build\zmij-9a1e767e9238dcdb\build-script-build`
    Checking image v0.25.10
     Running `C:\Users\runneradmin\.rustup\toolchains\stable-x86_64-pc-windows-msvc\bin\rustc.exe --crate-name image --edition=2021 C:\Users\runneradmin\.cargo\registry\src\index.crates.io-1949cf8c6b5b557f\image-0.25.10\src\lib.rs --error-format=json --json=diagnostic-rendered-ansi,artifacts,future-incompat --crate-type lib --emit=dep-info,metadata -C embed-bitcode=no -C debuginfo=2 --cfg "feature=\"gif\"" --cfg "feature=\"png\"" --check-cfg cfg(docsrs,test) --check-cfg "cfg(feature, values(\"avif\", \"avif-native\", \"benchmarks\", \"bmp\", \"color_quant\", \"dds\", \"default\", \"default-formats\", \"exr\", \"ff\", \"gif\", \"hdr\", \"ico\", \"jpeg\", \"nasm\", \"png\", \"pnm\", \"qoi\", \"rayon\", \"serde\", \"tga\", \"tiff\", \"webp\"))" -C metadata=1cb6a7382957fed8 -C extra-filename=-45767bfb5b91e039 --out-dir D:\a\explorer-rs\explorer-rs\target\debug\deps -L dependency=D:\a\explorer-rs\explorer-rs\target\debug\deps --extern bytemuck=D:\a\explorer-rs\explorer-rs\target\debug\deps\libbytemuck-fec5a5cab6e47577.rmeta --extern byteorder_lite=D:\a\explorer-rs\explorer-rs\target\debug\deps\libbyteorder_lite-a4eb2cda11513153.rmeta --extern color_quant=D:\a\explorer-rs\explorer-rs\target\debug\deps\libcolor_quant-1f11c6cfa9fed51c.rmeta --extern gif=D:\a\explorer-rs\explorer-rs\target\debug\deps\libgif-e750d3d6cb66982e.rmeta --extern moxcms=D:\a\explorer-rs\explorer-rs\target\debug\deps\libmoxcms-d2396f891da4d1d9.rmeta --extern num_traits=D:\a\explorer-rs\explorer-rs\target\debug\deps\libnum_traits-f009559984e75c5f.rmeta --extern png=D:\a\explorer-rs\explorer-rs\target\debug\deps\libpng-fa2ca6a68a9ee21b.rmeta --cap-lints allow`
    Checking windows-core v0.56.0
     Running `C:\Users\runneradmin\.rustup\toolchains\stable-x86_64-pc-windows-msvc\bin\rustc.exe --crate-name windows_core --edition=2021 C:\Users\runneradmin\.cargo\registry\src\index.crates.io-1949cf8c6b5b557f\windows-core-0.56.0\src\lib.rs --error-format=json --json=diagnostic-rendered-ansi,artifacts,future-incompat --crate-type lib --emit=dep-info,metadata -C embed-bitcode=no -C debuginfo=2 --warn=unused_qualifications --warn=rust_2018_idioms --warn=missing_docs --check-cfg cfg(docsrs,test) --check-cfg "cfg(feature, values())" -C metadata=90dbd77865c71d0f -C extra-filename=-95e98f681c496559 --out-dir D:\a\explorer-rs\explorer-rs\target\debug\deps -L dependency=D:\a\explorer-rs\explorer-rs\target\debug\deps --extern windows_implement=D:\a\explorer-rs\explorer-rs\target\debug\deps\windows_implement-292989e72f3ba717.dll --extern windows_interface=D:\a\explorer-rs\explorer-rs\target\debug\deps\windows_interface-75e0eff4d5737d7e.dll --extern windows_result=D:\a\explorer-rs\explorer-rs\target\debug\deps\libwindows_result-5dc708edcfdbf6c4.rmeta --extern windows_targets=D:\a\explorer-rs\explorer-rs\target\debug\deps\libwindows_targets-dcbeea8d189d8782.rmeta --cap-lints allow -L native=C:\Users\runneradmin\.cargo\registry\src\index.crates.io-1949cf8c6b5b557f\windows_x86_64_msvc-0.52.6\lib`
    Checking ureq v2.12.1
     Running `C:\Users\runneradmin\.rustup\toolchains\stable-x86_64-pc-windows-msvc\bin\rustc.exe --crate-name ureq --edition=2018 C:\Users\runneradmin\.cargo\registry\src\index.crates.io-1949cf8c6b5b557f\ureq-2.12.1\src\lib.rs --error-format=json --json=diagnostic-rendered-ansi,artifacts,future-incompat --crate-type lib --emit=dep-info,metadata -C embed-bitcode=no -C debuginfo=2 --cfg "feature=\"default\"" --cfg "feature=\"gzip\"" --cfg "feature=\"tls\"" --check-cfg cfg(docsrs,test) --check-cfg "cfg(feature, values(\"brotli\", \"charset\", \"cookies\", \"default\", \"gzip\", \"http-crate\", \"http-interop\", \"json\", \"native-certs\", \"native-tls\", \"proxy-from-env\", \"socks-proxy\", \"testdeps\", \"tls\"))" -C metadata=8b7a55a5a07dd71b -C extra-filename=-d4389ee1cfb6a5ef --out-dir D:\a\explorer-rs\explorer-rs\target\debug\deps -L dependency=D:\a\explorer-rs\explorer-rs\target\debug\deps --extern base64=D:\a\explorer-rs\explorer-rs\target\debug\deps\libbase64-64ff1685f2fb6ad8.rmeta --extern flate2=D:\a\explorer-rs\explorer-rs\target\debug\deps\libflate2-a5921843e2a75d09.rmeta --extern log=D:\a\explorer-rs\explorer-rs\target\debug\deps\liblog-a55e43c5b83e885f.rmeta --extern once_cell=D:\a\explorer-rs\explorer-rs\target\debug\deps\libonce_cell-54f11a5580fe8efc.rmeta --extern rustls=D:\a\explorer-rs\explorer-rs\target\debug\deps\librustls-0b6b5edf802de570.rmeta --extern rustls_pki_types=D:\a\explorer-rs\explorer-rs\target\debug\deps\librustls_pki_types-bae735fc511223c5.rmeta --extern url=D:\a\explorer-rs\explorer-rs\target\debug\deps\liburl-26190e4b09599c6b.rmeta --extern webpki_roots=D:\a\explorer-rs\explorer-rs\target\debug\deps\libwebpki_roots-9a7b4c8d363c5fca.rmeta --cap-lints allow -L native=D:\a\explorer-rs\explorer-rs\target\debug\build\ring-d59ab82cdceb3675\out`
     Running `C:\Users\runneradmin\.rustup\toolchains\stable-x86_64-pc-windows-msvc\bin\rustc.exe --crate-name glutin --edition=2021 C:\Users\runneradmin\.cargo\registry\src\index.crates.io-1949cf8c6b5b557f\glutin-0.31.3\src\lib.rs --error-format=json --json=diagnostic-rendered-ansi,artifacts,future-incompat --crate-type lib --emit=dep-info,metadata -C embed-bitcode=no -C debuginfo=2 --cfg "feature=\"default\"" --cfg "feature=\"egl\"" --cfg "feature=\"glutin_egl_sys\"" --cfg "feature=\"glutin_glx_sys\"" --cfg "feature=\"glutin_wgl_sys\"" --cfg "feature=\"glx\"" --cfg "feature=\"libloading\"" --cfg "feature=\"wayland\"" --cfg "feature=\"wayland-sys\"" --cfg "feature=\"wgl\"" --cfg "feature=\"windows-sys\"" --cfg "feature=\"x11\"" --cfg "feature=\"x11-dl\"" --check-cfg cfg(docsrs,test) --check-cfg "cfg(feature, values(\"default\", \"egl\", \"glutin_egl_sys\", \"glutin_glx_sys\", \"glutin_wgl_sys\", \"glx\", \"libloading\", \"wayland\", \"wayland-sys\", \"wgl\", \"windows-sys\", \"x11\", \"x11-dl\"))" -C metadata=4ae41fdaa83dc29a -C extra-filename=-dd3503cf75ecc76b --out-dir D:\a\explorer-rs\explorer-rs\target\debug\deps -L dependency=D:\a\explorer-rs\explorer-rs\target\debug\deps --extern bitflags=D:\a\explorer-rs\explorer-rs\target\debug\deps\libbitflags-81e80dace4817a82.rmeta --extern glutin_egl_sys=D:\a\explorer-rs\explorer-rs\target\debug\deps\libglutin_egl_sys-b8330692ee67612b.rmeta --extern glutin_wgl_sys=D:\a\explorer-rs\explorer-rs\target\debug\deps\libglutin_wgl_sys-8292f5dde3db6868.rmeta --extern libloading=D:\a\explorer-rs\explorer-rs\target\debug\deps\liblibloading-fad887fd2b8b6581.rmeta --extern once_cell=D:\a\explorer-rs\explorer-rs\target\debug\deps\libonce_cell-54f11a5580fe8efc.rmeta --extern raw_window_handle=D:\a\explorer-rs\explorer-rs\target\debug\deps\libraw_window_handle-475563cc2b973d67.rmeta --extern windows_sys=D:\a\explorer-rs\explorer-rs\target\debug\deps\libwindows_sys-5853d4cc87665ec9.rmeta --cap-lints allow -L native=C:\Users\runneradmin\.cargo\registry\src\index.crates.io-1949cf8c6b5b557f\windows_x86_64_msvc-0.48.5\lib --cfg egl_backend --cfg wgl_backend`
     Running `D:\a\explorer-rs\explorer-rs\target\debug\build\glutin-winit-feea3892d13abf85\build-script-build`
    Checking arboard v3.6.1
     Running `C:\Users\runneradmin\.rustup\toolchains\stable-x86_64-pc-windows-msvc\bin\rustc.exe --crate-name arboard --edition=2021 C:\Users\runneradmin\.cargo\registry\src\index.crates.io-1949cf8c6b5b557f\arboard-3.6.1\src\lib.rs --error-format=json --json=diagnostic-rendered-ansi,artifacts,future-incompat --crate-type lib --emit=dep-info,metadata -C embed-bitcode=no -C debuginfo=2 --check-cfg cfg(docsrs,test) --check-cfg "cfg(feature, values(\"core-graphics\", \"default\", \"image\", \"image-data\", \"wayland-data-control\", \"windows-sys\", \"wl-clipboard-rs\"))" -C metadata=4689321c79f5fc82 -C extra-filename=-fda58102d5ca1d63 --out-dir D:\a\explorer-rs\explorer-rs\target\debug\deps -L dependency=D:\a\explorer-rs\explorer-rs\target\debug\deps --extern clipboard_win=D:\a\explorer-rs\explorer-rs\target\debug\deps\libclipboard_win-01ed2e848ac30175.rmeta --extern log=D:\a\explorer-rs\explorer-rs\target\debug\deps\liblog-a55e43c5b83e885f.rmeta --extern windows_sys=D:\a\explorer-rs\explorer-rs\target\debug\deps\libwindows_sys-6a7267c82f6f5ca0.rmeta --cap-lints allow -L native=C:\Users\runneradmin\.cargo\registry\src\index.crates.io-1949cf8c6b5b557f\windows_x86_64_msvc-0.53.1\lib`
    Checking windows-strings v0.1.0
     Running `C:\Users\runneradmin\.rustup\toolchains\stable-x86_64-pc-windows-msvc\bin\rustc.exe --crate-name windows_strings --edition=2021 C:\Users\runneradmin\.cargo\registry\src\index.crates.io-1949cf8c6b5b557f\windows-strings-0.1.0\src\lib.rs --error-format=json --json=diagnostic-rendered-ansi,artifacts,future-incompat --crate-type lib --emit=dep-info,metadata -C embed-bitcode=no -C debuginfo=2 --warn=rust_2018_idioms --warn=unexpected_cfgs --warn=missing_docs --check-cfg "cfg(windows_raw_dylib, windows_debugger_visualizer, windows_slim_errors)" --cfg "feature=\"default\"" --cfg "feature=\"std\"" --check-cfg cfg(docsrs,test) --check-cfg "cfg(feature, values(\"default\", \"std\"))" -C metadata=1806cc45498432d7 -C extra-filename=-3aac2fd251c9f542 --out-dir D:\a\explorer-rs\explorer-rs\target\debug\deps -L dependency=D:\a\explorer-rs\explorer-rs\target\debug\deps --extern windows_result=D:\a\explorer-rs\explorer-rs\target\debug\deps\libwindows_result-e95f18c8b089911d.rmeta --extern windows_targets=D:\a\explorer-rs\explorer-rs\target\debug\deps\libwindows_targets-dcbeea8d189d8782.rmeta --cap-lints allow -L native=C:\Users\runneradmin\.cargo\registry\src\index.crates.io-1949cf8c6b5b557f\windows_x86_64_msvc-0.52.6\lib`
   Compiling winresource v0.1.31
     Running `C:\Users\runneradmin\.rustup\toolchains\stable-x86_64-pc-windows-msvc\bin\rustc.exe --crate-name winresource --edition=2021 C:\Users\runneradmin\.cargo\registry\src\index.crates.io-1949cf8c6b5b557f\winresource-0.1.31\lib.rs --error-format=json --json=diagnostic-rendered-ansi,artifacts,future-incompat --crate-type lib --emit=dep-info,metadata,link -C embed-bitcode=no --cfg "feature=\"default\"" --cfg "feature=\"toml\"" --check-cfg cfg(docsrs,test) --check-cfg "cfg(feature, values(\"default\", \"toml\"))" -C metadata=d15e58c6bcbb135a -C extra-filename=-7218b51807ab1571 --out-dir D:\a\explorer-rs\explorer-rs\target\debug\deps -L dependency=D:\a\explorer-rs\explorer-rs\target\debug\deps --extern toml=D:\a\explorer-rs\explorer-rs\target\debug\deps\libtoml-589984a31222af10.rmeta --extern version_check=D:\a\explorer-rs\explorer-rs\target\debug\deps\libversion_check-09576d59a5be6705.rmeta --cap-lints allow`
     Running `D:\a\explorer-rs\explorer-rs\target\debug\build\mime_guess2-6b3e97f95c0e63f8\build-script-build`
     Running `C:\Users\runneradmin\.rustup\toolchains\stable-x86_64-pc-windows-msvc\bin\rustc.exe --crate-name memoffset --edition=2015 C:\Users\runneradmin\.cargo\registry\src\index.crates.io-1949cf8c6b5b557f\memoffset-0.9.1\src\lib.rs --error-format=json --json=diagnostic-rendered-ansi,artifacts,future-incompat --crate-type lib --emit=dep-info,metadata -C embed-bitcode=no -C debuginfo=2 --cfg "feature=\"default\"" --check-cfg cfg(docsrs,test) --check-cfg "cfg(feature, values(\"default\", \"unstable_const\", \"unstable_offset_of\"))" -C metadata=267b9d35fdb264cf -C extra-filename=-3ae363b32fd5044c --out-dir D:\a\explorer-rs\explorer-rs\target\debug\deps -L dependency=D:\a\explorer-rs\explorer-rs\target\debug\deps --cap-lints allow --cfg tuple_ty --cfg allow_clippy --cfg maybe_uninit --cfg doctests --cfg raw_ref_macros --cfg stable_const --cfg stable_offset_of`
     Running `C:\Users\runneradmin\.rustup\toolchains\stable-x86_64-pc-windows-msvc\bin\rustc.exe --crate-name crossbeam_utils --edition=2021 C:\Users\runneradmin\.cargo\registry\src\index.crates.io-1949cf8c6b5b557f\crossbeam-utils-0.8.22\src\lib.rs --error-format=json --json=diagnostic-rendered-ansi,artifacts,future-incompat --crate-type lib --emit=dep-info,metadata -C embed-bitcode=no -C debuginfo=2 --warn=unexpected_cfgs --allow=clippy::lint_groups_priority --allow=clippy::declare_interior_mutable_const --check-cfg cfg(crossbeam_loom) --check-cfg cfg(crossbeam_sanitize) --cfg "feature=\"std\"" --check-cfg cfg(docsrs,test) --check-cfg "cfg(feature, values(\"default\", \"loom\", \"nightly\", \"std\"))" -C metadata=d6db993e9562822a -C extra-filename=-446ba0f1a658ac44 --out-dir D:\a\explorer-rs\explorer-rs\target\debug\deps -L dependency=D:\a\explorer-rs\explorer-rs\target\debug\deps --cap-lints allow --check-cfg cfg(crossbeam_no_atomic,crossbeam_sanitize_thread)`
    Checking same-file v1.0.6
     Running `C:\Users\runneradmin\.rustup\toolchains\stable-x86_64-pc-windows-msvc\bin\rustc.exe --crate-name same_file --edition=2018 C:\Users\runneradmin\.cargo\registry\src\index.crates.io-1949cf8c6b5b557f\same-file-1.0.6\src\lib.rs --error-format=json --json=diagnostic-rendered-ansi,artifacts,future-incompat --crate-type lib --emit=dep-info,metadata -C embed-bitcode=no -C debuginfo=2 --check-cfg cfg(docsrs,test) --check-cfg "cfg(feature, values())" -C metadata=dba0cad78acb2c0f -C extra-filename=-ae23aeea1e0f7736 --out-dir D:\a\explorer-rs\explorer-rs\target\debug\deps -L dependency=D:\a\explorer-rs\explorer-rs\target\debug\deps --extern winapi_util=D:\a\explorer-rs\explorer-rs\target\debug\deps\libwinapi_util-a3b3ddc1530a042c.rmeta --cap-lints allow`
    Checking tiny-skia v0.11.4
     Running `C:\Users\runneradmin\.rustup\toolchains\stable-x86_64-pc-windows-msvc\bin\rustc.exe --crate-name tiny_skia --edition=2018 C:\Users\runneradmin\.cargo\registry\src\index.crates.io-1949cf8c6b5b557f\tiny-skia-0.11.4\src\lib.rs --error-format=json --json=diagnostic-rendered-ansi,artifacts,future-incompat --crate-type lib --emit=dep-info,metadata -C embed-bitcode=no -C debuginfo=2 --cfg "feature=\"default\"" --cfg "feature=\"png\"" --cfg "feature=\"png-format\"" --cfg "feature=\"simd\"" --cfg "feature=\"std\"" --check-cfg cfg(docsrs,test) --check-cfg "cfg(feature, values(\"default\", \"no-std-float\", \"png\", \"png-format\", \"simd\", \"std\"))" -C metadata=fad762de7a27faec -C extra-filename=-389c00f8f1acb840 --out-dir D:\a\explorer-rs\explorer-rs\target\debug\deps -L dependency=D:\a\explorer-rs\explorer-rs\target\debug\deps --extern arrayref=D:\a\explorer-rs\explorer-rs\target\debug\deps\libarrayref-d18db93a3ed96740.rmeta --extern arrayvec=D:\a\explorer-rs\explorer-rs\target\debug\deps\libarrayvec-44e62195efcd9040.rmeta --extern bytemuck=D:\a\explorer-rs\explorer-rs\target\debug\deps\libbytemuck-fec5a5cab6e47577.rmeta --extern cfg_if=D:\a\explorer-rs\explorer-rs\target\debug\deps\libcfg_if-b7349115d2a20ae0.rmeta --extern log=D:\a\explorer-rs\explorer-rs\target\debug\deps\liblog-a55e43c5b83e885f.rmeta --extern png=D:\a\explorer-rs\explorer-rs\target\debug\deps\libpng-874cd5995025ad12.rmeta --extern tiny_skia_path=D:\a\explorer-rs\explorer-rs\target\debug\deps\libtiny_skia_path-bfea087f5cf93f25.rmeta --cap-lints allow`
    Checking webbrowser v1.2.4
     Running `C:\Users\runneradmin\.rustup\toolchains\stable-x86_64-pc-windows-msvc\bin\rustc.exe --crate-name webbrowser --edition=2021 C:\Users\runneradmin\.cargo\registry\src\index.crates.io-1949cf8c6b5b557f\webbrowser-1.2.4\src\lib.rs --error-format=json --json=diagnostic-rendered-ansi,artifacts,future-incompat --crate-type lib --emit=dep-info,metadata -C embed-bitcode=no -C debuginfo=2 --check-cfg cfg(docsrs,test) --check-cfg "cfg(feature, values(\"disable-wsl\", \"hardened\", \"wasm-console\"))" -C metadata=1fb9035ce251e4c5 -C extra-filename=-a81c3731ecb09bc6 --out-dir D:\a\explorer-rs\explorer-rs\target\debug\deps -L dependency=D:\a\explorer-rs\explorer-rs\target\debug\deps --extern log=D:\a\explorer-rs\explorer-rs\target\debug\deps\liblog-a55e43c5b83e885f.rmeta --extern url=D:\a\explorer-rs\explorer-rs\target\debug\deps\liburl-26190e4b09599c6b.rmeta --cap-lints allow`
   Compiling enum-map-derive v0.17.0
     Running `C:\Users\runneradmin\.rustup\toolchains\stable-x86_64-pc-windows-msvc\bin\rustc.exe --crate-name enum_map_derive --edition=2021 C:\Users\runneradmin\.cargo\registry\src\index.crates.io-1949cf8c6b5b557f\enum-map-derive-0.17.0\src\lib.rs --error-format=json --json=diagnostic-rendered-ansi,artifacts,future-incompat --crate-type proc-macro --emit=dep-info,link -C prefer-dynamic -C embed-bitcode=no --check-cfg cfg(docsrs,test) --check-cfg "cfg(feature, values())" -C metadata=7b2f9c4f30dbc9f0 -C extra-filename=-1f38c0371a18ef2a --out-dir D:\a\explorer-rs\explorer-rs\target\debug\deps -L dependency=D:\a\explorer-rs\explorer-rs\target\debug\deps --extern proc_macro2=D:\a\explorer-rs\explorer-rs\target\debug\deps\libproc_macro2-22100c612bae5151.rlib --extern quote=D:\a\explorer-rs\explorer-rs\target\debug\deps\libquote-94bf10c687cf4128.rlib --extern syn=D:\a\explorer-rs\explorer-rs\target\debug\deps\libsyn-7eed1106492f4f2c.rlib --extern proc_macro --cap-lints allow`
   Compiling windows-implement v0.58.0
     Running `C:\Users\runneradmin\.rustup\toolchains\stable-x86_64-pc-windows-msvc\bin\rustc.exe --crate-name windows_implement --edition=2021 C:\Users\runneradmin\.cargo\registry\src\index.crates.io-1949cf8c6b5b557f\windows-implement-0.58.0\src\lib.rs --error-format=json --json=diagnostic-rendered-ansi,artifacts,future-incompat --crate-type proc-macro --emit=dep-info,link -C prefer-dynamic -C embed-bitcode=no --warn=rust_2018_idioms --warn=unexpected_cfgs --warn=missing_docs --check-cfg "cfg(windows_raw_dylib, windows_debugger_visualizer, windows_slim_errors)" --check-cfg cfg(docsrs,test) --check-cfg "cfg(feature, values())" -C metadata=6cfc4cdd8543f1bf -C extra-filename=-33c19f658e6c4d16 --out-dir D:\a\explorer-rs\explorer-rs\target\debug\deps -L dependency=D:\a\explorer-rs\explorer-rs\target\debug\deps --extern proc_macro2=D:\a\explorer-rs\explorer-rs\target\debug\deps\libproc_macro2-22100c612bae5151.rlib --extern quote=D:\a\explorer-rs\explorer-rs\target\debug\deps\libquote-94bf10c687cf4128.rlib --extern syn=D:\a\explorer-rs\explorer-rs\target\debug\deps\libsyn-7eed1106492f4f2c.rlib --extern proc_macro --cap-lints allow`
   Compiling windows-interface v0.58.0
     Running `C:\Users\runneradmin\.rustup\toolchains\stable-x86_64-pc-windows-msvc\bin\rustc.exe --crate-name windows_interface --edition=2021 C:\Users\runneradmin\.cargo\registry\src\index.crates.io-1949cf8c6b5b557f\windows-interface-0.58.0\src\lib.rs --error-format=json --json=diagnostic-rendered-ansi,artifacts,future-incompat --crate-type proc-macro --emit=dep-info,link -C prefer-dynamic -C embed-bitcode=no --warn=rust_2018_idioms --warn=unexpected_cfgs --warn=missing_docs --check-cfg "cfg(windows_raw_dylib, windows_debugger_visualizer, windows_slim_errors)" --check-cfg cfg(docsrs,test) --check-cfg "cfg(feature, values())" -C metadata=a95b1fd39e0b95d6 -C extra-filename=-08ee84330471283c --out-dir D:\a\explorer-rs\explorer-rs\target\debug\deps -L dependency=D:\a\explorer-rs\explorer-rs\target\debug\deps --extern proc_macro2=D:\a\explorer-rs\explorer-rs\target\debug\deps\libproc_macro2-22100c612bae5151.rlib --extern quote=D:\a\explorer-rs\explorer-rs\target\debug\deps\libquote-94bf10c687cf4128.rlib --extern syn=D:\a\explorer-rs\explorer-rs\target\debug\deps\libsyn-7eed1106492f4f2c.rlib --extern proc_macro --cap-lints allow`
    Checking rgb v0.8.53
     Running `C:\Users\runneradmin\.rustup\toolchains\stable-x86_64-pc-windows-msvc\bin\rustc.exe --crate-name rgb --edition=2021 C:\Users\runneradmin\.cargo\registry\src\index.crates.io-1949cf8c6b5b557f\rgb-0.8.53\src\lib.rs --error-format=json --json=diagnostic-rendered-ansi,artifacts,future-incompat --crate-type lib --emit=dep-info,metadata -C embed-bitcode=no -C debuginfo=2 --cfg "feature=\"argb\"" --cfg "feature=\"as-bytes\"" --cfg "feature=\"bytemuck\"" --cfg "feature=\"default\"" --cfg "feature=\"grb\"" --check-cfg cfg(docsrs,test) --check-cfg "cfg(feature, values(\"argb\", \"as-bytes\", \"bytemuck\", \"checked_fns\", \"default\", \"defmt-03\", \"grb\", \"serde\", \"unstable-experimental\"))" -C metadata=b622453a28e1c4d9 -C extra-filename=-6e40ccf402f31ed4 --out-dir D:\a\explorer-rs\explorer-rs\target\debug\deps -L dependency=D:\a\explorer-rs\explorer-rs\target\debug\deps --extern bytemuck=D:\a\explorer-rs\explorer-rs\target\debug\deps\libbytemuck-fec5a5cab6e47577.rmeta --cap-lints allow`
    Checking web-time v0.2.4
     Running `C:\Users\runneradmin\.rustup\toolchains\stable-x86_64-pc-windows-msvc\bin\rustc.exe --crate-name web_time --edition=2021 C:\Users\runneradmin\.cargo\registry\src\index.crates.io-1949cf8c6b5b557f\web-time-0.2.4\src\lib.rs --error-format=json --json=diagnostic-rendered-ansi,artifacts,future-incompat --crate-type lib --emit=dep-info,metadata -C embed-bitcode=no -C debuginfo=2 --warn=unused --warn=rust_2021_compatibility --warn=rust_2018_idioms --warn=rust_2018_compatibility --warn=clippy::pedantic --warn=clippy::nursery --warn=future_incompatible --warn=clippy::cargo --warn=rustdoc::all --warn=clippy::verbose_file_reads --warn=clippy::use_debug --warn=clippy::unwrap_used --warn=unused_qualifications --warn=unused_lifetimes --warn=unused_import_braces --warn=clippy::unseparated_literal_suffix --warn=unsafe_op_in_unsafe_fn --deny=unsafe_code --warn=unreachable_pub --warn=clippy::unneeded_field_pattern --warn=clippy::unnecessary_self_imports --warn=clippy::unnecessary_safety_doc --warn=clippy::unimplemented --warn=clippy::undocumented_unsafe_blocks --warn=clippy::try_err --warn=trivial_numeric_casts --warn=trivial_casts --warn=clippy::todo --allow=clippy::tabs_in_doc_comments --warn=clippy::suspicious_xor_used_as_pow --warn=clippy::string_to_string --warn=clippy::string_slice --warn=clippy::string_lit_chars_any --warn=clippy::string_add --warn=clippy::str_to_string --warn=single_use_lifetimes --warn=clippy::single_char_lifetime_names --warn=clippy::semicolon_outside_block --warn=clippy::self_named_module_files --warn=clippy::same_name_method --warn=clippy::rest_pat_in_fully_bound_structs --warn=clippy::ref_patterns --warn=clippy::redundant_type_annotations --allow=clippy::redundant_pub_crate --warn=clippy::rc_mutex --warn=clippy::rc_buffer --warn=clippy::pub_without_shorthand --warn=clippy::print_stdout --warn=clippy::print_stderr --warn=clippy::partial_pub_fields --allow=clippy::option_if_let_else --warn=clippy::non_ascii_literal --warn=non_ascii_idents --warn=clippy::mutex_atomic --allow=clippy::module_name_repetitions --allow=clippy::module_inception --warn=clippy::mixed_read_write_in_expression --warn=clippy::missing_docs_in_private_items --warn=missing_docs --warn=missing_debug_implementations --warn=missing_copy_implementations --warn=clippy::missing_asserts_for_indexing --warn=clippy::missing_assert_message --warn=missing_abi --warn=clippy::min_ident_chars --warn=meta_variable_misuse --warn=macro_use_extern_crate --warn=clippy::lossy_float_literal --warn=clippy::large_include_file --warn=clippy::indexing_slicing --warn=clippy::impl_trait_in_params --warn=clippy::if_then_some_else_none --warn=clippy::get_unwrap --allow=clippy::future_not_send --warn=clippy::format_push_string --warn=clippy::fn_to_numeric_cast_any --warn=clippy::float_cmp_const --warn=clippy::filetype_is_file --warn=ffi_unwind_calls --allow=clippy::explicit_deref_methods --warn=clippy::exit --warn=clippy::error_impl_error --allow=clippy::equatable_if_let --warn=clippy::empty_structs_with_brackets --warn=clippy::empty_drop --warn=deprecated_in_future --warn=clippy::default_union_representation --warn=clippy::decimal_literal_representation --warn=clippy::dbg_macro --warn=clippy::create_dir --warn=clippy::clone_on_ref_ptr --warn=clippy::assertions_on_result_states --warn=clippy::as_conversions --warn=clippy::allow_attributes_without_reason --warn=clippy::allow_attributes --warn=clippy::absolute_paths --check-cfg cfg(docsrs,test) --check-cfg "cfg(feature, values())" -C metadata=73ab94dffec678bb -C extra-filename=-21c1ddae2bb7502d --out-dir D:\a\explorer-rs\explorer-rs\target\debug\deps -L dependency=D:\a\explorer-rs\explorer-rs\target\debug\deps --cap-lints allow`
    Checking glow v0.13.1
     Running `C:\Users\runneradmin\.rustup\toolchains\stable-x86_64-pc-windows-msvc\bin\rustc.exe --crate-name glow --edition=2021 C:\Users\runneradmin\.cargo\registry\src\index.crates.io-1949cf8c6b5b557f\glow-0.13.1\src\lib.rs --error-format=json --json=diagnostic-rendered-ansi,artifacts,future-incompat --crate-type lib --emit=dep-info,metadata -C embed-bitcode=no -C debuginfo=2 --check-cfg cfg(docsrs,test) --check-cfg "cfg(feature, values(\"debug_automatic_glGetError\", \"debug_trace_calls\", \"log\"))" -C metadata=c39821236c9d4181 -C extra-filename=-a34eecbf59f391bc --out-dir D:\a\explorer-rs\explorer-rs\target\debug\deps -L dependency=D:\a\explorer-rs\explorer-rs\target\debug\deps --cap-lints allow`
    Checking option-ext v0.2.0
     Running `C:\Users\runneradmin\.rustup\toolchains\stable-x86_64-pc-windows-msvc\bin\rustc.exe --crate-name option_ext --edition=2015 C:\Users\runneradmin\.cargo\registry\src\index.crates.io-1949cf8c6b5b557f\option-ext-0.2.0\src\lib.rs --error-format=json --json=diagnostic-rendered-ansi,artifacts,future-incompat --crate-type lib --emit=dep-info,metadata -C embed-bitcode=no -C debuginfo=2 --check-cfg cfg(docsrs,test) --check-cfg "cfg(feature, values())" -C metadata=47d71f2f37c678ca -C extra-filename=-889ccae949805c0c --out-dir D:\a\explorer-rs\explorer-rs\target\debug\deps -L dependency=D:\a\explorer-rs\explorer-rs\target\debug\deps --cap-lints allow`
   Compiling anyhow v1.0.104
     Running `C:\Users\runneradmin\.rustup\toolchains\stable-x86_64-pc-windows-msvc\bin\rustc.exe --crate-name build_script_build --edition=2021 C:\Users\runneradmin\.cargo\registry\src\index.crates.io-1949cf8c6b5b557f\anyhow-1.0.104\build.rs --error-format=json --json=diagnostic-rendered-ansi,artifacts,future-incompat --crate-type bin --emit=dep-info,link -C embed-bitcode=no --cfg "feature=\"default\"" --cfg "feature=\"std\"" --check-cfg cfg(docsrs,test) --check-cfg "cfg(feature, values(\"backtrace\", \"default\", \"std\"))" -C metadata=2b4f5db03e41e2d1 -C extra-filename=-7489dd97514f01af --out-dir D:\a\explorer-rs\explorer-rs\target\debug\build\anyhow-7489dd97514f01af -L dependency=D:\a\explorer-rs\explorer-rs\target\debug\deps --cap-lints allow`
     Running `C:\Users\runneradmin\.rustup\toolchains\stable-x86_64-pc-windows-msvc\bin\rustc.exe --crate-name unicase --edition=2018 C:\Users\runneradmin\.cargo\registry\src\index.crates.io-1949cf8c6b5b557f\unicase-2.9.0\src\lib.rs --error-format=json --json=diagnostic-rendered-ansi,artifacts,future-incompat --crate-type lib --emit=dep-info,metadata -C embed-bitcode=no -C debuginfo=2 --check-cfg cfg(docsrs,test) --check-cfg "cfg(feature, values(\"nightly\"))" -C metadata=6213bf69c1566635 -C extra-filename=-ca0ac7a4b8ee1556 --out-dir D:\a\explorer-rs\explorer-rs\target\debug\deps -L dependency=D:\a\explorer-rs\explorer-rs\target\debug\deps --cap-lints allow`
   Compiling serde_json v1.0.151
     Running `C:\Users\runneradmin\.rustup\toolchains\stable-x86_64-pc-windows-msvc\bin\rustc.exe --crate-name build_script_build --edition=2021 C:\Users\runneradmin\.cargo\registry\src\index.crates.io-1949cf8c6b5b557f\serde_json-1.0.151\build.rs --error-format=json --json=diagnostic-rendered-ansi,artifacts,future-incompat --crate-type bin --emit=dep-info,link -C embed-bitcode=no --cfg "feature=\"default\"" --cfg "feature=\"std\"" --check-cfg cfg(docsrs,test) --check-cfg "cfg(feature, values(\"alloc\", \"arbitrary_precision\", \"default\", \"float_roundtrip\", \"indexmap\", \"preserve_order\", \"raw_value\", \"std\", \"unbounded_depth\"))" -C metadata=fc17252466d85dcd -C extra-filename=-a6946029485c9895 --out-dir D:\a\explorer-rs\explorer-rs\target\debug\build\serde_json-a6946029485c9895 -L dependency=D:\a\explorer-rs\explorer-rs\target\debug\deps --cap-lints allow`
   Compiling rfd v0.14.1
     Running `C:\Users\runneradmin\.rustup\toolchains\stable-x86_64-pc-windows-msvc\bin\rustc.exe --crate-name build_script_build --edition=2021 C:\Users\runneradmin\.cargo\registry\src\index.crates.io-1949cf8c6b5b557f\rfd-0.14.1\build.rs --error-format=json --json=diagnostic-rendered-ansi,artifacts,future-incompat --crate-type bin --emit=dep-info,link -C embed-bitcode=no --cfg "feature=\"ashpd\"" --cfg "feature=\"async-std\"" --cfg "feature=\"default\"" --cfg "feature=\"pollster\"" --cfg "feature=\"urlencoding\"" --cfg "feature=\"xdg-portal\"" --check-cfg cfg(docsrs,test) --check-cfg "cfg(feature, values(\"ashpd\", \"async-std\", \"common-controls-v6\", \"default\", \"file-handle-inner\", \"glib-sys\", \"gobject-sys\", \"gtk-sys\", \"gtk3\", \"pollster\", \"tokio\", \"urlencoding\", \"xdg-portal\"))" -C metadata=16124d576545d5e1 -C extra-filename=-98e6292724b36718 --out-dir D:\a\explorer-rs\explorer-rs\target\debug\build\rfd-98e6292724b36718 -L dependency=D:\a\explorer-rs\explorer-rs\target\debug\deps --cap-lints allow`
    Checking mime v0.3.17
     Running `C:\Users\runneradmin\.rustup\toolchains\stable-x86_64-pc-windows-msvc\bin\rustc.exe --crate-name mime --edition=2015 C:\Users\runneradmin\.cargo\registry\src\index.crates.io-1949cf8c6b5b557f\mime-0.3.17\src\lib.rs --error-format=json --json=diagnostic-rendered-ansi,artifacts,future-incompat --crate-type lib --emit=dep-info,metadata -C embed-bitcode=no -C debuginfo=2 --check-cfg cfg(docsrs,test) --check-cfg "cfg(feature, values())" -C metadata=c7833f8b18f8e01c -C extra-filename=-f0f46204767452af --out-dir D:\a\explorer-rs\explorer-rs\target\debug\deps -L dependency=D:\a\explorer-rs\explorer-rs\target\debug\deps --cap-lints allow`
    Checking windows-core v0.58.0
     Running `C:\Users\runneradmin\.rustup\toolchains\stable-x86_64-pc-windows-msvc\bin\rustc.exe --crate-name windows_core --edition=2021 C:\Users\runneradmin\.cargo\registry\src\index.crates.io-1949cf8c6b5b557f\windows-core-0.58.0\src\lib.rs --error-format=json --json=diagnostic-rendered-ansi,artifacts,future-incompat --crate-type lib --emit=dep-info,metadata -C embed-bitcode=no -C debuginfo=2 --warn=rust_2018_idioms --warn=unexpected_cfgs --warn=missing_docs --check-cfg "cfg(windows_raw_dylib, windows_debugger_visualizer, windows_slim_errors)" --cfg "feature=\"default\"" --cfg "feature=\"std\"" --check-cfg cfg(docsrs,test) --check-cfg "cfg(feature, values(\"default\", \"std\"))" -C metadata=4024255e9f7dc354 -C extra-filename=-dc61a6fac6ab3438 --out-dir D:\a\explorer-rs\explorer-rs\target\debug\deps -L dependency=D:\a\explorer-rs\explorer-rs\target\debug\deps --extern windows_implement=D:\a\explorer-rs\explorer-rs\target\debug\deps\windows_implement-33c19f658e6c4d16.dll --extern windows_interface=D:\a\explorer-rs\explorer-rs\target\debug\deps\windows_interface-08ee84330471283c.dll --extern windows_result=D:\a\explorer-rs\explorer-rs\target\debug\deps\libwindows_result-e95f18c8b089911d.rmeta --extern windows_strings=D:\a\explorer-rs\explorer-rs\target\debug\deps\libwindows_strings-3aac2fd251c9f542.rmeta --extern windows_targets=D:\a\explorer-rs\explorer-rs\target\debug\deps\libwindows_targets-dcbeea8d189d8782.rmeta --cap-lints allow -L native=C:\Users\runneradmin\.cargo\registry\src\index.crates.io-1949cf8c6b5b557f\windows_x86_64_msvc-0.52.6\lib`
     Running `C:\Users\runneradmin\.rustup\toolchains\stable-x86_64-pc-windows-msvc\bin\rustc.exe --crate-name mime_guess2 --edition=2024 C:\Users\runneradmin\.cargo\registry\src\index.crates.io-1949cf8c6b5b557f\mime_guess2-2.3.1\src\lib.rs --error-format=json --json=diagnostic-rendered-ansi,artifacts,future-incompat --crate-type lib --emit=dep-info,metadata -C embed-bitcode=no -C debuginfo=2 --check-cfg cfg(docsrs,test) --check-cfg "cfg(feature, values(\"default\", \"phf\", \"phf-map\", \"phf_codegen\", \"rev-map\"))" -C metadata=75d9aa7a3ee4b205 -C extra-filename=-d43f7e59886b3b0b --out-dir D:\a\explorer-rs\explorer-rs\target\debug\deps -L dependency=D:\a\explorer-rs\explorer-rs\target\debug\deps --extern mime=D:\a\explorer-rs\explorer-rs\target\debug\deps\libmime-f0f46204767452af.rmeta --extern unicase=D:\a\explorer-rs\explorer-rs\target\debug\deps\libunicase-ca0ac7a4b8ee1556.rmeta --cap-lints allow`
     Running `D:\a\explorer-rs\explorer-rs\target\debug\build\rfd-98e6292724b36718\build-script-build`
     Running `D:\a\explorer-rs\explorer-rs\target\debug\build\serde_json-a6946029485c9895\build-script-build`
     Running `D:\a\explorer-rs\explorer-rs\target\debug\build\anyhow-7489dd97514f01af\build-script-build`
    Checking dirs-sys v0.4.1
     Running `C:\Users\runneradmin\.rustup\toolchains\stable-x86_64-pc-windows-msvc\bin\rustc.exe --crate-name dirs_sys --edition=2015 C:\Users\runneradmin\.cargo\registry\src\index.crates.io-1949cf8c6b5b557f\dirs-sys-0.4.1\src\lib.rs --error-format=json --json=diagnostic-rendered-ansi,artifacts,future-incompat --crate-type lib --emit=dep-info,metadata -C embed-bitcode=no -C debuginfo=2 --check-cfg cfg(docsrs,test) --check-cfg "cfg(feature, values())" -C metadata=2f3d691dbe7a21fa -C extra-filename=-27b294b888b92f35 --out-dir D:\a\explorer-rs\explorer-rs\target\debug\deps -L dependency=D:\a\explorer-rs\explorer-rs\target\debug\deps --extern option_ext=D:\a\explorer-rs\explorer-rs\target\debug\deps\liboption_ext-889ccae949805c0c.rmeta --extern windows_sys=D:\a\explorer-rs\explorer-rs\target\debug\deps\libwindows_sys-5853d4cc87665ec9.rmeta --cap-lints allow -L native=C:\Users\runneradmin\.cargo\registry\src\index.crates.io-1949cf8c6b5b557f\windows_x86_64_msvc-0.48.5\lib`
    Checking egui-winit v0.28.1
     Running `C:\Users\runneradmin\.rustup\toolchains\stable-x86_64-pc-windows-msvc\bin\rustc.exe --crate-name egui_winit --edition=2021 C:\Users\runneradmin\.cargo\registry\src\index.crates.io-1949cf8c6b5b557f\egui-winit-0.28.1\src\lib.rs --error-format=json --json=diagnostic-rendered-ansi,artifacts,future-incompat --crate-type lib --emit=dep-info,metadata -C embed-bitcode=no -C debuginfo=2 --warn=clippy::zero_sized_map_values --allow=clippy::wildcard_imports --warn=clippy::wildcard_dependencies --warn=clippy::verbose_file_reads --warn=clippy::useless_transmute --warn=clippy::use_self --allow=clippy::unwrap_used --warn=clippy::unused_self --warn=clippy::unused_rounding --allow=unused_qualifications --warn=clippy::unused_peekable --warn=unused_lifetimes --warn=unused_import_braces --warn=unused_extern_crates --warn=unsafe_op_in_unsafe_fn --deny=unsafe_code --warn=clippy::unnested_or_patterns --warn=clippy::unnecessary_wraps --warn=clippy::unnecessary_struct_initialization --warn=clippy::unnecessary_safety_doc --warn=clippy::unnecessary_box_returns --warn=clippy::uninlined_format_args --warn=clippy::uninhabited_references --warn=clippy::unimplemented --warn=clippy::undocumented_unsafe_blocks --warn=clippy::unchecked_duration_subtraction --warn=clippy::tuple_array_conversions --warn=trivial_numeric_casts --allow=trivial_casts --warn=clippy::trait_duplication_in_bounds --warn=clippy::trailing_empty_array --allow=clippy::too_many_lines --warn=clippy::todo --warn=clippy::suspicious_xor_used_as_pow --warn=clippy::suspicious_command_arg_space --warn=clippy::string_to_string --warn=clippy::string_lit_chars_any --warn=clippy::string_lit_as_bytes --warn=clippy::string_add_assign --warn=clippy::string_add --warn=clippy::str_to_string --warn=clippy::single_match_else --allow=clippy::significant_drop_tightening --allow=clippy::should_panic_without_expect --warn=semicolon_in_expressions_from_macros --warn=clippy::semicolon_if_nothing_returned --allow=clippy::self_named_module_files --warn=clippy::same_functions_in_if_condition --warn=rust_2021_prelude_collisions --warn=rust_2018_idioms --warn=clippy::rest_pat_in_fully_bound_structs --warn=clippy::ref_patterns --warn=clippy::ref_option_ref --warn=clippy::redundant_type_annotations --warn=clippy::readonly_write_lock --warn=clippy::rc_mutex --warn=clippy::pub_without_shorthand --warn=clippy::ptr_cast_constness --warn=clippy::ptr_as_ptr --allow=clippy::print_stderr --warn=clippy::path_buf_push_overwrite --warn=clippy::option_option --warn=nonstandard_style --warn=clippy::nonstandard_macro_braces --warn=clippy::negative_feature_names --warn=clippy::needless_pass_by_value --warn=clippy::needless_pass_by_ref_mut --warn=clippy::needless_for_each --warn=clippy::needless_continue --warn=clippy::needless_borrow --warn=clippy::mutex_integer --warn=clippy::mut_mut --warn=clippy::missing_safety_doc --warn=clippy::missing_errors_doc --warn=clippy::missing_enforced_import_renames --warn=rustdoc::missing_crate_level_docs --allow=clippy::missing_assert_message --warn=clippy::mismatching_type_param_order --warn=clippy::mismatched_target_os --warn=clippy::mem_forget --warn=clippy::match_wildcard_for_single_variants --warn=clippy::match_wild_err_arm --warn=clippy::match_same_arms --warn=clippy::match_on_vec_items --warn=clippy::match_bool --warn=clippy::map_unwrap_or --warn=clippy::map_flatten --warn=clippy::map_err_ignore --warn=clippy::manual_string_new --allow=clippy::manual_range_contains --warn=clippy::manual_ok_or --warn=clippy::manual_let_else --warn=clippy::manual_instant_elapsed --warn=clippy::manual_clamp --warn=clippy::manual_assert --warn=clippy::macro_use_imports --warn=clippy::lossy_float_literal --warn=clippy::linkedlist --warn=clippy::let_unit_value --allow=clippy::let_underscore_untyped --warn=clippy::large_types_passed_by_value --warn=clippy::large_stack_frames --warn=clippy::large_stack_arrays --warn=clippy::large_include_file --warn=clippy::large_digit_groups --warn=clippy::iter_without_into_iter --allow=clippy::iter_over_hash_type --warn=clippy::iter_on_single_items --warn=clippy::iter_on_empty_collections --warn=clippy::iter_not_returning_iterator --warn=clippy::invalid_upcast_comparisons --warn=clippy::into_iter_without_iter --warn=clippy::infinite_loop --warn=clippy::inefficient_to_string --warn=clippy::index_refutable_slice --warn=clippy::imprecise_flops --warn=clippy::implied_bounds_in_impls --warn=clippy::implicit_clone --warn=clippy::if_let_mutex --warn=clippy::get_unwrap --warn=future_incompatible --warn=clippy::from_iter_instead_of_collect --warn=clippy::fn_to_numeric_cast_any --warn=clippy::fn_params_excessive_bools --warn=clippy::float_cmp_const --warn=clippy::flat_map_option --warn=clippy::filter_map_next --warn=clippy::fallible_impl_from --warn=clippy::explicit_iter_loop --warn=clippy::explicit_into_iter_loop --warn=clippy::explicit_deref_methods --warn=clippy::expl_impl_clone_on_copy --warn=clippy::exit --warn=clippy::equatable_if_let --warn=clippy::enum_glob_use --warn=clippy::empty_enum --warn=elided_lifetimes_in_paths --warn=clippy::doc_markdown --warn=clippy::doc_link_with_quotes --warn=clippy::disallowed_types --warn=clippy::disallowed_script_idents --warn=clippy::disallowed_names --warn=clippy::disallowed_methods --warn=clippy::disallowed_macros --warn=clippy::derive_partial_eq_without_eq --warn=clippy::debug_assert_with_mut_call --warn=clippy::dbg_macro --warn=clippy::cloned_instead_of_copied --warn=clippy::clear_with_drain --warn=clippy::checked_conversions --warn=clippy::char_lit_as_u8 --warn=clippy::bool_to_int_with_if --warn=clippy::await_holding_lock --warn=clippy::as_ptr_cast_mut --warn=rustdoc::all --cfg "feature=\"arboard\"" --cfg "feature=\"clipboard\"" --cfg "feature=\"links\"" --cfg "feature=\"smithay-clipboard\"" --cfg "feature=\"webbrowser\"" --check-cfg cfg(docsrs,test) --check-cfg "cfg(feature, values(\"accesskit\", \"accesskit_winit\", \"android-game-activity\", \"android-native-activity\", \"arboard\", \"bytemuck\", \"clipboard\", \"default\", \"document-features\", \"links\", \"puffin\", \"serde\", \"smithay-clipboard\", \"wayland\", \"webbrowser\", \"x11\"))" -C metadata=728ed4189f205452 -C extra-filename=-f84be85a23cd8c86 --out-dir D:\a\explorer-rs\explorer-rs\target\debug\deps -L dependency=D:\a\explorer-rs\explorer-rs\target\debug\deps --extern ahash=D:\a\explorer-rs\explorer-rs\target\debug\deps\libahash-9c51ef97478c8716.rmeta --extern arboard=D:\a\explorer-rs\explorer-rs\target\debug\deps\libarboard-fda58102d5ca1d63.rmeta --extern egui=D:\a\explorer-rs\explorer-rs\target\debug\deps\libegui-905616450005e7d1.rmeta --extern log=D:\a\explorer-rs\explorer-rs\target\debug\deps\liblog-a55e43c5b83e885f.rmeta --extern raw_window_handle=D:\a\explorer-rs\explorer-rs\target\debug\deps\libraw_window_handle-bd9d64105fef5c9e.rmeta --extern web_time=D:\a\explorer-rs\explorer-rs\target\debug\deps\libweb_time-21c1ddae2bb7502d.rmeta --extern webbrowser=D:\a\explorer-rs\explorer-rs\target\debug\deps\libwebbrowser-a81c3731ecb09bc6.rmeta --extern winit=D:\a\explorer-rs\explorer-rs\target\debug\deps\libwinit-3e7b901d66fbb3fa.rmeta --cap-lints allow -L native=C:\Users\runneradmin\.cargo\registry\src\index.crates.io-1949cf8c6b5b557f\windows_x86_64_msvc-0.53.1\lib -L native=C:\Users\runneradmin\.cargo\registry\src\index.crates.io-1949cf8c6b5b557f\windows_x86_64_msvc-0.48.5\lib`
    Checking resvg v0.37.0
     Running `C:\Users\runneradmin\.rustup\toolchains\stable-x86_64-pc-windows-msvc\bin\rustc.exe --crate-name resvg --edition=2018 C:\Users\runneradmin\.cargo\registry\src\index.crates.io-1949cf8c6b5b557f\resvg-0.37.0\src\lib.rs --error-format=json --json=diagnostic-rendered-ansi,artifacts,future-incompat --crate-type lib --emit=dep-info,metadata -C embed-bitcode=no -C debuginfo=2 --check-cfg cfg(docsrs,test) --check-cfg "cfg(feature, values(\"default\", \"gif\", \"jpeg-decoder\", \"memmap-fonts\", \"png\", \"raster-images\", \"system-fonts\", \"text\"))" -C metadata=bf20e06ec9aaef95 -C extra-filename=-9c7e6772d354887a --out-dir D:\a\explorer-rs\explorer-rs\target\debug\deps -L dependency=D:\a\explorer-rs\explorer-rs\target\debug\deps --extern log=D:\a\explorer-rs\explorer-rs\target\debug\deps\liblog-a55e43c5b83e885f.rmeta --extern pico_args=D:\a\explorer-rs\explorer-rs\target\debug\deps\libpico_args-d7102e592e1c76ad.rmeta --extern rgb=D:\a\explorer-rs\explorer-rs\target\debug\deps\librgb-6e40ccf402f31ed4.rmeta --extern svgtypes=D:\a\explorer-rs\explorer-rs\target\debug\deps\libsvgtypes-1f69dc4c16895c96.rmeta --extern tiny_skia=D:\a\explorer-rs\explorer-rs\target\debug\deps\libtiny_skia-389c00f8f1acb840.rmeta --extern usvg=D:\a\explorer-rs\explorer-rs\target\debug\deps\libusvg-339f87dea19c400d.rmeta --cap-lints allow`
    Checking enum-map v2.7.3
     Running `C:\Users\runneradmin\.rustup\toolchains\stable-x86_64-pc-windows-msvc\bin\rustc.exe --crate-name enum_map --edition=2021 C:\Users\runneradmin\.cargo\registry\src\index.crates.io-1949cf8c6b5b557f\enum-map-2.7.3\src\lib.rs --error-format=json --json=diagnostic-rendered-ansi,artifacts,future-incompat --crate-type lib --emit=dep-info,metadata -C embed-bitcode=no -C debuginfo=2 --cfg "feature=\"serde\"" --check-cfg cfg(docsrs,test) --check-cfg "cfg(feature, values(\"arbitrary\", \"serde\"))" -C metadata=9b16ef857cdc6649 -C extra-filename=-ee71291a2aec32fa --out-dir D:\a\explorer-rs\explorer-rs\target\debug\deps -L dependency=D:\a\explorer-rs\explorer-rs\target\debug\deps --extern enum_map_derive=D:\a\explorer-rs\explorer-rs\target\debug\deps\enum_map_derive-1f38c0371a18ef2a.dll --extern serde=D:\a\explorer-rs\explorer-rs\target\debug\deps\libserde-63bd8e0ed55c5871.rmeta --cap-lints allow`
   Compiling explorer-rs v0.1.4 (D:\a\explorer-rs\explorer-rs)
     Running `C:\Users\runneradmin\.rustup\toolchains\stable-x86_64-pc-windows-msvc\bin\rustc.exe --crate-name build_script_build --edition=2021 build.rs --error-format=json --json=diagnostic-rendered-ansi,artifacts,future-incompat --crate-type bin --emit=dep-info,link -C embed-bitcode=no --check-cfg cfg(docsrs,test) --check-cfg "cfg(feature, values())" -C metadata=a3700981330c82ac -C extra-filename=-3f35d0e78cfc1c01 --out-dir D:\a\explorer-rs\explorer-rs\target\debug\build\explorer-rs-3f35d0e78cfc1c01 -L dependency=D:\a\explorer-rs\explorer-rs\target\debug\deps --extern winresource=D:\a\explorer-rs\explorer-rs\target\debug\deps\libwinresource-7218b51807ab1571.rlib`
    Checking crossbeam-channel v0.5.16
     Running `C:\Users\runneradmin\.rustup\toolchains\stable-x86_64-pc-windows-msvc\bin\rustc.exe --crate-name crossbeam_channel --edition=2021 C:\Users\runneradmin\.cargo\registry\src\index.crates.io-1949cf8c6b5b557f\crossbeam-channel-0.5.16\src\lib.rs --error-format=json --json=diagnostic-rendered-ansi,artifacts,future-incompat --crate-type lib --emit=dep-info,metadata -C embed-bitcode=no -C debuginfo=2 --warn=unexpected_cfgs --allow=clippy::lint_groups_priority --allow=clippy::declare_interior_mutable_const --check-cfg cfg(crossbeam_loom) --check-cfg cfg(crossbeam_sanitize) --cfg "feature=\"default\"" --cfg "feature=\"std\"" --check-cfg cfg(docsrs,test) --check-cfg "cfg(feature, values(\"default\", \"std\"))" -C metadata=87f12ad54e7db53b -C extra-filename=-64c2ad15cecdae16 --out-dir D:\a\explorer-rs\explorer-rs\target\debug\deps -L dependency=D:\a\explorer-rs\explorer-rs\target\debug\deps --extern crossbeam_utils=D:\a\explorer-rs\explorer-rs\target\debug\deps\libcrossbeam_utils-446ba0f1a658ac44.rmeta --cap-lints allow`
    Checking walkdir v2.5.0
     Running `C:\Users\runneradmin\.rustup\toolchains\stable-x86_64-pc-windows-msvc\bin\rustc.exe --crate-name walkdir --edition=2018 C:\Users\runneradmin\.cargo\registry\src\index.crates.io-1949cf8c6b5b557f\walkdir-2.5.0\src\lib.rs --error-format=json --json=diagnostic-rendered-ansi,artifacts,future-incompat --crate-type lib --emit=dep-info,metadata -C embed-bitcode=no -C debuginfo=2 --check-cfg cfg(docsrs,test) --check-cfg "cfg(feature, values())" -C metadata=5c4e94cee23a8b89 -C extra-filename=-53508d40160638f2 --out-dir D:\a\explorer-rs\explorer-rs\target\debug\deps -L dependency=D:\a\explorer-rs\explorer-rs\target\debug\deps --extern same_file=D:\a\explorer-rs\explorer-rs\target\debug\deps\libsame_file-ae23aeea1e0f7736.rmeta --extern winapi_util=D:\a\explorer-rs\explorer-rs\target\debug\deps\libwinapi_util-a3b3ddc1530a042c.rmeta --cap-lints allow`
     Running `C:\Users\runneradmin\.rustup\toolchains\stable-x86_64-pc-windows-msvc\bin\rustc.exe --crate-name glutin_winit --edition=2021 C:\Users\runneradmin\.cargo\registry\src\index.crates.io-1949cf8c6b5b557f\glutin-winit-0.4.2\src\lib.rs --error-format=json --json=diagnostic-rendered-ansi,artifacts,future-incompat --crate-type lib --emit=dep-info,metadata -C embed-bitcode=no -C debuginfo=2 --cfg "feature=\"default\"" --cfg "feature=\"egl\"" --cfg "feature=\"glx\"" --cfg "feature=\"wayland\"" --cfg "feature=\"wgl\"" --cfg "feature=\"x11\"" --check-cfg cfg(docsrs,test) --check-cfg "cfg(feature, values(\"default\", \"egl\", \"glx\", \"wayland\", \"wgl\", \"x11\"))" -C metadata=8443d1eb6ac9b490 -C extra-filename=-351822b03b20bb7d --out-dir D:\a\explorer-rs\explorer-rs\target\debug\deps -L dependency=D:\a\explorer-rs\explorer-rs\target\debug\deps --extern glutin=D:\a\explorer-rs\explorer-rs\target\debug\deps\libglutin-dd3503cf75ecc76b.rmeta --extern raw_window_handle=D:\a\explorer-rs\explorer-rs\target\debug\deps\libraw_window_handle-475563cc2b973d67.rmeta --extern winit=D:\a\explorer-rs\explorer-rs\target\debug\deps\libwinit-3e7b901d66fbb3fa.rmeta --cap-lints allow -L native=C:\Users\runneradmin\.cargo\registry\src\index.crates.io-1949cf8c6b5b557f\windows_x86_64_msvc-0.48.5\lib --cfg egl_backend --cfg wgl_backend`
    Checking windows v0.56.0
     Running `C:\Users\runneradmin\.rustup\toolchains\stable-x86_64-pc-windows-msvc\bin\rustc.exe --crate-name windows --edition=2021 C:\Users\runneradmin\.cargo\registry\src\index.crates.io-1949cf8c6b5b557f\windows-0.56.0\src\lib.rs --error-format=json --json=diagnostic-rendered-ansi,artifacts,future-incompat --crate-type lib --emit=dep-info,metadata -C embed-bitcode=no -C debuginfo=2 --warn=unused_qualifications --warn=rust_2018_idioms --warn=missing_docs --cfg "feature=\"Win32\"" --cfg "feature=\"Win32_Foundation\"" --cfg "feature=\"Win32_Storage\"" --cfg "feature=\"Win32_Storage_EnhancedStorage\"" --cfg "feature=\"Win32_System\"" --cfg "feature=\"Win32_System_Com\"" --cfg "feature=\"Win32_System_Com_StructuredStorage\"" --cfg "feature=\"Win32_System_SystemServices\"" --cfg "feature=\"Win32_UI\"" --cfg "feature=\"Win32_UI_Shell\"" --cfg "feature=\"Win32_UI_Shell_PropertiesSystem\"" --cfg "feature=\"default\"" --check-cfg cfg(docsrs,test) --check-cfg "cfg(feature, values(\"AI\", \"AI_MachineLearning\", \"ApplicationModel\", \"ApplicationModel_Activation\", \"ApplicationModel_AppExtensions\", \"ApplicationModel_AppService\", \"ApplicationModel_Appointments\", \"ApplicationModel_Appointments_AppointmentsProvider\", \"ApplicationModel_Appointments_DataProvider\", \"ApplicationModel_Background\", \"ApplicationModel_Calls\", \"ApplicationModel_Calls_Background\", \"ApplicationModel_Calls_Provider\", \"ApplicationModel_Chat\", \"ApplicationModel_CommunicationBlocking\", \"ApplicationModel_Contacts\", \"ApplicationModel_Contacts_DataProvider\", \"ApplicationModel_Contacts_Provider\", \"ApplicationModel_ConversationalAgent\", \"ApplicationModel_Core\", \"ApplicationModel_DataTransfer\", \"ApplicationModel_DataTransfer_DragDrop\", \"ApplicationModel_DataTransfer_DragDrop_Core\", \"ApplicationModel_DataTransfer_ShareTarget\", \"ApplicationModel_Email\", \"ApplicationModel_Email_DataProvider\", \"ApplicationModel_ExtendedExecution\", \"ApplicationModel_ExtendedExecution_Foreground\", \"ApplicationModel_Holographic\", \"ApplicationModel_LockScreen\", \"ApplicationModel_Payments\", \"ApplicationModel_Payments_Provider\", \"ApplicationModel_Preview\", \"ApplicationModel_Preview_Holographic\", \"ApplicationModel_Preview_InkWorkspace\", \"ApplicationModel_Preview_Notes\", \"ApplicationModel_Resources\", \"ApplicationModel_Resources_Core\", \"ApplicationModel_Resources_Management\", \"ApplicationModel_Search\", \"ApplicationModel_Search_Core\", \"ApplicationModel_Store\", \"ApplicationModel_Store_LicenseManagement\", \"ApplicationModel_Store_Preview\", \"ApplicationModel_Store_Preview_InstallControl\", \"ApplicationModel_UserActivities\", \"ApplicationModel_UserActivities_Core\", \"ApplicationModel_UserDataAccounts\", \"ApplicationModel_UserDataAccounts_Provider\", \"ApplicationModel_UserDataAccounts_SystemAccess\", \"ApplicationModel_UserDataTasks\", \"ApplicationModel_UserDataTasks_DataProvider\", \"ApplicationModel_VoiceCommands\", \"ApplicationModel_Wallet\", \"ApplicationModel_Wallet_System\", \"Data\", \"Data_Html\", \"Data_Json\", \"Data_Pdf\", \"Data_Text\", \"Data_Xml\", \"Data_Xml_Dom\", \"Data_Xml_Xsl\", \"Devices\", \"Devices_Adc\", \"Devices_Adc_Provider\", \"Devices_Background\", \"Devices_Bluetooth\", \"Devices_Bluetooth_Advertisement\", \"Devices_Bluetooth_Background\", \"Devices_Bluetooth_GenericAttributeProfile\", \"Devices_Bluetooth_Rfcomm\", \"Devices_Custom\", \"Devices_Display\", \"Devices_Display_Core\", \"Devices_Enumeration\", \"Devices_Enumeration_Pnp\", \"Devices_Geolocation\", \"Devices_Geolocation_Geofencing\", \"Devices_Geolocation_Provider\", \"Devices_Gpio\", \"Devices_Gpio_Provider\", \"Devices_Haptics\", \"Devices_HumanInterfaceDevice\", \"Devices_I2c\", \"Devices_I2c_Provider\", \"Devices_Input\", \"Devices_Input_Preview\", \"Devices_Lights\", \"Devices_Lights_Effects\", \"Devices_Midi\", \"Devices_PointOfService\", \"Devices_PointOfService_Provider\", \"Devices_Portable\", \"Devices_Power\", \"Devices_Printers\", \"Devices_Printers_Extensions\", \"Devices_Pwm\", \"Devices_Pwm_Provider\", \"Devices_Radios\", \"Devices_Scanners\", \"Devices_Sensors\", \"Devices_Sensors_Custom\", \"Devices_SerialCommunication\", \"Devices_SmartCards\", \"Devices_Sms\", \"Devices_Spi\", \"Devices_Spi_Provider\", \"Devices_Usb\", \"Devices_WiFi\", \"Devices_WiFiDirect\", \"Devices_WiFiDirect_Services\", \"Embedded\", \"Embedded_DeviceLockdown\", \"Foundation\", \"Foundation_Collections\", \"Foundation_Diagnostics\", \"Foundation_Metadata\", \"Foundation_Numerics\", \"Gaming\", \"Gaming_Input\", \"Gaming_Input_Custom\", \"Gaming_Input_ForceFeedback\", \"Gaming_Input_Preview\", \"Gaming_Preview\", \"Gaming_Preview_GamesEnumeration\", \"Gaming_UI\", \"Gaming_XboxLive\", \"Gaming_XboxLive_Storage\", \"Globalization\", \"Globalization_Collation\", \"Globalization_DateTimeFormatting\", \"Globalization_Fonts\", \"Globalization_NumberFormatting\", \"Globalization_PhoneNumberFormatting\", \"Graphics\", \"Graphics_Capture\", \"Graphics_DirectX\", \"Graphics_DirectX_Direct3D11\", \"Graphics_Display\", \"Graphics_Display_Core\", \"Graphics_Effects\", \"Graphics_Holographic\", \"Graphics_Imaging\", \"Graphics_Printing\", \"Graphics_Printing3D\", \"Graphics_Printing_OptionDetails\", \"Graphics_Printing_PrintSupport\", \"Graphics_Printing_PrintTicket\", \"Graphics_Printing_Workflow\", \"Management\", \"Management_Core\", \"Management_Deployment\", \"Management_Deployment_Preview\", \"Management_Policies\", \"Management_Update\", \"Management_Workplace\", \"Media\", \"Media_AppBroadcasting\", \"Media_AppRecording\", \"Media_Audio\", \"Media_Capture\", \"Media_Capture_Core\", \"Media_Capture_Frames\", \"Media_Casting\", \"Media_ClosedCaptioning\", \"Media_ContentRestrictions\", \"Media_Control\", \"Media_Core\", \"Media_Core_Preview\", \"Media_Devices\", \"Media_Devices_Core\", \"Media_DialProtocol\", \"Media_Editing\", \"Media_Effects\", \"Media_FaceAnalysis\", \"Media_Import\", \"Media_MediaProperties\", \"Media_Miracast\", \"Media_Ocr\", \"Media_PlayTo\", \"Media_Playback\", \"Media_Playlists\", \"Media_Protection\", \"Media_Protection_PlayReady\", \"Media_Render\", \"Media_SpeechRecognition\", \"Media_SpeechSynthesis\", \"Media_Streaming\", \"Media_Streaming_Adaptive\", \"Media_Transcoding\", \"Networking\", \"Networking_BackgroundTransfer\", \"Networking_Connectivity\", \"Networking_NetworkOperators\", \"Networking_Proximity\", \"Networking_PushNotifications\", \"Networking_ServiceDiscovery\", \"Networking_ServiceDiscovery_Dnssd\", \"Networking_Sockets\", \"Networking_Vpn\", \"Networking_XboxLive\", \"Perception\", \"Perception_Automation\", \"Perception_Automation_Core\", \"Perception_People\", \"Perception_Spatial\", \"Perception_Spatial_Preview\", \"Perception_Spatial_Surfaces\", \"Phone\", \"Phone_ApplicationModel\", \"Phone_Devices\", \"Phone_Devices_Notification\", \"Phone_Devices_Power\", \"Phone_Management\", \"Phone_Management_Deployment\", \"Phone_Media\", \"Phone_Media_Devices\", \"Phone_Notification\", \"Phone_Notification_Management\", \"Phone_PersonalInformation\", \"Phone_PersonalInformation_Provisioning\", \"Phone_Speech\", \"Phone_Speech_Recognition\", \"Phone_StartScreen\", \"Phone_System\", \"Phone_System_Power\", \"Phone_System_Profile\", \"Phone_System_UserProfile\", \"Phone_System_UserProfile_GameServices\", \"Phone_System_UserProfile_GameServices_Core\", \"Phone_UI\", \"Phone_UI_Input\", \"Security\", \"Security_Authentication\", \"Security_Authentication_Identity\", \"Security_Authentication_Identity_Core\", \"Security_Authentication_OnlineId\", \"Security_Authentication_Web\", \"Security_Authentication_Web_Core\", \"Security_Authentication_Web_Provider\", \"Security_Authorization\", \"Security_Authorization_AppCapabilityAccess\", \"Security_Credentials\", \"Security_Credentials_UI\", \"Security_Cryptography\", \"Security_Cryptography_Certificates\", \"Security_Cryptography_Core\", \"Security_Cryptography_DataProtection\", \"Security_DataProtection\", \"Security_EnterpriseData\", \"Security_ExchangeActiveSyncProvisioning\", \"Security_Isolation\", \"Services\", \"Services_Maps\", \"Services_Maps_Guidance\", \"Services_Maps_LocalSearch\", \"Services_Maps_OfflineMaps\", \"Services_Store\", \"Services_TargetedContent\", \"Storage\", \"Storage_AccessCache\", \"Storage_BulkAccess\", \"Storage_Compression\", \"Storage_FileProperties\", \"Storage_Pickers\", \"Storage_Pickers_Provider\", \"Storage_Provider\", \"Storage_Search\", \"Storage_Streams\", \"System\", \"System_Diagnostics\", \"System_Diagnostics_DevicePortal\", \"System_Diagnostics_Telemetry\", \"System_Diagnostics_TraceReporting\", \"System_Display\", \"System_Implementation\", \"System_Implementation_FileExplorer\", \"System_Inventory\", \"System_Power\", \"System_Profile\", \"System_Profile_SystemManufacturers\", \"System_RemoteDesktop\", \"System_RemoteDesktop_Input\", \"System_RemoteDesktop_Provider\", \"System_RemoteSystems\", \"System_Threading\", \"System_Threading_Core\", \"System_Update\", \"System_UserProfile\", \"UI\", \"UI_Accessibility\", \"UI_ApplicationSettings\", \"UI_Composition\", \"UI_Composition_Core\", \"UI_Composition_Desktop\", \"UI_Composition_Diagnostics\", \"UI_Composition_Effects\", \"UI_Composition_Interactions\", \"UI_Composition_Scenes\", \"UI_Core\", \"UI_Core_AnimationMetrics\", \"UI_Core_Preview\", \"UI_Input\", \"UI_Input_Core\", \"UI_Input_Inking\", \"UI_Input_Inking_Analysis\", \"UI_Input_Inking_Core\", \"UI_Input_Inking_Preview\", \"UI_Input_Preview\", \"UI_Input_Preview_Injection\", \"UI_Input_Spatial\", \"UI_Notifications\", \"UI_Notifications_Management\", \"UI_Notifications_Preview\", \"UI_Popups\", \"UI_Shell\", \"UI_StartScreen\", \"UI_Text\", \"UI_Text_Core\", \"UI_UIAutomation\", \"UI_UIAutomation_Core\", \"UI_ViewManagement\", \"UI_ViewManagement_Core\", \"UI_WebUI\", \"UI_WebUI_Core\", \"UI_WindowManagement\", \"UI_WindowManagement_Preview\", \"Wdk\", \"Wdk_Devices\", \"Wdk_Devices_HumanInterfaceDevice\", \"Wdk_Foundation\", \"Wdk_Graphics\", \"Wdk_Graphics_Direct3D\", \"Wdk_NetworkManagement\", \"Wdk_NetworkManagement_Ndis\", \"Wdk_NetworkManagement_WindowsFilteringPlatform\", \"Wdk_Storage\", \"Wdk_Storage_FileSystem\", \"Wdk_Storage_FileSystem_Minifilters\", \"Wdk_System\", \"Wdk_System_IO\", \"Wdk_System_OfflineRegistry\", \"Wdk_System_Registry\", \"Wdk_System_SystemInformation\", \"Wdk_System_SystemServices\", \"Wdk_System_Threading\", \"Web\", \"Web_AtomPub\", \"Web_Http\", \"Web_Http_Diagnostics\", \"Web_Http_Filters\", \"Web_Http_Headers\", \"Web_Syndication\", \"Web_UI\", \"Web_UI_Interop\", \"Win32\", \"Win32_AI\", \"Win32_AI_MachineLearning\", \"Win32_AI_MachineLearning_DirectML\", \"Win32_AI_MachineLearning_WinML\", \"Win32_Data\", \"Win32_Data_HtmlHelp\", \"Win32_Data_RightsManagement\", \"Win32_Data_Xml\", \"Win32_Data_Xml_MsXml\", \"Win32_Data_Xml_XmlLite\", \"Win32_Devices\", \"Win32_Devices_AllJoyn\", \"Win32_Devices_BiometricFramework\", \"Win32_Devices_Bluetooth\", \"Win32_Devices_Communication\", \"Win32_Devices_DeviceAccess\", \"Win32_Devices_DeviceAndDriverInstallation\", \"Win32_Devices_DeviceQuery\", \"Win32_Devices_Display\", \"Win32_Devices_Enumeration\", \"Win32_Devices_Enumeration_Pnp\", \"Win32_Devices_Fax\", \"Win32_Devices_FunctionDiscovery\", \"Win32_Devices_Geolocation\", \"Win32_Devices_HumanInterfaceDevice\", \"Win32_Devices_ImageAcquisition\", \"Win32_Devices_PortableDevices\", \"Win32_Devices_Properties\", \"Win32_Devices_Pwm\", \"Win32_Devices_Sensors\", \"Win32_Devices_SerialCommunication\", \"Win32_Devices_Tapi\", \"Win32_Devices_Usb\", \"Win32_Devices_WebServicesOnDevices\", \"Win32_Foundation\", \"Win32_Gaming\", \"Win32_Globalization\", \"Win32_Graphics\", \"Win32_Graphics_CompositionSwapchain\", \"Win32_Graphics_DXCore\", \"Win32_Graphics_Direct2D\", \"Win32_Graphics_Direct2D_Common\", \"Win32_Graphics_Direct3D\", \"Win32_Graphics_Direct3D10\", \"Win32_Graphics_Direct3D11\", \"Win32_Graphics_Direct3D11on12\", \"Win32_Graphics_Direct3D12\", \"Win32_Graphics_Direct3D9\", \"Win32_Graphics_Direct3D9on12\", \"Win32_Graphics_Direct3D_Dxc\", \"Win32_Graphics_Direct3D_Fxc\", \"Win32_Graphics_DirectComposition\", \"Win32_Graphics_DirectDraw\", \"Win32_Graphics_DirectManipulation\", \"Win32_Graphics_DirectWrite\", \"Win32_Graphics_Dwm\", \"Win32_Graphics_Dxgi\", \"Win32_Graphics_Dxgi_Common\", \"Win32_Graphics_Gdi\", \"Win32_Graphics_GdiPlus\", \"Win32_Graphics_Hlsl\", \"Win32_Graphics_Imaging\", \"Win32_Graphics_Imaging_D2D\", \"Win32_Graphics_OpenGL\", \"Win32_Graphics_Printing\", \"Win32_Graphics_Printing_PrintTicket\", \"Win32_Management\", \"Win32_Management_MobileDeviceManagementRegistration\", \"Win32_Media\", \"Win32_Media_Audio\", \"Win32_Media_Audio_Apo\", \"Win32_Media_Audio_DirectMusic\", \"Win32_Media_Audio_DirectSound\", \"Win32_Media_Audio_Endpoints\", \"Win32_Media_Audio_XAudio2\", \"Win32_Media_DeviceManager\", \"Win32_Media_DirectShow\", \"Win32_Media_DirectShow_Tv\", \"Win32_Media_DirectShow_Xml\", \"Win32_Media_DxMediaObjects\", \"Win32_Media_KernelStreaming\", \"Win32_Media_LibrarySharingServices\", \"Win32_Media_MediaFoundation\", \"Win32_Media_MediaPlayer\", \"Win32_Media_Multimedia\", \"Win32_Media_PictureAcquisition\", \"Win32_Media_Speech\", \"Win32_Media_Streaming\", \"Win32_Media_WindowsMediaFormat\", \"Win32_NetworkManagement\", \"Win32_NetworkManagement_Dhcp\", \"Win32_NetworkManagement_Dns\", \"Win32_NetworkManagement_InternetConnectionWizard\", \"Win32_NetworkManagement_IpHelper\", \"Win32_NetworkManagement_MobileBroadband\", \"Win32_NetworkManagement_Multicast\", \"Win32_NetworkManagement_Ndis\", \"Win32_NetworkManagement_NetBios\", \"Win32_NetworkManagement_NetManagement\", \"Win32_NetworkManagement_NetShell\", \"Win32_NetworkManagement_NetworkDiagnosticsFramework\", \"Win32_NetworkManagement_NetworkPolicyServer\", \"Win32_NetworkManagement_P2P\", \"Win32_NetworkManagement_QoS\", \"Win32_NetworkManagement_Rras\", \"Win32_NetworkManagement_Snmp\", \"Win32_NetworkManagement_WNet\", \"Win32_NetworkManagement_WebDav\", \"Win32_NetworkManagement_WiFi\", \"Win32_NetworkManagement_WindowsConnectNow\", \"Win32_NetworkManagement_WindowsConnectionManager\", \"Win32_NetworkManagement_WindowsFilteringPlatform\", \"Win32_NetworkManagement_WindowsFirewall\", \"Win32_NetworkManagement_WindowsNetworkVirtualization\", \"Win32_Networking\", \"Win32_Networking_ActiveDirectory\", \"Win32_Networking_BackgroundIntelligentTransferService\", \"Win32_Networking_Clustering\", \"Win32_Networking_HttpServer\", \"Win32_Networking_Ldap\", \"Win32_Networking_NetworkListManager\", \"Win32_Networking_RemoteDifferentialCompression\", \"Win32_Networking_WebSocket\", \"Win32_Networking_WinHttp\", \"Win32_Networking_WinInet\", \"Win32_Networking_WinSock\", \"Win32_Networking_WindowsWebServices\", \"Win32_Security\", \"Win32_Security_AppLocker\", \"Win32_Security_Authentication\", \"Win32_Security_Authentication_Identity\", \"Win32_Security_Authentication_Identity_Provider\", \"Win32_Security_Authorization\", \"Win32_Security_Authorization_UI\", \"Win32_Security_ConfigurationSnapin\", \"Win32_Security_Credentials\", \"Win32_Security_Cryptography\", \"Win32_Security_Cryptography_Catalog\", \"Win32_Security_Cryptography_Certificates\", \"Win32_Security_Cryptography_Sip\", \"Win32_Security_Cryptography_UI\", \"Win32_Security_DiagnosticDataQuery\", \"Win32_Security_DirectoryServices\", \"Win32_Security_EnterpriseData\", \"Win32_Security_ExtensibleAuthenticationProtocol\", \"Win32_Security_Isolation\", \"Win32_Security_LicenseProtection\", \"Win32_Security_NetworkAccessProtection\", \"Win32_Security_Tpm\", \"Win32_Security_WinTrust\", \"Win32_Security_WinWlx\", \"Win32_Storage\", \"Win32_Storage_Cabinets\", \"Win32_Storage_CloudFilters\", \"Win32_Storage_Compression\", \"Win32_Storage_DataDeduplication\", \"Win32_Storage_DistributedFileSystem\", \"Win32_Storage_EnhancedStorage\", \"Win32_Storage_FileHistory\", \"Win32_Storage_FileServerResourceManager\", \"Win32_Storage_FileSystem\", \"Win32_Storage_Imapi\", \"Win32_Storage_IndexServer\", \"Win32_Storage_InstallableFileSystems\", \"Win32_Storage_IscsiDisc\", \"Win32_Storage_Jet\", \"Win32_Storage_Nvme\", \"Win32_Storage_OfflineFiles\", \"Win32_Storage_OperationRecorder\", \"Win32_Storage_Packaging\", \"Win32_Storage_Packaging_Appx\", \"Win32_Storage_Packaging_Opc\", \"Win32_Storage_ProjectedFileSystem\", \"Win32_Storage_StructuredStorage\", \"Win32_Storage_Vhd\", \"Win32_Storage_VirtualDiskService\", \"Win32_Storage_Vss\", \"Win32_Storage_Xps\", \"Win32_Storage_Xps_Printing\", \"Win32_System\", \"Win32_System_AddressBook\", \"Win32_System_Antimalware\", \"Win32_System_ApplicationInstallationAndServicing\", \"Win32_System_ApplicationVerifier\", \"Win32_System_AssessmentTool\", \"Win32_System_ClrHosting\", \"Win32_System_Com\", \"Win32_System_Com_CallObj\", \"Win32_System_Com_ChannelCredentials\", \"Win32_System_Com_Events\", \"Win32_System_Com_Marshal\", \"Win32_System_Com_StructuredStorage\", \"Win32_System_Com_UI\", \"Win32_System_Com_Urlmon\", \"Win32_System_ComponentServices\", \"Win32_System_Console\", \"Win32_System_Contacts\", \"Win32_System_CorrelationVector\", \"Win32_System_DataExchange\", \"Win32_System_DeploymentServices\", \"Win32_System_DesktopSharing\", \"Win32_System_DeveloperLicensing\", \"Win32_System_Diagnostics\", \"Win32_System_Diagnostics_Ceip\", \"Win32_System_Diagnostics_ClrProfiling\", \"Win32_System_Diagnostics_Debug\", \"Win32_System_Diagnostics_Debug_ActiveScript\", \"Win32_System_Diagnostics_Debug_Extensions\", \"Win32_System_Diagnostics_Etw\", \"Win32_System_Diagnostics_ProcessSnapshotting\", \"Win32_System_Diagnostics_ToolHelp\", \"Win32_System_Diagnostics_TraceLogging\", \"Win32_System_DistributedTransactionCoordinator\", \"Win32_System_Environment\", \"Win32_System_ErrorReporting\", \"Win32_System_EventCollector\", \"Win32_System_EventLog\", \"Win32_System_EventNotificationService\", \"Win32_System_GroupPolicy\", \"Win32_System_HostCompute\", \"Win32_System_HostComputeNetwork\", \"Win32_System_HostComputeSystem\", \"Win32_System_Hypervisor\", \"Win32_System_IO\", \"Win32_System_Iis\", \"Win32_System_Ioctl\", \"Win32_System_JobObjects\", \"Win32_System_Js\", \"Win32_System_Kernel\", \"Win32_System_LibraryLoader\", \"Win32_System_Mailslots\", \"Win32_System_Mapi\", \"Win32_System_Memory\", \"Win32_System_Memory_NonVolatile\", \"Win32_System_MessageQueuing\", \"Win32_System_MixedReality\", \"Win32_System_Mmc\", \"Win32_System_Ole\", \"Win32_System_ParentalControls\", \"Win32_System_PasswordManagement\", \"Win32_System_Performance\", \"Win32_System_Performance_HardwareCounterProfiling\", \"Win32_System_Pipes\", \"Win32_System_Power\", \"Win32_System_ProcessStatus\", \"Win32_System_RealTimeCommunications\", \"Win32_System_Recovery\", \"Win32_System_Registry\", \"Win32_System_RemoteAssistance\", \"Win32_System_RemoteDesktop\", \"Win32_System_RemoteManagement\", \"Win32_System_RestartManager\", \"Win32_System_Restore\", \"Win32_System_Rpc\", \"Win32_System_Search\", \"Win32_System_Search_Common\", \"Win32_System_SecurityCenter\", \"Win32_System_ServerBackup\", \"Win32_System_Services\", \"Win32_System_SettingsManagementInfrastructure\", \"Win32_System_SetupAndMigration\", \"Win32_System_Shutdown\", \"Win32_System_SideShow\", \"Win32_System_StationsAndDesktops\", \"Win32_System_SubsystemForLinux\", \"Win32_System_SystemInformation\", \"Win32_System_SystemServices\", \"Win32_System_TaskScheduler\", \"Win32_System_Threading\", \"Win32_System_Time\", \"Win32_System_TpmBaseServices\", \"Win32_System_TransactionServer\", \"Win32_System_UpdateAgent\", \"Win32_System_UpdateAssessment\", \"Win32_System_UserAccessLogging\", \"Win32_System_Variant\", \"Win32_System_VirtualDosMachines\", \"Win32_System_WinRT\", \"Win32_System_WinRT_AllJoyn\", \"Win32_System_WinRT_Composition\", \"Win32_System_WinRT_CoreInputView\", \"Win32_System_WinRT_Direct3D11\", \"Win32_System_WinRT_Display\", \"Win32_System_WinRT_Graphics\", \"Win32_System_WinRT_Graphics_Capture\", \"Win32_System_WinRT_Graphics_Direct2D\", \"Win32_System_WinRT_Graphics_Imaging\", \"Win32_System_WinRT_Holographic\", \"Win32_System_WinRT_Isolation\", \"Win32_System_WinRT_ML\", \"Win32_System_WinRT_Media\", \"Win32_System_WinRT_Metadata\", \"Win32_System_WinRT_Pdf\", \"Win32_System_WinRT_Printing\", \"Win32_System_WinRT_Shell\", \"Win32_System_WinRT_Storage\", \"Win32_System_WindowsProgramming\", \"Win32_System_WindowsSync\", \"Win32_System_Wmi\", \"Win32_UI\", \"Win32_UI_Accessibility\", \"Win32_UI_Animation\", \"Win32_UI_ColorSystem\", \"Win32_UI_Controls\", \"Win32_UI_Controls_Dialogs\", \"Win32_UI_Controls_RichEdit\", \"Win32_UI_HiDpi\", \"Win32_UI_Input\", \"Win32_UI_Input_Ime\", \"Win32_UI_Input_Ink\", \"Win32_UI_Input_KeyboardAndMouse\", \"Win32_UI_Input_Pointer\", \"Win32_UI_Input_Radial\", \"Win32_UI_Input_Touch\", \"Win32_UI_Input_XboxController\", \"Win32_UI_InteractionContext\", \"Win32_UI_LegacyWindowsEnvironmentFeatures\", \"Win32_UI_Magnification\", \"Win32_UI_Notifications\", \"Win32_UI_Ribbon\", \"Win32_UI_Shell\", \"Win32_UI_Shell_Common\", \"Win32_UI_Shell_PropertiesSystem\", \"Win32_UI_TabletPC\", \"Win32_UI_TextServices\", \"Win32_UI_WindowsAndMessaging\", \"Win32_UI_Wpf\", \"Win32_Web\", \"Win32_Web_InternetExplorer\", \"default\", \"deprecated\", \"docs\", \"implement\"))" -C metadata=985f3d30fb9333fb -C extra-filename=-7b7aa0b9372e5d73 --out-dir D:\a\explorer-rs\explorer-rs\target\debug\deps -L dependency=D:\a\explorer-rs\explorer-rs\target\debug\deps --extern windows_core=D:\a\explorer-rs\explorer-rs\target\debug\deps\libwindows_core-95e98f681c496559.rmeta --extern windows_targets=D:\a\explorer-rs\explorer-rs\target\debug\deps\libwindows_targets-dcbeea8d189d8782.rmeta --cap-lints allow -L native=C:\Users\runneradmin\.cargo\registry\src\index.crates.io-1949cf8c6b5b557f\windows_x86_64_msvc-0.52.6\lib`
    Checking ehttp v0.5.0
     Running `C:\Users\runneradmin\.rustup\toolchains\stable-x86_64-pc-windows-msvc\bin\rustc.exe --crate-name ehttp --edition=2018 C:\Users\runneradmin\.cargo\registry\src\index.crates.io-1949cf8c6b5b557f\ehttp-0.5.0\src\lib.rs --error-format=json --json=diagnostic-rendered-ansi,artifacts,future-incompat --crate-type lib --emit=dep-info,metadata -C embed-bitcode=no -C debuginfo=2 --check-cfg cfg(docsrs,test) --check-cfg "cfg(feature, values(\"async-channel\", \"default\", \"json\", \"multipart\", \"native-async\", \"streaming\"))" -C metadata=297c3abf2b7a8e3d -C extra-filename=-a600f7e153821481 --out-dir D:\a\explorer-rs\explorer-rs\target\debug\deps -L dependency=D:\a\explorer-rs\explorer-rs\target\debug\deps --extern document_features=D:\a\explorer-rs\explorer-rs\target\debug\deps\document_features-a729d7b91d1ba0f0.dll --extern ureq=D:\a\explorer-rs\explorer-rs\target\debug\deps\libureq-d4389ee1cfb6a5ef.rmeta --cap-lints allow -L native=D:\a\explorer-rs\explorer-rs\target\debug\build\ring-d59ab82cdceb3675\out`
    Checking egui_glow v0.28.1
     Running `C:\Users\runneradmin\.rustup\toolchains\stable-x86_64-pc-windows-msvc\bin\rustc.exe --crate-name zmij --edition=2021 C:\Users\runneradmin\.cargo\registry\src\index.crates.io-1949cf8c6b5b557f\zmij-1.0.23\src\lib.rs --error-format=json --json=diagnostic-rendered-ansi,artifacts,future-incompat --crate-type lib --emit=dep-info,metadata -C embed-bitcode=no -C debuginfo=2 --check-cfg cfg(docsrs,test) --check-cfg "cfg(feature, values(\"no-panic\"))" -C metadata=ec47764e0994156f -C extra-filename=-44035418bc510b7b --out-dir D:\a\explorer-rs\explorer-rs\target\debug\deps -L dependency=D:\a\explorer-rs\explorer-rs\target\debug\deps --cap-lints allow --check-cfg cfg(exhaustive) --check-cfg "cfg(opt_level, values(\"s\"))" --check-cfg cfg(zmij_no_select_unpredictable)`
     Running `C:\Users\runneradmin\.rustup\toolchains\stable-x86_64-pc-windows-msvc\bin\rustc.exe --crate-name egui_glow --edition=2021 C:\Users\runneradmin\.cargo\registry\src\index.crates.io-1949cf8c6b5b557f\egui_glow-0.28.1\src\lib.rs --error-format=json --json=diagnostic-rendered-ansi,artifacts,future-incompat --crate-type lib --emit=dep-info,metadata -C embed-bitcode=no -C debuginfo=2 --warn=clippy::zero_sized_map_values --allow=clippy::wildcard_imports --warn=clippy::wildcard_dependencies --warn=clippy::verbose_file_reads --warn=clippy::useless_transmute --warn=clippy::use_self --allow=clippy::unwrap_used --warn=clippy::unused_self --warn=clippy::unused_rounding --allow=unused_qualifications --warn=clippy::unused_peekable --warn=unused_lifetimes --warn=unused_import_braces --warn=unused_extern_crates --warn=unsafe_op_in_unsafe_fn --deny=unsafe_code --warn=clippy::unnested_or_patterns --warn=clippy::unnecessary_wraps --warn=clippy::unnecessary_struct_initialization --warn=clippy::unnecessary_safety_doc --warn=clippy::unnecessary_box_returns --warn=clippy::uninlined_format_args --warn=clippy::uninhabited_references --warn=clippy::unimplemented --warn=clippy::undocumented_unsafe_blocks --warn=clippy::unchecked_duration_subtraction --warn=clippy::tuple_array_conversions --warn=trivial_numeric_casts --allow=trivial_casts --warn=clippy::trait_duplication_in_bounds --warn=clippy::trailing_empty_array --allow=clippy::too_many_lines --warn=clippy::todo --warn=clippy::suspicious_xor_used_as_pow --warn=clippy::suspicious_command_arg_space --warn=clippy::string_to_string --warn=clippy::string_lit_chars_any --warn=clippy::string_lit_as_bytes --warn=clippy::string_add_assign --warn=clippy::string_add --warn=clippy::str_to_string --warn=clippy::single_match_else --allow=clippy::significant_drop_tightening --allow=clippy::should_panic_without_expect --warn=semicolon_in_expressions_from_macros --warn=clippy::semicolon_if_nothing_returned --allow=clippy::self_named_module_files --warn=clippy::same_functions_in_if_condition --warn=rust_2021_prelude_collisions --warn=rust_2018_idioms --warn=clippy::rest_pat_in_fully_bound_structs --warn=clippy::ref_patterns --warn=clippy::ref_option_ref --warn=clippy::redundant_type_annotations --warn=clippy::readonly_write_lock --warn=clippy::rc_mutex --warn=clippy::pub_without_shorthand --warn=clippy::ptr_cast_constness --warn=clippy::ptr_as_ptr --allow=clippy::print_stderr --warn=clippy::path_buf_push_overwrite --warn=clippy::option_option --warn=nonstandard_style --warn=clippy::nonstandard_macro_braces --warn=clippy::negative_feature_names --warn=clippy::needless_pass_by_value --warn=clippy::needless_pass_by_ref_mut --warn=clippy::needless_for_each --warn=clippy::needless_continue --warn=clippy::needless_borrow --warn=clippy::mutex_integer --warn=clippy::mut_mut --warn=clippy::missing_safety_doc --warn=clippy::missing_errors_doc --warn=clippy::missing_enforced_import_renames --warn=rustdoc::missing_crate_level_docs --allow=clippy::missing_assert_message --warn=clippy::mismatching_type_param_order --warn=clippy::mismatched_target_os --warn=clippy::mem_forget --warn=clippy::match_wildcard_for_single_variants --warn=clippy::match_wild_err_arm --warn=clippy::match_same_arms --warn=clippy::match_on_vec_items --warn=clippy::match_bool --warn=clippy::map_unwrap_or --warn=clippy::map_flatten --warn=clippy::map_err_ignore --warn=clippy::manual_string_new --allow=clippy::manual_range_contains --warn=clippy::manual_ok_or --warn=clippy::manual_let_else --warn=clippy::manual_instant_elapsed --warn=clippy::manual_clamp --warn=clippy::manual_assert --warn=clippy::macro_use_imports --warn=clippy::lossy_float_literal --warn=clippy::linkedlist --warn=clippy::let_unit_value --allow=clippy::let_underscore_untyped --warn=clippy::large_types_passed_by_value --warn=clippy::large_stack_frames --warn=clippy::large_stack_arrays --warn=clippy::large_include_file --warn=clippy::large_digit_groups --warn=clippy::iter_without_into_iter --allow=clippy::iter_over_hash_type --warn=clippy::iter_on_single_items --warn=clippy::iter_on_empty_collections --warn=clippy::iter_not_returning_iterator --warn=clippy::invalid_upcast_comparisons --warn=clippy::into_iter_without_iter --warn=clippy::infinite_loop --warn=clippy::inefficient_to_string --warn=clippy::index_refutable_slice --warn=clippy::imprecise_flops --warn=clippy::implied_bounds_in_impls --warn=clippy::implicit_clone --warn=clippy::if_let_mutex --warn=clippy::get_unwrap --warn=future_incompatible --warn=clippy::from_iter_instead_of_collect --warn=clippy::fn_to_numeric_cast_any --warn=clippy::fn_params_excessive_bools --warn=clippy::float_cmp_const --warn=clippy::flat_map_option --warn=clippy::filter_map_next --warn=clippy::fallible_impl_from --warn=clippy::explicit_iter_loop --warn=clippy::explicit_into_iter_loop --warn=clippy::explicit_deref_methods --warn=clippy::expl_impl_clone_on_copy --warn=clippy::exit --warn=clippy::equatable_if_let --warn=clippy::enum_glob_use --warn=clippy::empty_enum --warn=elided_lifetimes_in_paths --warn=clippy::doc_markdown --warn=clippy::doc_link_with_quotes --warn=clippy::disallowed_types --warn=clippy::disallowed_script_idents --warn=clippy::disallowed_names --warn=clippy::disallowed_methods --warn=clippy::disallowed_macros --warn=clippy::derive_partial_eq_without_eq --warn=clippy::debug_assert_with_mut_call --warn=clippy::dbg_macro --warn=clippy::cloned_instead_of_copied --warn=clippy::clear_with_drain --warn=clippy::checked_conversions --warn=clippy::char_lit_as_u8 --warn=clippy::bool_to_int_with_if --warn=clippy::await_holding_lock --warn=clippy::as_ptr_cast_mut --warn=rustdoc::all --check-cfg cfg(docsrs,test) --check-cfg "cfg(feature, values(\"clipboard\", \"default\", \"document-features\", \"egui-winit\", \"links\", \"puffin\", \"wayland\", \"winit\", \"x11\"))" -C metadata=d1511a1cbb8f4633 -C extra-filename=-84fdc7ebed8b7a23 --out-dir D:\a\explorer-rs\explorer-rs\target\debug\deps -L dependency=D:\a\explorer-rs\explorer-rs\target\debug\deps --extern ahash=D:\a\explorer-rs\explorer-rs\target\debug\deps\libahash-9c51ef97478c8716.rmeta --extern bytemuck=D:\a\explorer-rs\explorer-rs\target\debug\deps\libbytemuck-fec5a5cab6e47577.rmeta --extern egui=D:\a\explorer-rs\explorer-rs\target\debug\deps\libegui-905616450005e7d1.rmeta --extern glow=D:\a\explorer-rs\explorer-rs\target\debug\deps\libglow-a34eecbf59f391bc.rmeta --extern log=D:\a\explorer-rs\explorer-rs\target\debug\deps\liblog-a55e43c5b83e885f.rmeta --extern memoffset=D:\a\explorer-rs\explorer-rs\target\debug\deps\libmemoffset-3ae363b32fd5044c.rmeta --cap-lints allow`
     Running `C:\Users\runneradmin\.rustup\toolchains\stable-x86_64-pc-windows-msvc\bin\rustc.exe --crate-name winapi --edition=2015 C:\Users\runneradmin\.cargo\registry\src\index.crates.io-1949cf8c6b5b557f\winapi-0.3.9\src\lib.rs --error-format=json --json=diagnostic-rendered-ansi,artifacts,future-incompat --crate-type lib --emit=dep-info,metadata -C embed-bitcode=no -C debuginfo=2 --cfg "feature=\"winuser\"" --check-cfg cfg(docsrs,test) --check-cfg "cfg(feature, values(\"accctrl\", \"aclapi\", \"activation\", \"adhoc\", \"appmgmt\", \"audioclient\", \"audiosessiontypes\", \"avrt\", \"basetsd\", \"bcrypt\", \"bits\", \"bits10_1\", \"bits1_5\", \"bits2_0\", \"bits2_5\", \"bits3_0\", \"bits4_0\", \"bits5_0\", \"bitscfg\", \"bitsmsg\", \"bluetoothapis\", \"bluetoothleapis\", \"bthdef\", \"bthioctl\", \"bthledef\", \"bthsdpdef\", \"bugcodes\", \"cderr\", \"cfg\", \"cfgmgr32\", \"cguid\", \"combaseapi\", \"coml2api\", \"commapi\", \"commctrl\", \"commdlg\", \"commoncontrols\", \"consoleapi\", \"corecrt\", \"corsym\", \"d2d1\", \"d2d1_1\", \"d2d1_2\", \"d2d1_3\", \"d2d1effectauthor\", \"d2d1effects\", \"d2d1effects_1\", \"d2d1effects_2\", \"d2d1svg\", \"d2dbasetypes\", \"d3d\", \"d3d10\", \"d3d10_1\", \"d3d10_1shader\", \"d3d10effect\", \"d3d10misc\", \"d3d10sdklayers\", \"d3d10shader\", \"d3d11\", \"d3d11_1\", \"d3d11_2\", \"d3d11_3\", \"d3d11_4\", \"d3d11on12\", \"d3d11sdklayers\", \"d3d11shader\", \"d3d11tokenizedprogramformat\", \"d3d12\", \"d3d12sdklayers\", \"d3d12shader\", \"d3d9\", \"d3d9caps\", \"d3d9types\", \"d3dcommon\", \"d3dcompiler\", \"d3dcsx\", \"d3dkmdt\", \"d3dkmthk\", \"d3dukmdt\", \"d3dx10core\", \"d3dx10math\", \"d3dx10mesh\", \"datetimeapi\", \"davclnt\", \"dbghelp\", \"dbt\", \"dcommon\", \"dcomp\", \"dcompanimation\", \"dcomptypes\", \"dde\", \"ddraw\", \"ddrawi\", \"ddrawint\", \"debug\", \"debugapi\", \"devguid\", \"devicetopology\", \"devpkey\", \"devpropdef\", \"dinput\", \"dinputd\", \"dispex\", \"dmksctl\", \"dmusicc\", \"docobj\", \"documenttarget\", \"dot1x\", \"dpa_dsa\", \"dpapi\", \"dsgetdc\", \"dsound\", \"dsrole\", \"dvp\", \"dwmapi\", \"dwrite\", \"dwrite_1\", \"dwrite_2\", \"dwrite_3\", \"dxdiag\", \"dxfile\", \"dxgi\", \"dxgi1_2\", \"dxgi1_3\", \"dxgi1_4\", \"dxgi1_5\", \"dxgi1_6\", \"dxgidebug\", \"dxgiformat\", \"dxgitype\", \"dxva2api\", \"dxvahd\", \"eaptypes\", \"enclaveapi\", \"endpointvolume\", \"errhandlingapi\", \"everything\", \"evntcons\", \"evntprov\", \"evntrace\", \"excpt\", \"exdisp\", \"fibersapi\", \"fileapi\", \"functiondiscoverykeys_devpkey\", \"gl-gl\", \"guiddef\", \"handleapi\", \"heapapi\", \"hidclass\", \"hidpi\", \"hidsdi\", \"hidusage\", \"highlevelmonitorconfigurationapi\", \"hstring\", \"http\", \"ifdef\", \"ifmib\", \"imm\", \"impl-debug\", \"impl-default\", \"in6addr\", \"inaddr\", \"inspectable\", \"interlockedapi\", \"intsafe\", \"ioapiset\", \"ipexport\", \"iphlpapi\", \"ipifcons\", \"ipmib\", \"iprtrmib\", \"iptypes\", \"jobapi\", \"jobapi2\", \"knownfolders\", \"ks\", \"ksmedia\", \"ktmtypes\", \"ktmw32\", \"l2cmn\", \"libloaderapi\", \"limits\", \"lmaccess\", \"lmalert\", \"lmapibuf\", \"lmat\", \"lmcons\", \"lmdfs\", \"lmerrlog\", \"lmjoin\", \"lmmsg\", \"lmremutl\", \"lmrepl\", \"lmserver\", \"lmshare\", \"lmstats\", \"lmsvc\", \"lmuse\", \"lmwksta\", \"lowlevelmonitorconfigurationapi\", \"lsalookup\", \"memoryapi\", \"minschannel\", \"minwinbase\", \"minwindef\", \"mmdeviceapi\", \"mmeapi\", \"mmreg\", \"mmsystem\", \"mprapidef\", \"msaatext\", \"mscat\", \"mschapp\", \"mssip\", \"mstcpip\", \"mswsock\", \"mswsockdef\", \"namedpipeapi\", \"namespaceapi\", \"nb30\", \"ncrypt\", \"netioapi\", \"nldef\", \"ntddndis\", \"ntddscsi\", \"ntddser\", \"ntdef\", \"ntlsa\", \"ntsecapi\", \"ntstatus\", \"oaidl\", \"objbase\", \"objidl\", \"objidlbase\", \"ocidl\", \"ole2\", \"oleauto\", \"olectl\", \"oleidl\", \"opmapi\", \"pdh\", \"perflib\", \"physicalmonitorenumerationapi\", \"playsoundapi\", \"portabledevice\", \"portabledeviceapi\", \"portabledevicetypes\", \"powerbase\", \"powersetting\", \"powrprof\", \"processenv\", \"processsnapshot\", \"processthreadsapi\", \"processtopologyapi\", \"profileapi\", \"propidl\", \"propkey\", \"propkeydef\", \"propsys\", \"prsht\", \"psapi\", \"qos\", \"realtimeapiset\", \"reason\", \"restartmanager\", \"restrictederrorinfo\", \"rmxfguid\", \"roapi\", \"robuffer\", \"roerrorapi\", \"rpc\", \"rpcdce\", \"rpcndr\", \"rtinfo\", \"sapi\", \"sapi51\", \"sapi53\", \"sapiddk\", \"sapiddk51\", \"schannel\", \"sddl\", \"securityappcontainer\", \"securitybaseapi\", \"servprov\", \"setupapi\", \"shellapi\", \"shellscalingapi\", \"shlobj\", \"shobjidl\", \"shobjidl_core\", \"shtypes\", \"softpub\", \"spapidef\", \"spellcheck\", \"sporder\", \"sql\", \"sqlext\", \"sqltypes\", \"sqlucode\", \"sspi\", \"std\", \"stralign\", \"stringapiset\", \"strmif\", \"subauth\", \"synchapi\", \"sysinfoapi\", \"systemtopologyapi\", \"taskschd\", \"tcpestats\", \"tcpmib\", \"textstor\", \"threadpoolapiset\", \"threadpoollegacyapiset\", \"timeapi\", \"timezoneapi\", \"tlhelp32\", \"transportsettingcommon\", \"tvout\", \"udpmib\", \"unknwnbase\", \"urlhist\", \"urlmon\", \"usb\", \"usbioctl\", \"usbiodef\", \"usbscan\", \"usbspec\", \"userenv\", \"usp10\", \"utilapiset\", \"uxtheme\", \"vadefs\", \"vcruntime\", \"vsbackup\", \"vss\", \"vsserror\", \"vswriter\", \"wbemads\", \"wbemcli\", \"wbemdisp\", \"wbemprov\", \"wbemtran\", \"wct\", \"werapi\", \"winbase\", \"wincodec\", \"wincodecsdk\", \"wincon\", \"wincontypes\", \"wincred\", \"wincrypt\", \"windef\", \"windot11\", \"windowsceip\", \"windowsx\", \"winefs\", \"winerror\", \"winevt\", \"wingdi\", \"winhttp\", \"wininet\", \"winineti\", \"winioctl\", \"winnetwk\", \"winnls\", \"winnt\", \"winreg\", \"winsafer\", \"winscard\", \"winsmcrd\", \"winsock2\", \"winspool\", \"winstring\", \"winsvc\", \"wintrust\", \"winusb\", \"winusbio\", \"winuser\", \"winver\", \"wlanapi\", \"wlanihv\", \"wlanihvtypes\", \"wlantypes\", \"wlclient\", \"wmistr\", \"wnnc\", \"wow64apiset\", \"wpdmtpextensions\", \"ws2bth\", \"ws2def\", \"ws2ipdef\", \"ws2spi\", \"ws2tcpip\", \"wtsapi32\", \"wtypes\", \"wtypesbase\", \"xinput\"))" -C metadata=020d4e97f1894c66 -C extra-filename=-ffeba6886ce48727 --out-dir D:\a\explorer-rs\explorer-rs\target\debug\deps -L dependency=D:\a\explorer-rs\explorer-rs\target\debug\deps --cap-lints allow -l dylib=gdi32 -l dylib=kernel32 -l dylib=msimg32 -l dylib=opengl32 -l dylib=user32 -l dylib=winspool --cfg "feature=\"minwindef\"" --cfg "feature=\"vcruntime\"" --cfg "feature=\"minwinbase\"" --cfg "feature=\"excpt\"" --cfg "feature=\"limits\"" --cfg "feature=\"ktmtypes\"" --cfg "feature=\"winnt\"" --cfg "feature=\"vadefs\"" --cfg "feature=\"basetsd\"" --cfg "feature=\"guiddef\"" --cfg "feature=\"windef\"" --cfg "feature=\"wingdi\"" --cfg "feature=\"ntdef\"" --cfg "feature=\"ntstatus\""`
     Running `C:\Users\runneradmin\.rustup\toolchains\stable-x86_64-pc-windows-msvc\bin\rustc.exe --crate-name libc --edition=2021 C:\Users\runneradmin\.cargo\registry\src\index.crates.io-1949cf8c6b5b557f\libc-0.2.189\src\lib.rs --error-format=json --json=diagnostic-rendered-ansi,artifacts,future-incompat --crate-type lib --emit=dep-info,metadata -C embed-bitcode=no -C debuginfo=2 --allow=unused_qualifications --warn=clippy::unnecessary_semicolon --allow=clippy::unnecessary_cast --warn=clippy::ptr_as_ptr --allow=clippy::non_minimal_cfg --allow=clippy::missing_safety_doc --warn=clippy::map_unwrap_or --warn=clippy::manual_assert --allow=clippy::identity_op --warn=clippy::explicit_iter_loop --cfg "feature=\"default\"" --cfg "feature=\"std\"" --check-cfg cfg(docsrs,test) --check-cfg "cfg(feature, values(\"align\", \"const-extern-fn\", \"default\", \"extra_traits\", \"rustc-dep-of-std\", \"rustc-std-workspace-core\", \"std\", \"use_std\"))" -C metadata=edbc938a9a1a81d5 -C extra-filename=-3710ac729c13892b --out-dir D:\a\explorer-rs\explorer-rs\target\debug\deps -L dependency=D:\a\explorer-rs\explorer-rs\target\debug\deps --cap-lints allow --cfg freebsd12 --check-cfg cfg(emscripten_old_stat_abi) --check-cfg cfg(espidf_picolibc) --check-cfg cfg(espidf_time32) --check-cfg cfg(freebsd10) --check-cfg cfg(freebsd11) --check-cfg cfg(freebsd12) --check-cfg cfg(freebsd13) --check-cfg cfg(freebsd14) --check-cfg cfg(freebsd15) --check-cfg cfg(gnu_file_offset_bits64) --check-cfg cfg(gnu_time_bits64) --check-cfg cfg(libc_deny_warnings) --check-cfg cfg(linux_time_bits64) --check-cfg cfg(musl_v1_2_3) --check-cfg cfg(musl32_time64) --check-cfg cfg(musl_redir_time64) --check-cfg cfg(vxworks_lt_25_09) --check-cfg cfg(libc_pauthtest) --check-cfg "cfg(target_os,values(\"switch\",\"aix\",\"ohos\",\"hurd\",\"rtems\",\"visionos\",\"nuttx\",\"cygwin\",\"qurt\",\"qnx\"))" --check-cfg "cfg(target_env,values(\"illumos\",\"wasi\",\"aix\",\"ohos\",\"nto71_iosock\"))" --check-cfg "cfg(target_arch,values(\"loongarch64\",\"mips32r6\",\"mips64r6\",\"csky\"))"`
    Checking filetime v0.2.29
     Running `C:\Users\runneradmin\.rustup\toolchains\stable-x86_64-pc-windows-msvc\bin\rustc.exe --crate-name filetime --edition=2018 C:\Users\runneradmin\.cargo\registry\src\index.crates.io-1949cf8c6b5b557f\filetime-0.2.29\src\lib.rs --error-format=json --json=diagnostic-rendered-ansi,artifacts,future-incompat --crate-type lib --emit=dep-info,metadata -C embed-bitcode=no -C debuginfo=2 --warn=unexpected_cfgs --check-cfg cfg(emulate_second_only_system) --check-cfg cfg(docsrs,test) --check-cfg "cfg(feature, values())" -C metadata=02604035b551bc65 -C extra-filename=-62882d8b83454b50 --out-dir D:\a\explorer-rs\explorer-rs\target\debug\deps -L dependency=D:\a\explorer-rs\explorer-rs\target\debug\deps --extern cfg_if=D:\a\explorer-rs\explorer-rs\target\debug\deps\libcfg_if-b7349115d2a20ae0.rmeta --cap-lints allow`
    Checking memchr v2.8.3
     Running `C:\Users\runneradmin\.rustup\toolchains\stable-x86_64-pc-windows-msvc\bin\rustc.exe --crate-name memchr --edition=2021 C:\Users\runneradmin\.cargo\registry\src\index.crates.io-1949cf8c6b5b557f\memchr-2.8.3\src\lib.rs --error-format=json --json=diagnostic-rendered-ansi,artifacts,future-incompat --crate-type lib --emit=dep-info,metadata -C embed-bitcode=no -C debuginfo=2 --cfg "feature=\"alloc\"" --cfg "feature=\"std\"" --check-cfg cfg(docsrs,test) --check-cfg "cfg(feature, values(\"alloc\", \"core\", \"default\", \"libc\", \"logging\", \"rustc-dep-of-std\", \"std\", \"use_std\"))" -C metadata=876ce43bf2562dff -C extra-filename=-09a8435138f1cf83 --out-dir D:\a\explorer-rs\explorer-rs\target\debug\deps -L dependency=D:\a\explorer-rs\explorer-rs\target\debug\deps --cap-lints allow`
    Checking static_assertions v1.1.0
     Running `C:\Users\runneradmin\.rustup\toolchains\stable-x86_64-pc-windows-msvc\bin\rustc.exe --crate-name static_assertions --edition=2015 C:\Users\runneradmin\.cargo\registry\src\index.crates.io-1949cf8c6b5b557f\static_assertions-1.1.0\src\lib.rs --error-format=json --json=diagnostic-rendered-ansi,artifacts,future-incompat --crate-type lib --emit=dep-info,metadata -C embed-bitcode=no -C debuginfo=2 --check-cfg cfg(docsrs,test) --check-cfg "cfg(feature, values(\"nightly\"))" -C metadata=166c9d623d65b73e -C extra-filename=-9a451c7abaeedbb8 --out-dir D:\a\explorer-rs\explorer-rs\target\debug\deps -L dependency=D:\a\explorer-rs\explorer-rs\target\debug\deps --cap-lints allow`
    Checking itoa v1.0.18
     Running `C:\Users\runneradmin\.rustup\toolchains\stable-x86_64-pc-windows-msvc\bin\rustc.exe --crate-name itoa --edition=2021 C:\Users\runneradmin\.cargo\registry\src\index.crates.io-1949cf8c6b5b557f\itoa-1.0.18\src\lib.rs --error-format=json --json=diagnostic-rendered-ansi,artifacts,future-incompat --crate-type lib --emit=dep-info,metadata -C embed-bitcode=no -C debuginfo=2 --check-cfg cfg(docsrs,test) --check-cfg "cfg(feature, values(\"no-panic\"))" -C metadata=4279766d689d7810 -C extra-filename=-9bca1edbe7482c6d --out-dir D:\a\explorer-rs\explorer-rs\target\debug\deps -L dependency=D:\a\explorer-rs\explorer-rs\target\debug\deps --cap-lints allow`
    Checking notify v6.1.1
     Running `C:\Users\runneradmin\.rustup\toolchains\stable-x86_64-pc-windows-msvc\bin\rustc.exe --crate-name notify --edition=2021 C:\Users\runneradmin\.cargo\registry\src\index.crates.io-1949cf8c6b5b557f\notify-6.1.1\src\lib.rs --error-format=json --json=diagnostic-rendered-ansi,artifacts,future-incompat --crate-type lib --emit=dep-info,metadata -C embed-bitcode=no -C debuginfo=2 --cfg "feature=\"crossbeam-channel\"" --cfg "feature=\"default\"" --cfg "feature=\"fsevent-sys\"" --cfg "feature=\"macos_fsevent\"" --check-cfg cfg(docsrs,test) --check-cfg "cfg(feature, values(\"crossbeam-channel\", \"default\", \"fsevent-sys\", \"kqueue\", \"macos_fsevent\", \"macos_kqueue\", \"manual_tests\", \"mio\", \"serde\", \"timing_tests\"))" -C metadata=edfa6e179bf17494 -C extra-filename=-f741447c67358ba1 --out-dir D:\a\explorer-rs\explorer-rs\target\debug\deps -L dependency=D:\a\explorer-rs\explorer-rs\target\debug\deps --extern crossbeam_channel=D:\a\explorer-rs\explorer-rs\target\debug\deps\libcrossbeam_channel-64c2ad15cecdae16.rmeta --extern filetime=D:\a\explorer-rs\explorer-rs\target\debug\deps\libfiletime-62882d8b83454b50.rmeta --extern libc=D:\a\explorer-rs\explorer-rs\target\debug\deps\liblibc-3710ac729c13892b.rmeta --extern log=D:\a\explorer-rs\explorer-rs\target\debug\deps\liblog-a55e43c5b83e885f.rmeta --extern walkdir=D:\a\explorer-rs\explorer-rs\target\debug\deps\libwalkdir-53508d40160638f2.rmeta --extern windows_sys=D:\a\explorer-rs\explorer-rs\target\debug\deps\libwindows_sys-5853d4cc87665ec9.rmeta --cap-lints allow -L native=C:\Users\runneradmin\.cargo\registry\src\index.crates.io-1949cf8c6b5b557f\windows_x86_64_msvc-0.48.5\lib`
     Running `C:\Users\runneradmin\.rustup\toolchains\stable-x86_64-pc-windows-msvc\bin\rustc.exe --crate-name serde_json --edition=2021 C:\Users\runneradmin\.cargo\registry\src\index.crates.io-1949cf8c6b5b557f\serde_json-1.0.151\src\lib.rs --error-format=json --json=diagnostic-rendered-ansi,artifacts,future-incompat --crate-type lib --emit=dep-info,metadata -C embed-bitcode=no -C debuginfo=2 --cfg "feature=\"default\"" --cfg "feature=\"std\"" --check-cfg cfg(docsrs,test) --check-cfg "cfg(feature, values(\"alloc\", \"arbitrary_precision\", \"default\", \"float_roundtrip\", \"indexmap\", \"preserve_order\", \"raw_value\", \"std\", \"unbounded_depth\"))" -C metadata=176e7d6378c95359 -C extra-filename=-8262b4c1782520c5 --out-dir D:\a\explorer-rs\explorer-rs\target\debug\deps -L dependency=D:\a\explorer-rs\explorer-rs\target\debug\deps --extern itoa=D:\a\explorer-rs\explorer-rs\target\debug\deps\libitoa-9bca1edbe7482c6d.rmeta --extern memchr=D:\a\explorer-rs\explorer-rs\target\debug\deps\libmemchr-09a8435138f1cf83.rmeta --extern serde_core=D:\a\explorer-rs\explorer-rs\target\debug\deps\libserde_core-2cc6d5400522de76.rmeta --extern zmij=D:\a\explorer-rs\explorer-rs\target\debug\deps\libzmij-44035418bc510b7b.rmeta --cap-lints allow --cfg "fast_arithmetic=\"64\"" --check-cfg "cfg(fast_arithmetic, values(\"32\", \"64\"))"`
    Checking egui_extras v0.28.1
     Running `C:\Users\runneradmin\.rustup\toolchains\stable-x86_64-pc-windows-msvc\bin\rustc.exe --crate-name egui_extras --edition=2021 C:\Users\runneradmin\.cargo\registry\src\index.crates.io-1949cf8c6b5b557f\egui_extras-0.28.1\src\lib.rs --error-format=json --json=diagnostic-rendered-ansi,artifacts,future-incompat --crate-type lib --emit=dep-info,metadata -C embed-bitcode=no -C debuginfo=2 --warn=clippy::zero_sized_map_values --allow=clippy::wildcard_imports --warn=clippy::wildcard_dependencies --warn=clippy::verbose_file_reads --warn=clippy::useless_transmute --warn=clippy::use_self --allow=clippy::unwrap_used --warn=clippy::unused_self --warn=clippy::unused_rounding --allow=unused_qualifications --warn=clippy::unused_peekable --warn=unused_lifetimes --warn=unused_import_braces --warn=unused_extern_crates --warn=unsafe_op_in_unsafe_fn --deny=unsafe_code --warn=clippy::unnested_or_patterns --warn=clippy::unnecessary_wraps --warn=clippy::unnecessary_struct_initialization --warn=clippy::unnecessary_safety_doc --warn=clippy::unnecessary_box_returns --warn=clippy::uninlined_format_args --warn=clippy::uninhabited_references --warn=clippy::unimplemented --warn=clippy::undocumented_unsafe_blocks --warn=clippy::unchecked_duration_subtraction --warn=clippy::tuple_array_conversions --warn=trivial_numeric_casts --allow=trivial_casts --warn=clippy::trait_duplication_in_bounds --warn=clippy::trailing_empty_array --allow=clippy::too_many_lines --warn=clippy::todo --warn=clippy::suspicious_xor_used_as_pow --warn=clippy::suspicious_command_arg_space --warn=clippy::string_to_string --warn=clippy::string_lit_chars_any --warn=clippy::string_lit_as_bytes --warn=clippy::string_add_assign --warn=clippy::string_add --warn=clippy::str_to_string --warn=clippy::single_match_else --allow=clippy::significant_drop_tightening --allow=clippy::should_panic_without_expect --warn=semicolon_in_expressions_from_macros --warn=clippy::semicolon_if_nothing_returned --allow=clippy::self_named_module_files --warn=clippy::same_functions_in_if_condition --warn=rust_2021_prelude_collisions --warn=rust_2018_idioms --warn=clippy::rest_pat_in_fully_bound_structs --warn=clippy::ref_patterns --warn=clippy::ref_option_ref --warn=clippy::redundant_type_annotations --warn=clippy::readonly_write_lock --warn=clippy::rc_mutex --warn=clippy::pub_without_shorthand --warn=clippy::ptr_cast_constness --warn=clippy::ptr_as_ptr --allow=clippy::print_stderr --warn=clippy::path_buf_push_overwrite --warn=clippy::option_option --warn=nonstandard_style --warn=clippy::nonstandard_macro_braces --warn=clippy::negative_feature_names --warn=clippy::needless_pass_by_value --warn=clippy::needless_pass_by_ref_mut --warn=clippy::needless_for_each --warn=clippy::needless_continue --warn=clippy::needless_borrow --warn=clippy::mutex_integer --warn=clippy::mut_mut --warn=clippy::missing_safety_doc --warn=clippy::missing_errors_doc --warn=clippy::missing_enforced_import_renames --warn=rustdoc::missing_crate_level_docs --allow=clippy::missing_assert_message --warn=clippy::mismatching_type_param_order --warn=clippy::mismatched_target_os --warn=clippy::mem_forget --warn=clippy::match_wildcard_for_single_variants --warn=clippy::match_wild_err_arm --warn=clippy::match_same_arms --warn=clippy::match_on_vec_items --warn=clippy::match_bool --warn=clippy::map_unwrap_or --warn=clippy::map_flatten --warn=clippy::map_err_ignore --warn=clippy::manual_string_new --allow=clippy::manual_range_contains --warn=clippy::manual_ok_or --warn=clippy::manual_let_else --warn=clippy::manual_instant_elapsed --warn=clippy::manual_clamp --warn=clippy::manual_assert --warn=clippy::macro_use_imports --warn=clippy::lossy_float_literal --warn=clippy::linkedlist --warn=clippy::let_unit_value --allow=clippy::let_underscore_untyped --warn=clippy::large_types_passed_by_value --warn=clippy::large_stack_frames --warn=clippy::large_stack_arrays --warn=clippy::large_include_file --warn=clippy::large_digit_groups --warn=clippy::iter_without_into_iter --allow=clippy::iter_over_hash_type --warn=clippy::iter_on_single_items --warn=clippy::iter_on_empty_collections --warn=clippy::iter_not_returning_iterator --warn=clippy::invalid_upcast_comparisons --warn=clippy::into_iter_without_iter --warn=clippy::infinite_loop --warn=clippy::inefficient_to_string --warn=clippy::index_refutable_slice --warn=clippy::imprecise_flops --warn=clippy::implied_bounds_in_impls --warn=clippy::implicit_clone --warn=clippy::if_let_mutex --warn=clippy::get_unwrap --warn=future_incompatible --warn=clippy::from_iter_instead_of_collect --warn=clippy::fn_to_numeric_cast_any --warn=clippy::fn_params_excessive_bools --warn=clippy::float_cmp_const --warn=clippy::flat_map_option --warn=clippy::filter_map_next --warn=clippy::fallible_impl_from --warn=clippy::explicit_iter_loop --warn=clippy::explicit_into_iter_loop --warn=clippy::explicit_deref_methods --warn=clippy::expl_impl_clone_on_copy --warn=clippy::exit --warn=clippy::equatable_if_let --warn=clippy::enum_glob_use --warn=clippy::empty_enum --warn=elided_lifetimes_in_paths --warn=clippy::doc_markdown --warn=clippy::doc_link_with_quotes --warn=clippy::disallowed_types --warn=clippy::disallowed_script_idents --warn=clippy::disallowed_names --warn=clippy::disallowed_methods --warn=clippy::disallowed_macros --warn=clippy::derive_partial_eq_without_eq --warn=clippy::debug_assert_with_mut_call --warn=clippy::dbg_macro --warn=clippy::cloned_instead_of_copied --warn=clippy::clear_with_drain --warn=clippy::checked_conversions --warn=clippy::char_lit_as_u8 --warn=clippy::bool_to_int_with_if --warn=clippy::await_holding_lock --warn=clippy::as_ptr_cast_mut --warn=rustdoc::all --cfg "feature=\"all_loaders\"" --cfg "feature=\"default\"" --cfg "feature=\"file\"" --cfg "feature=\"gif\"" --cfg "feature=\"http\"" --cfg "feature=\"image\"" --cfg "feature=\"resvg\"" --cfg "feature=\"serde\"" --cfg "feature=\"svg\"" --check-cfg cfg(docsrs,test) --check-cfg "cfg(feature, values(\"all_loaders\", \"chrono\", \"datepicker\", \"default\", \"document-features\", \"file\", \"gif\", \"http\", \"image\", \"puffin\", \"resvg\", \"serde\", \"svg\", \"syntect\"))" -C metadata=220cf26793fddf12 -C extra-filename=-6a0b58c0de8ee9db --out-dir D:\a\explorer-rs\explorer-rs\target\debug\deps -L dependency=D:\a\explorer-rs\explorer-rs\target\debug\deps --extern ahash=D:\a\explorer-rs\explorer-rs\target\debug\deps\libahash-9c51ef97478c8716.rmeta --extern egui=D:\a\explorer-rs\explorer-rs\target\debug\deps\libegui-905616450005e7d1.rmeta --extern ehttp=D:\a\explorer-rs\explorer-rs\target\debug\deps\libehttp-a600f7e153821481.rmeta --extern enum_map=D:\a\explorer-rs\explorer-rs\target\debug\deps\libenum_map-ee71291a2aec32fa.rmeta --extern image=D:\a\explorer-rs\explorer-rs\target\debug\deps\libimage-45767bfb5b91e039.rmeta --extern log=D:\a\explorer-rs\explorer-rs\target\debug\deps\liblog-a55e43c5b83e885f.rmeta --extern mime_guess2=D:\a\explorer-rs\explorer-rs\target\debug\deps\libmime_guess2-d43f7e59886b3b0b.rmeta --extern resvg=D:\a\explorer-rs\explorer-rs\target\debug\deps\libresvg-9c7e6772d354887a.rmeta --extern serde=D:\a\explorer-rs\explorer-rs\target\debug\deps\libserde-63bd8e0ed55c5871.rmeta --cap-lints allow -L native=D:\a\explorer-rs\explorer-rs\target\debug\build\ring-d59ab82cdceb3675\out`
     Running `D:\a\explorer-rs\explorer-rs\target\debug\build\explorer-rs-3f35d0e78cfc1c01\build-script-build`
warning: explorer-rs@0.1.4: embedded icon D:\a\explorer-rs\explorer-rs\target\debug\build\explorer-rs-ca19b7e40d34a545\out\generated_icon.ico
    Checking windows v0.58.0
     Running `C:\Users\runneradmin\.rustup\toolchains\stable-x86_64-pc-windows-msvc\bin\rustc.exe --crate-name windows --edition=2021 C:\Users\runneradmin\.cargo\registry\src\index.crates.io-1949cf8c6b5b557f\windows-0.58.0\src\lib.rs --error-format=json --json=diagnostic-rendered-ansi,artifacts,future-incompat --crate-type lib --emit=dep-info,metadata -C embed-bitcode=no -C debuginfo=2 --warn=rust_2018_idioms --warn=unexpected_cfgs --warn=missing_docs --check-cfg "cfg(windows_raw_dylib, windows_debugger_visualizer, windows_slim_errors)" --cfg "feature=\"Win32\"" --cfg "feature=\"Win32_Foundation\"" --cfg "feature=\"Win32_Graphics\"" --cfg "feature=\"Win32_Graphics_Gdi\"" --cfg "feature=\"Win32_Storage\"" --cfg "feature=\"Win32_Storage_FileSystem\"" --cfg "feature=\"Win32_System\"" --cfg "feature=\"Win32_System_Com\"" --cfg "feature=\"Win32_System_Com_StructuredStorage\"" --cfg "feature=\"Win32_System_Ole\"" --cfg "feature=\"Win32_UI\"" --cfg "feature=\"Win32_UI_Shell\"" --cfg "feature=\"Win32_UI_WindowsAndMessaging\"" --cfg "feature=\"default\"" --cfg "feature=\"std\"" --check-cfg cfg(docsrs,test) --check-cfg "cfg(feature, values(\"AI\", \"AI_MachineLearning\", \"ApplicationModel\", \"ApplicationModel_Activation\", \"ApplicationModel_AppExtensions\", \"ApplicationModel_AppService\", \"ApplicationModel_Appointments\", \"ApplicationModel_Appointments_AppointmentsProvider\", \"ApplicationModel_Appointments_DataProvider\", \"ApplicationModel_Background\", \"ApplicationModel_Calls\", \"ApplicationModel_Calls_Background\", \"ApplicationModel_Calls_Provider\", \"ApplicationModel_Chat\", \"ApplicationModel_CommunicationBlocking\", \"ApplicationModel_Contacts\", \"ApplicationModel_Contacts_DataProvider\", \"ApplicationModel_Contacts_Provider\", \"ApplicationModel_ConversationalAgent\", \"ApplicationModel_Core\", \"ApplicationModel_DataTransfer\", \"ApplicationModel_DataTransfer_DragDrop\", \"ApplicationModel_DataTransfer_DragDrop_Core\", \"ApplicationModel_DataTransfer_ShareTarget\", \"ApplicationModel_Email\", \"ApplicationModel_Email_DataProvider\", \"ApplicationModel_ExtendedExecution\", \"ApplicationModel_ExtendedExecution_Foreground\", \"ApplicationModel_Holographic\", \"ApplicationModel_LockScreen\", \"ApplicationModel_PackageExtensions\", \"ApplicationModel_Payments\", \"ApplicationModel_Payments_Provider\", \"ApplicationModel_Preview\", \"ApplicationModel_Preview_Holographic\", \"ApplicationModel_Preview_InkWorkspace\", \"ApplicationModel_Preview_Notes\", \"ApplicationModel_Resources\", \"ApplicationModel_Resources_Core\", \"ApplicationModel_Resources_Management\", \"ApplicationModel_Search\", \"ApplicationModel_Search_Core\", \"ApplicationModel_UserActivities\", \"ApplicationModel_UserActivities_Core\", \"ApplicationModel_UserDataAccounts\", \"ApplicationModel_UserDataAccounts_Provider\", \"ApplicationModel_UserDataAccounts_SystemAccess\", \"ApplicationModel_UserDataTasks\", \"ApplicationModel_UserDataTasks_DataProvider\", \"ApplicationModel_VoiceCommands\", \"ApplicationModel_Wallet\", \"ApplicationModel_Wallet_System\", \"Data\", \"Data_Html\", \"Data_Json\", \"Data_Pdf\", \"Data_Text\", \"Data_Xml\", \"Data_Xml_Dom\", \"Data_Xml_Xsl\", \"Devices\", \"Devices_Adc\", \"Devices_Adc_Provider\", \"Devices_Background\", \"Devices_Bluetooth\", \"Devices_Bluetooth_Advertisement\", \"Devices_Bluetooth_Background\", \"Devices_Bluetooth_GenericAttributeProfile\", \"Devices_Bluetooth_Rfcomm\", \"Devices_Custom\", \"Devices_Display\", \"Devices_Display_Core\", \"Devices_Enumeration\", \"Devices_Enumeration_Pnp\", \"Devices_Geolocation\", \"Devices_Geolocation_Geofencing\", \"Devices_Geolocation_Provider\", \"Devices_Gpio\", \"Devices_Gpio_Provider\", \"Devices_Haptics\", \"Devices_HumanInterfaceDevice\", \"Devices_I2c\", \"Devices_I2c_Provider\", \"Devices_Input\", \"Devices_Input_Preview\", \"Devices_Lights\", \"Devices_Lights_Effects\", \"Devices_Midi\", \"Devices_PointOfService\", \"Devices_PointOfService_Provider\", \"Devices_Portable\", \"Devices_Power\", \"Devices_Printers\", \"Devices_Printers_Extensions\", \"Devices_Pwm\", \"Devices_Pwm_Provider\", \"Devices_Radios\", \"Devices_Scanners\", \"Devices_Sensors\", \"Devices_Sensors_Custom\", \"Devices_SerialCommunication\", \"Devices_SmartCards\", \"Devices_Sms\", \"Devices_Spi\", \"Devices_Spi_Provider\", \"Devices_Usb\", \"Devices_WiFi\", \"Devices_WiFiDirect\", \"Devices_WiFiDirect_Services\", \"Embedded\", \"Embedded_DeviceLockdown\", \"Foundation\", \"Foundation_Collections\", \"Foundation_Diagnostics\", \"Foundation_Metadata\", \"Foundation_Numerics\", \"Gaming\", \"Gaming_Input\", \"Gaming_Input_Custom\", \"Gaming_Input_ForceFeedback\", \"Gaming_Input_Preview\", \"Gaming_Preview\", \"Gaming_Preview_GamesEnumeration\", \"Gaming_UI\", \"Gaming_XboxLive\", \"Gaming_XboxLive_Storage\", \"Globalization\", \"Globalization_Collation\", \"Globalization_DateTimeFormatting\", \"Globalization_Fonts\", \"Globalization_NumberFormatting\", \"Globalization_PhoneNumberFormatting\", \"Graphics\", \"Graphics_Capture\", \"Graphics_DirectX\", \"Graphics_DirectX_Direct3D11\", \"Graphics_Display\", \"Graphics_Display_Core\", \"Graphics_Effects\", \"Graphics_Holographic\", \"Graphics_Imaging\", \"Graphics_Printing\", \"Graphics_Printing3D\", \"Graphics_Printing_OptionDetails\", \"Graphics_Printing_PrintSupport\", \"Graphics_Printing_PrintTicket\", \"Graphics_Printing_Workflow\", \"Management\", \"Management_Core\", \"Management_Deployment\", \"Management_Deployment_Preview\", \"Management_Policies\", \"Management_Setup\", \"Management_Update\", \"Management_Workplace\", \"Media\", \"Media_AppBroadcasting\", \"Media_AppRecording\", \"Media_Audio\", \"Media_Capture\", \"Media_Capture_Core\", \"Media_Capture_Frames\", \"Media_Casting\", \"Media_ClosedCaptioning\", \"Media_ContentRestrictions\", \"Media_Control\", \"Media_Core\", \"Media_Core_Preview\", \"Media_Devices\", \"Media_Devices_Core\", \"Media_DialProtocol\", \"Media_Editing\", \"Media_Effects\", \"Media_FaceAnalysis\", \"Media_Import\", \"Media_MediaProperties\", \"Media_Miracast\", \"Media_Ocr\", \"Media_PlayTo\", \"Media_Playback\", \"Media_Playlists\", \"Media_Protection\", \"Media_Protection_PlayReady\", \"Media_Render\", \"Media_SpeechRecognition\", \"Media_SpeechSynthesis\", \"Media_Streaming\", \"Media_Streaming_Adaptive\", \"Media_Transcoding\", \"Networking\", \"Networking_BackgroundTransfer\", \"Networking_Connectivity\", \"Networking_NetworkOperators\", \"Networking_Proximity\", \"Networking_PushNotifications\", \"Networking_ServiceDiscovery\", \"Networking_ServiceDiscovery_Dnssd\", \"Networking_Sockets\", \"Networking_Vpn\", \"Networking_XboxLive\", \"Perception\", \"Perception_Automation\", \"Perception_Automation_Core\", \"Perception_People\", \"Perception_Spatial\", \"Perception_Spatial_Preview\", \"Perception_Spatial_Surfaces\", \"Phone\", \"Phone_ApplicationModel\", \"Phone_Devices\", \"Phone_Devices_Notification\", \"Phone_Devices_Power\", \"Phone_Management\", \"Phone_Management_Deployment\", \"Phone_Media\", \"Phone_Media_Devices\", \"Phone_Notification\", \"Phone_Notification_Management\", \"Phone_PersonalInformation\", \"Phone_PersonalInformation_Provisioning\", \"Phone_Speech\", \"Phone_Speech_Recognition\", \"Phone_StartScreen\", \"Phone_System\", \"Phone_System_Power\", \"Phone_System_Profile\", \"Phone_System_UserProfile\", \"Phone_System_UserProfile_GameServices\", \"Phone_System_UserProfile_GameServices_Core\", \"Phone_UI\", \"Phone_UI_Input\", \"Security\", \"Security_Authentication\", \"Security_Authentication_Identity\", \"Security_Authentication_Identity_Core\", \"Security_Authentication_OnlineId\", \"Security_Authentication_Web\", \"Security_Authentication_Web_Core\", \"Security_Authentication_Web_Provider\", \"Security_Authorization\", \"Security_Authorization_AppCapabilityAccess\", \"Security_Credentials\", \"Security_Credentials_UI\", \"Security_Cryptography\", \"Security_Cryptography_Certificates\", \"Security_Cryptography_Core\", \"Security_Cryptography_DataProtection\", \"Security_DataProtection\", \"Security_EnterpriseData\", \"Security_ExchangeActiveSyncProvisioning\", \"Security_Isolation\", \"Services\", \"Services_Maps\", \"Services_Maps_Guidance\", \"Services_Maps_LocalSearch\", \"Services_Maps_OfflineMaps\", \"Services_Store\", \"Services_TargetedContent\", \"Storage\", \"Storage_AccessCache\", \"Storage_BulkAccess\", \"Storage_Compression\", \"Storage_FileProperties\", \"Storage_Pickers\", \"Storage_Pickers_Provider\", \"Storage_Provider\", \"Storage_Search\", \"Storage_Streams\", \"System\", \"System_Diagnostics\", \"System_Diagnostics_DevicePortal\", \"System_Diagnostics_Telemetry\", \"System_Diagnostics_TraceReporting\", \"System_Display\", \"System_Implementation\", \"System_Implementation_FileExplorer\", \"System_Inventory\", \"System_Power\", \"System_Profile\", \"System_Profile_SystemManufacturers\", \"System_RemoteDesktop\", \"System_RemoteDesktop_Input\", \"System_RemoteDesktop_Provider\", \"System_RemoteSystems\", \"System_Threading\", \"System_Threading_Core\", \"System_Update\", \"System_UserProfile\", \"UI\", \"UI_Accessibility\", \"UI_ApplicationSettings\", \"UI_Composition\", \"UI_Composition_Core\", \"UI_Composition_Desktop\", \"UI_Composition_Diagnostics\", \"UI_Composition_Effects\", \"UI_Composition_Interactions\", \"UI_Composition_Scenes\", \"UI_Core\", \"UI_Core_AnimationMetrics\", \"UI_Core_Preview\", \"UI_Input\", \"UI_Input_Core\", \"UI_Input_Inking\", \"UI_Input_Inking_Analysis\", \"UI_Input_Inking_Core\", \"UI_Input_Inking_Preview\", \"UI_Input_Preview\", \"UI_Input_Preview_Injection\", \"UI_Input_Spatial\", \"UI_Notifications\", \"UI_Notifications_Management\", \"UI_Notifications_Preview\", \"UI_Popups\", \"UI_Shell\", \"UI_StartScreen\", \"UI_Text\", \"UI_Text_Core\", \"UI_UIAutomation\", \"UI_UIAutomation_Core\", \"UI_ViewManagement\", \"UI_ViewManagement_Core\", \"UI_WebUI\", \"UI_WebUI_Core\", \"UI_WindowManagement\", \"UI_WindowManagement_Preview\", \"Wdk\", \"Wdk_Devices\", \"Wdk_Devices_Bluetooth\", \"Wdk_Devices_HumanInterfaceDevice\", \"Wdk_Foundation\", \"Wdk_Graphics\", \"Wdk_Graphics_Direct3D\", \"Wdk_NetworkManagement\", \"Wdk_NetworkManagement_Ndis\", \"Wdk_NetworkManagement_WindowsFilteringPlatform\", \"Wdk_Storage\", \"Wdk_Storage_FileSystem\", \"Wdk_Storage_FileSystem_Minifilters\", \"Wdk_System\", \"Wdk_System_IO\", \"Wdk_System_Memory\", \"Wdk_System_OfflineRegistry\", \"Wdk_System_Registry\", \"Wdk_System_SystemInformation\", \"Wdk_System_SystemServices\", \"Wdk_System_Threading\", \"Web\", \"Web_AtomPub\", \"Web_Http\", \"Web_Http_Diagnostics\", \"Web_Http_Filters\", \"Web_Http_Headers\", \"Web_Syndication\", \"Web_UI\", \"Web_UI_Interop\", \"Win32\", \"Win32_AI\", \"Win32_AI_MachineLearning\", \"Win32_AI_MachineLearning_DirectML\", \"Win32_AI_MachineLearning_WinML\", \"Win32_Data\", \"Win32_Data_HtmlHelp\", \"Win32_Data_RightsManagement\", \"Win32_Data_Xml\", \"Win32_Data_Xml_MsXml\", \"Win32_Data_Xml_XmlLite\", \"Win32_Devices\", \"Win32_Devices_AllJoyn\", \"Win32_Devices_BiometricFramework\", \"Win32_Devices_Bluetooth\", \"Win32_Devices_Communication\", \"Win32_Devices_DeviceAccess\", \"Win32_Devices_DeviceAndDriverInstallation\", \"Win32_Devices_DeviceQuery\", \"Win32_Devices_Display\", \"Win32_Devices_Enumeration\", \"Win32_Devices_Enumeration_Pnp\", \"Win32_Devices_Fax\", \"Win32_Devices_FunctionDiscovery\", \"Win32_Devices_Geolocation\", \"Win32_Devices_HumanInterfaceDevice\", \"Win32_Devices_ImageAcquisition\", \"Win32_Devices_PortableDevices\", \"Win32_Devices_Properties\", \"Win32_Devices_Pwm\", \"Win32_Devices_Sensors\", \"Win32_Devices_SerialCommunication\", \"Win32_Devices_Tapi\", \"Win32_Devices_Usb\", \"Win32_Devices_WebServicesOnDevices\", \"Win32_Foundation\", \"Win32_Gaming\", \"Win32_Globalization\", \"Win32_Graphics\", \"Win32_Graphics_CompositionSwapchain\", \"Win32_Graphics_DXCore\", \"Win32_Graphics_Direct2D\", \"Win32_Graphics_Direct2D_Common\", \"Win32_Graphics_Direct3D\", \"Win32_Graphics_Direct3D10\", \"Win32_Graphics_Direct3D11\", \"Win32_Graphics_Direct3D11on12\", \"Win32_Graphics_Direct3D12\", \"Win32_Graphics_Direct3D9\", \"Win32_Graphics_Direct3D9on12\", \"Win32_Graphics_Direct3D_Dxc\", \"Win32_Graphics_Direct3D_Fxc\", \"Win32_Graphics_DirectComposition\", \"Win32_Graphics_DirectDraw\", \"Win32_Graphics_DirectManipulation\", \"Win32_Graphics_DirectWrite\", \"Win32_Graphics_Dwm\", \"Win32_Graphics_Dxgi\", \"Win32_Graphics_Dxgi_Common\", \"Win32_Graphics_Gdi\", \"Win32_Graphics_GdiPlus\", \"Win32_Graphics_Hlsl\", \"Win32_Graphics_Imaging\", \"Win32_Graphics_Imaging_D2D\", \"Win32_Graphics_OpenGL\", \"Win32_Graphics_Printing\", \"Win32_Graphics_Printing_PrintTicket\", \"Win32_Management\", \"Win32_Management_MobileDeviceManagementRegistration\", \"Win32_Media\", \"Win32_Media_Audio\", \"Win32_Media_Audio_Apo\", \"Win32_Media_Audio_DirectMusic\", \"Win32_Media_Audio_DirectSound\", \"Win32_Media_Audio_Endpoints\", \"Win32_Media_Audio_XAudio2\", \"Win32_Media_DeviceManager\", \"Win32_Media_DirectShow\", \"Win32_Media_DirectShow_Tv\", \"Win32_Media_DirectShow_Xml\", \"Win32_Media_DxMediaObjects\", \"Win32_Media_KernelStreaming\", \"Win32_Media_LibrarySharingServices\", \"Win32_Media_MediaFoundation\", \"Win32_Media_MediaPlayer\", \"Win32_Media_Multimedia\", \"Win32_Media_PictureAcquisition\", \"Win32_Media_Speech\", \"Win32_Media_Streaming\", \"Win32_Media_WindowsMediaFormat\", \"Win32_NetworkManagement\", \"Win32_NetworkManagement_Dhcp\", \"Win32_NetworkManagement_Dns\", \"Win32_NetworkManagement_InternetConnectionWizard\", \"Win32_NetworkManagement_IpHelper\", \"Win32_NetworkManagement_MobileBroadband\", \"Win32_NetworkManagement_Multicast\", \"Win32_NetworkManagement_Ndis\", \"Win32_NetworkManagement_NetBios\", \"Win32_NetworkManagement_NetManagement\", \"Win32_NetworkManagement_NetShell\", \"Win32_NetworkManagement_NetworkDiagnosticsFramework\", \"Win32_NetworkManagement_NetworkPolicyServer\", \"Win32_NetworkManagement_P2P\", \"Win32_NetworkManagement_QoS\", \"Win32_NetworkManagement_Rras\", \"Win32_NetworkManagement_Snmp\", \"Win32_NetworkManagement_WNet\", \"Win32_NetworkManagement_WebDav\", \"Win32_NetworkManagement_WiFi\", \"Win32_NetworkManagement_WindowsConnectNow\", \"Win32_NetworkManagement_WindowsConnectionManager\", \"Win32_NetworkManagement_WindowsFilteringPlatform\", \"Win32_NetworkManagement_WindowsFirewall\", \"Win32_NetworkManagement_WindowsNetworkVirtualization\", \"Win32_Networking\", \"Win32_Networking_ActiveDirectory\", \"Win32_Networking_BackgroundIntelligentTransferService\", \"Win32_Networking_Clustering\", \"Win32_Networking_HttpServer\", \"Win32_Networking_Ldap\", \"Win32_Networking_NetworkListManager\", \"Win32_Networking_RemoteDifferentialCompression\", \"Win32_Networking_WebSocket\", \"Win32_Networking_WinHttp\", \"Win32_Networking_WinInet\", \"Win32_Networking_WinSock\", \"Win32_Networking_WindowsWebServices\", \"Win32_Security\", \"Win32_Security_AppLocker\", \"Win32_Security_Authentication\", \"Win32_Security_Authentication_Identity\", \"Win32_Security_Authentication_Identity_Provider\", \"Win32_Security_Authorization\", \"Win32_Security_Authorization_UI\", \"Win32_Security_ConfigurationSnapin\", \"Win32_Security_Credentials\", \"Win32_Security_Cryptography\", \"Win32_Security_Cryptography_Catalog\", \"Win32_Security_Cryptography_Certificates\", \"Win32_Security_Cryptography_Sip\", \"Win32_Security_Cryptography_UI\", \"Win32_Security_DiagnosticDataQuery\", \"Win32_Security_DirectoryServices\", \"Win32_Security_EnterpriseData\", \"Win32_Security_ExtensibleAuthenticationProtocol\", \"Win32_Security_Isolation\", \"Win32_Security_LicenseProtection\", \"Win32_Security_NetworkAccessProtection\", \"Win32_Security_Tpm\", \"Win32_Security_WinTrust\", \"Win32_Security_WinWlx\", \"Win32_Storage\", \"Win32_Storage_Cabinets\", \"Win32_Storage_CloudFilters\", \"Win32_Storage_Compression\", \"Win32_Storage_DataDeduplication\", \"Win32_Storage_DistributedFileSystem\", \"Win32_Storage_EnhancedStorage\", \"Win32_Storage_FileHistory\", \"Win32_Storage_FileServerResourceManager\", \"Win32_Storage_FileSystem\", \"Win32_Storage_Imapi\", \"Win32_Storage_IndexServer\", \"Win32_Storage_InstallableFileSystems\", \"Win32_Storage_IscsiDisc\", \"Win32_Storage_Jet\", \"Win32_Storage_Nvme\", \"Win32_Storage_OfflineFiles\", \"Win32_Storage_OperationRecorder\", \"Win32_Storage_Packaging\", \"Win32_Storage_Packaging_Appx\", \"Win32_Storage_Packaging_Opc\", \"Win32_Storage_ProjectedFileSystem\", \"Win32_Storage_StructuredStorage\", \"Win32_Storage_Vhd\", \"Win32_Storage_VirtualDiskService\", \"Win32_Storage_Vss\", \"Win32_Storage_Xps\", \"Win32_Storage_Xps_Printing\", \"Win32_System\", \"Win32_System_AddressBook\", \"Win32_System_Antimalware\", \"Win32_System_ApplicationInstallationAndServicing\", \"Win32_System_ApplicationVerifier\", \"Win32_System_AssessmentTool\", \"Win32_System_ClrHosting\", \"Win32_System_Com\", \"Win32_System_Com_CallObj\", \"Win32_System_Com_ChannelCredentials\", \"Win32_System_Com_Events\", \"Win32_System_Com_Marshal\", \"Win32_System_Com_StructuredStorage\", \"Win32_System_Com_UI\", \"Win32_System_Com_Urlmon\", \"Win32_System_ComponentServices\", \"Win32_System_Console\", \"Win32_System_Contacts\", \"Win32_System_CorrelationVector\", \"Win32_System_DataExchange\", \"Win32_System_DeploymentServices\", \"Win32_System_DesktopSharing\", \"Win32_System_DeveloperLicensing\", \"Win32_System_Diagnostics\", \"Win32_System_Diagnostics_Ceip\", \"Win32_System_Diagnostics_ClrProfiling\", \"Win32_System_Diagnostics_Debug\", \"Win32_System_Diagnostics_Debug_ActiveScript\", \"Win32_System_Diagnostics_Debug_Extensions\", \"Win32_System_Diagnostics_Etw\", \"Win32_System_Diagnostics_ProcessSnapshotting\", \"Win32_System_Diagnostics_ToolHelp\", \"Win32_System_Diagnostics_TraceLogging\", \"Win32_System_DistributedTransactionCoordinator\", \"Win32_System_Environment\", \"Win32_System_ErrorReporting\", \"Win32_System_EventCollector\", \"Win32_System_EventLog\", \"Win32_System_EventNotificationService\", \"Win32_System_GroupPolicy\", \"Win32_System_HostCompute\", \"Win32_System_HostComputeNetwork\", \"Win32_System_HostComputeSystem\", \"Win32_System_Hypervisor\", \"Win32_System_IO\", \"Win32_System_Iis\", \"Win32_System_Ioctl\", \"Win32_System_JobObjects\", \"Win32_System_Js\", \"Win32_System_Kernel\", \"Win32_System_LibraryLoader\", \"Win32_System_Mailslots\", \"Win32_System_Mapi\", \"Win32_System_Memory\", \"Win32_System_Memory_NonVolatile\", \"Win32_System_MessageQueuing\", \"Win32_System_MixedReality\", \"Win32_System_Mmc\", \"Win32_System_Ole\", \"Win32_System_ParentalControls\", \"Win32_System_PasswordManagement\", \"Win32_System_Performance\", \"Win32_System_Performance_HardwareCounterProfiling\", \"Win32_System_Pipes\", \"Win32_System_Power\", \"Win32_System_ProcessStatus\", \"Win32_System_RealTimeCommunications\", \"Win32_System_Recovery\", \"Win32_System_Registry\", \"Win32_System_RemoteAssistance\", \"Win32_System_RemoteDesktop\", \"Win32_System_RemoteManagement\", \"Win32_System_RestartManager\", \"Win32_System_Restore\", \"Win32_System_Rpc\", \"Win32_System_Search\", \"Win32_System_Search_Common\", \"Win32_System_SecurityCenter\", \"Win32_System_ServerBackup\", \"Win32_System_Services\", \"Win32_System_SettingsManagementInfrastructure\", \"Win32_System_SetupAndMigration\", \"Win32_System_Shutdown\", \"Win32_System_SideShow\", \"Win32_System_StationsAndDesktops\", \"Win32_System_SubsystemForLinux\", \"Win32_System_SystemInformation\", \"Win32_System_SystemServices\", \"Win32_System_TaskScheduler\", \"Win32_System_Threading\", \"Win32_System_Time\", \"Win32_System_TpmBaseServices\", \"Win32_System_TransactionServer\", \"Win32_System_UpdateAgent\", \"Win32_System_UpdateAssessment\", \"Win32_System_UserAccessLogging\", \"Win32_System_Variant\", \"Win32_System_VirtualDosMachines\", \"Win32_System_WinRT\", \"Win32_System_WinRT_AllJoyn\", \"Win32_System_WinRT_Composition\", \"Win32_System_WinRT_CoreInputView\", \"Win32_System_WinRT_Direct3D11\", \"Win32_System_WinRT_Display\", \"Win32_System_WinRT_Graphics\", \"Win32_System_WinRT_Graphics_Capture\", \"Win32_System_WinRT_Graphics_Direct2D\", \"Win32_System_WinRT_Graphics_Imaging\", \"Win32_System_WinRT_Holographic\", \"Win32_System_WinRT_Isolation\", \"Win32_System_WinRT_ML\", \"Win32_System_WinRT_Media\", \"Win32_System_WinRT_Metadata\", \"Win32_System_WinRT_Pdf\", \"Win32_System_WinRT_Printing\", \"Win32_System_WinRT_Shell\", \"Win32_System_WinRT_Storage\", \"Win32_System_WindowsProgramming\", \"Win32_System_WindowsSync\", \"Win32_System_Wmi\", \"Win32_UI\", \"Win32_UI_Accessibility\", \"Win32_UI_Animation\", \"Win32_UI_ColorSystem\", \"Win32_UI_Controls\", \"Win32_UI_Controls_Dialogs\", \"Win32_UI_Controls_RichEdit\", \"Win32_UI_HiDpi\", \"Win32_UI_Input\", \"Win32_UI_Input_Ime\", \"Win32_UI_Input_Ink\", \"Win32_UI_Input_KeyboardAndMouse\", \"Win32_UI_Input_Pointer\", \"Win32_UI_Input_Radial\", \"Win32_UI_Input_Touch\", \"Win32_UI_Input_XboxController\", \"Win32_UI_InteractionContext\", \"Win32_UI_LegacyWindowsEnvironmentFeatures\", \"Win32_UI_Magnification\", \"Win32_UI_Notifications\", \"Win32_UI_Ribbon\", \"Win32_UI_Shell\", \"Win32_UI_Shell_Common\", \"Win32_UI_Shell_PropertiesSystem\", \"Win32_UI_TabletPC\", \"Win32_UI_TextServices\", \"Win32_UI_WindowsAndMessaging\", \"Win32_UI_Wpf\", \"Win32_Web\", \"Win32_Web_InternetExplorer\", \"default\", \"deprecated\", \"docs\", \"implement\", \"std\"))" -C metadata=8b30317d508012d4 -C extra-filename=-f7e54446b1863990 --out-dir D:\a\explorer-rs\explorer-rs\target\debug\deps -L dependency=D:\a\explorer-rs\explorer-rs\target\debug\deps --extern windows_core=D:\a\explorer-rs\explorer-rs\target\debug\deps\libwindows_core-dc61a6fac6ab3438.rmeta --extern windows_targets=D:\a\explorer-rs\explorer-rs\target\debug\deps\libwindows_targets-dcbeea8d189d8782.rmeta --cap-lints allow -L native=C:\Users\runneradmin\.cargo\registry\src\index.crates.io-1949cf8c6b5b557f\windows_x86_64_msvc-0.52.6\lib`
    Checking eframe v0.28.1
     Running `C:\Users\runneradmin\.rustup\toolchains\stable-x86_64-pc-windows-msvc\bin\rustc.exe --crate-name eframe --edition=2021 C:\Users\runneradmin\.cargo\registry\src\index.crates.io-1949cf8c6b5b557f\eframe-0.28.1\src\lib.rs --error-format=json --json=diagnostic-rendered-ansi,artifacts,future-incompat --crate-type lib --emit=dep-info,metadata -C embed-bitcode=no -C debuginfo=2 --warn=clippy::zero_sized_map_values --allow=clippy::wildcard_imports --warn=clippy::wildcard_dependencies --warn=clippy::verbose_file_reads --warn=clippy::useless_transmute --warn=clippy::use_self --allow=clippy::unwrap_used --warn=clippy::unused_self --warn=clippy::unused_rounding --allow=unused_qualifications --warn=clippy::unused_peekable --warn=unused_lifetimes --warn=unused_import_braces --warn=unused_extern_crates --warn=unsafe_op_in_unsafe_fn --deny=unsafe_code --warn=clippy::unnested_or_patterns --warn=clippy::unnecessary_wraps --warn=clippy::unnecessary_struct_initialization --warn=clippy::unnecessary_safety_doc --warn=clippy::unnecessary_box_returns --warn=clippy::uninlined_format_args --warn=clippy::uninhabited_references --warn=clippy::unimplemented --warn=clippy::undocumented_unsafe_blocks --warn=clippy::unchecked_duration_subtraction --warn=clippy::tuple_array_conversions --warn=trivial_numeric_casts --allow=trivial_casts --warn=clippy::trait_duplication_in_bounds --warn=clippy::trailing_empty_array --allow=clippy::too_many_lines --warn=clippy::todo --warn=clippy::suspicious_xor_used_as_pow --warn=clippy::suspicious_command_arg_space --warn=clippy::string_to_string --warn=clippy::string_lit_chars_any --warn=clippy::string_lit_as_bytes --warn=clippy::string_add_assign --warn=clippy::string_add --warn=clippy::str_to_string --warn=clippy::single_match_else --allow=clippy::significant_drop_tightening --allow=clippy::should_panic_without_expect --warn=semicolon_in_expressions_from_macros --warn=clippy::semicolon_if_nothing_returned --allow=clippy::self_named_module_files --warn=clippy::same_functions_in_if_condition --warn=rust_2021_prelude_collisions --warn=rust_2018_idioms --warn=clippy::rest_pat_in_fully_bound_structs --warn=clippy::ref_patterns --warn=clippy::ref_option_ref --warn=clippy::redundant_type_annotations --warn=clippy::readonly_write_lock --warn=clippy::rc_mutex --warn=clippy::pub_without_shorthand --warn=clippy::ptr_cast_constness --warn=clippy::ptr_as_ptr --allow=clippy::print_stderr --warn=clippy::path_buf_push_overwrite --warn=clippy::option_option --warn=nonstandard_style --warn=clippy::nonstandard_macro_braces --warn=clippy::negative_feature_names --warn=clippy::needless_pass_by_value --warn=clippy::needless_pass_by_ref_mut --warn=clippy::needless_for_each --warn=clippy::needless_continue --warn=clippy::needless_borrow --warn=clippy::mutex_integer --warn=clippy::mut_mut --warn=clippy::missing_safety_doc --warn=clippy::missing_errors_doc --warn=clippy::missing_enforced_import_renames --warn=rustdoc::missing_crate_level_docs --allow=clippy::missing_assert_message --warn=clippy::mismatching_type_param_order --warn=clippy::mismatched_target_os --warn=clippy::mem_forget --warn=clippy::match_wildcard_for_single_variants --warn=clippy::match_wild_err_arm --warn=clippy::match_same_arms --warn=clippy::match_on_vec_items --warn=clippy::match_bool --warn=clippy::map_unwrap_or --warn=clippy::map_flatten --warn=clippy::map_err_ignore --warn=clippy::manual_string_new --allow=clippy::manual_range_contains --warn=clippy::manual_ok_or --warn=clippy::manual_let_else --warn=clippy::manual_instant_elapsed --warn=clippy::manual_clamp --warn=clippy::manual_assert --warn=clippy::macro_use_imports --warn=clippy::lossy_float_literal --warn=clippy::linkedlist --warn=clippy::let_unit_value --allow=clippy::let_underscore_untyped --warn=clippy::large_types_passed_by_value --warn=clippy::large_stack_frames --warn=clippy::large_stack_arrays --warn=clippy::large_include_file --warn=clippy::large_digit_groups --warn=clippy::iter_without_into_iter --allow=clippy::iter_over_hash_type --warn=clippy::iter_on_single_items --warn=clippy::iter_on_empty_collections --warn=clippy::iter_not_returning_iterator --warn=clippy::invalid_upcast_comparisons --warn=clippy::into_iter_without_iter --warn=clippy::infinite_loop --warn=clippy::inefficient_to_string --warn=clippy::index_refutable_slice --warn=clippy::imprecise_flops --warn=clippy::implied_bounds_in_impls --warn=clippy::implicit_clone --warn=clippy::if_let_mutex --warn=clippy::get_unwrap --warn=future_incompatible --warn=clippy::from_iter_instead_of_collect --warn=clippy::fn_to_numeric_cast_any --warn=clippy::fn_params_excessive_bools --warn=clippy::float_cmp_const --warn=clippy::flat_map_option --warn=clippy::filter_map_next --warn=clippy::fallible_impl_from --warn=clippy::explicit_iter_loop --warn=clippy::explicit_into_iter_loop --warn=clippy::explicit_deref_methods --warn=clippy::expl_impl_clone_on_copy --warn=clippy::exit --warn=clippy::equatable_if_let --warn=clippy::enum_glob_use --warn=clippy::empty_enum --warn=elided_lifetimes_in_paths --warn=clippy::doc_markdown --warn=clippy::doc_link_with_quotes --warn=clippy::disallowed_types --warn=clippy::disallowed_script_idents --warn=clippy::disallowed_names --warn=clippy::disallowed_methods --warn=clippy::disallowed_macros --warn=clippy::derive_partial_eq_without_eq --warn=clippy::debug_assert_with_mut_call --warn=clippy::dbg_macro --warn=clippy::cloned_instead_of_copied --warn=clippy::clear_with_drain --warn=clippy::checked_conversions --warn=clippy::char_lit_as_u8 --warn=clippy::bool_to_int_with_if --warn=clippy::await_holding_lock --warn=clippy::as_ptr_cast_mut --warn=rustdoc::all --cfg "feature=\"default_fonts\"" --cfg "feature=\"glow\"" --check-cfg cfg(docsrs,test) --check-cfg "cfg(feature, values(\"__screenshot\", \"accesskit\", \"android-game-activity\", \"android-native-activity\", \"default\", \"default_fonts\", \"directories\", \"glow\", \"persistence\", \"puffin\", \"ron\", \"serde\", \"wayland\", \"web_screen_reader\", \"wgpu\", \"x11\"))" -C metadata=179592bc2d1d7055 -C extra-filename=-86b8d2af5a5b812a --out-dir D:\a\explorer-rs\explorer-rs\target\debug\deps -L dependency=D:\a\explorer-rs\explorer-rs\target\debug\deps --extern ahash=D:\a\explorer-rs\explorer-rs\target\debug\deps\libahash-9c51ef97478c8716.rmeta --extern document_features=D:\a\explorer-rs\explorer-rs\target\debug\deps\document_features-a729d7b91d1ba0f0.dll --extern egui=D:\a\explorer-rs\explorer-rs\target\debug\deps\libegui-905616450005e7d1.rmeta --extern egui_winit=D:\a\explorer-rs\explorer-rs\target\debug\deps\libegui_winit-f84be85a23cd8c86.rmeta --extern egui_glow=D:\a\explorer-rs\explorer-rs\target\debug\deps\libegui_glow-84fdc7ebed8b7a23.rmeta --extern glow=D:\a\explorer-rs\explorer-rs\target\debug\deps\libglow-a34eecbf59f391bc.rmeta --extern glutin=D:\a\explorer-rs\explorer-rs\target\debug\deps\libglutin-dd3503cf75ecc76b.rmeta --extern glutin_winit=D:\a\explorer-rs\explorer-rs\target\debug\deps\libglutin_winit-351822b03b20bb7d.rmeta --extern image=D:\a\explorer-rs\explorer-rs\target\debug\deps\libimage-45767bfb5b91e039.rmeta --extern log=D:\a\explorer-rs\explorer-rs\target\debug\deps\liblog-a55e43c5b83e885f.rmeta --extern parking_lot=D:\a\explorer-rs\explorer-rs\target\debug\deps\libparking_lot-d12722ee36c2358b.rmeta --extern rwh_05=D:\a\explorer-rs\explorer-rs\target\debug\deps\libraw_window_handle-475563cc2b973d67.rmeta --extern raw_window_handle=D:\a\explorer-rs\explorer-rs\target\debug\deps\libraw_window_handle-bd9d64105fef5c9e.rmeta --extern static_assertions=D:\a\explorer-rs\explorer-rs\target\debug\deps\libstatic_assertions-9a451c7abaeedbb8.rmeta --extern web_time=D:\a\explorer-rs\explorer-rs\target\debug\deps\libweb_time-21c1ddae2bb7502d.rmeta --extern winapi=D:\a\explorer-rs\explorer-rs\target\debug\deps\libwinapi-ffeba6886ce48727.rmeta --extern winit=D:\a\explorer-rs\explorer-rs\target\debug\deps\libwinit-3e7b901d66fbb3fa.rmeta --cap-lints allow -L native=C:\Users\runneradmin\.cargo\registry\src\index.crates.io-1949cf8c6b5b557f\windows_x86_64_msvc-0.53.1\lib -L native=C:\Users\runneradmin\.cargo\registry\src\index.crates.io-1949cf8c6b5b557f\windows_x86_64_msvc-0.48.5\lib`
    Checking dirs v5.0.1
     Running `C:\Users\runneradmin\.rustup\toolchains\stable-x86_64-pc-windows-msvc\bin\rustc.exe --crate-name dirs --edition=2015 C:\Users\runneradmin\.cargo\registry\src\index.crates.io-1949cf8c6b5b557f\dirs-5.0.1\src\lib.rs --error-format=json --json=diagnostic-rendered-ansi,artifacts,future-incompat --crate-type lib --emit=dep-info,metadata -C embed-bitcode=no -C debuginfo=2 --check-cfg cfg(docsrs,test) --check-cfg "cfg(feature, values())" -C metadata=7a039704739e5a32 -C extra-filename=-1e18a007d032a04d --out-dir D:\a\explorer-rs\explorer-rs\target\debug\deps -L dependency=D:\a\explorer-rs\explorer-rs\target\debug\deps --extern dirs_sys=D:\a\explorer-rs\explorer-rs\target\debug\deps\libdirs_sys-27b294b888b92f35.rmeta --cap-lints allow -L native=C:\Users\runneradmin\.cargo\registry\src\index.crates.io-1949cf8c6b5b557f\windows_x86_64_msvc-0.48.5\lib`
     Running `C:\Users\runneradmin\.rustup\toolchains\stable-x86_64-pc-windows-msvc\bin\rustc.exe --crate-name anyhow --edition=2021 C:\Users\runneradmin\.cargo\registry\src\index.crates.io-1949cf8c6b5b557f\anyhow-1.0.104\src\lib.rs --error-format=json --json=diagnostic-rendered-ansi,artifacts,future-incompat --crate-type lib --emit=dep-info,metadata -C embed-bitcode=no -C debuginfo=2 --cfg "feature=\"default\"" --cfg "feature=\"std\"" --check-cfg cfg(docsrs,test) --check-cfg "cfg(feature, values(\"backtrace\", \"default\", \"std\"))" -C metadata=2bf9bafeb351f7b2 -C extra-filename=-88ee6ff50ed921d1 --out-dir D:\a\explorer-rs\explorer-rs\target\debug\deps -L dependency=D:\a\explorer-rs\explorer-rs\target\debug\deps --cap-lints allow --check-cfg cfg(anyhow_build_probe) --check-cfg cfg(anyhow_nightly_testing) --check-cfg cfg(anyhow_no_clippy_format_args) --check-cfg cfg(anyhow_no_core_error) --check-cfg cfg(error_generic_member_access)`
     Running `C:\Users\runneradmin\.rustup\toolchains\stable-x86_64-pc-windows-msvc\bin\rustc.exe --crate-name rfd --edition=2021 C:\Users\runneradmin\.cargo\registry\src\index.crates.io-1949cf8c6b5b557f\rfd-0.14.1\src\lib.rs --error-format=json --json=diagnostic-rendered-ansi,artifacts,future-incompat --crate-type lib --emit=dep-info,metadata -C embed-bitcode=no -C debuginfo=2 --cfg "feature=\"ashpd\"" --cfg "feature=\"async-std\"" --cfg "feature=\"default\"" --cfg "feature=\"pollster\"" --cfg "feature=\"urlencoding\"" --cfg "feature=\"xdg-portal\"" --check-cfg cfg(docsrs,test) --check-cfg "cfg(feature, values(\"ashpd\", \"async-std\", \"common-controls-v6\", \"default\", \"file-handle-inner\", \"glib-sys\", \"gobject-sys\", \"gtk-sys\", \"gtk3\", \"pollster\", \"tokio\", \"urlencoding\", \"xdg-portal\"))" -C metadata=41c74680f688f040 -C extra-filename=-8008d9c0c87e2849 --out-dir D:\a\explorer-rs\explorer-rs\target\debug\deps -L dependency=D:\a\explorer-rs\explorer-rs\target\debug\deps --extern log=D:\a\explorer-rs\explorer-rs\target\debug\deps\liblog-a55e43c5b83e885f.rmeta --extern raw_window_handle=D:\a\explorer-rs\explorer-rs\target\debug\deps\libraw_window_handle-bd9d64105fef5c9e.rmeta --extern windows_sys=D:\a\explorer-rs\explorer-rs\target\debug\deps\libwindows_sys-5853d4cc87665ec9.rmeta --cap-lints allow -L native=C:\Users\runneradmin\.cargo\registry\src\index.crates.io-1949cf8c6b5b557f\windows_x86_64_msvc-0.48.5\lib`
    Checking chrono v0.4.45
     Running `C:\Users\runneradmin\.rustup\toolchains\stable-x86_64-pc-windows-msvc\bin\rustc.exe --crate-name chrono --edition=2021 C:\Users\runneradmin\.cargo\registry\src\index.crates.io-1949cf8c6b5b557f\chrono-0.4.45\src\lib.rs --error-format=json --json=diagnostic-rendered-ansi,artifacts,future-incompat --crate-type lib --emit=dep-info,metadata -C embed-bitcode=no -C debuginfo=2 --cfg "feature=\"alloc\"" --cfg "feature=\"clock\"" --cfg "feature=\"default\"" --cfg "feature=\"iana-time-zone\"" --cfg "feature=\"js-sys\"" --cfg "feature=\"now\"" --cfg "feature=\"oldtime\"" --cfg "feature=\"std\"" --cfg "feature=\"wasm-bindgen\"" --cfg "feature=\"wasmbind\"" --cfg "feature=\"winapi\"" --cfg "feature=\"windows-link\"" --check-cfg cfg(docsrs,test) --check-cfg "cfg(feature, values(\"__internal_bench\", \"alloc\", \"arbitrary\", \"clock\", \"core-error\", \"default\", \"defmt\", \"iana-time-zone\", \"js-sys\", \"libc\", \"now\", \"oldtime\", \"pure-rust-locales\", \"rkyv\", \"rkyv-16\", \"rkyv-32\", \"rkyv-64\", \"rkyv-validation\", \"serde\", \"std\", \"unstable-locales\", \"wasm-bindgen\", \"wasmbind\", \"winapi\", \"windows-link\"))" -C metadata=9cf534bbba4178ed -C extra-filename=-ace35f144ce9ef8a --out-dir D:\a\explorer-rs\explorer-rs\target\debug\deps -L dependency=D:\a\explorer-rs\explorer-rs\target\debug\deps --extern num_traits=D:\a\explorer-rs\explorer-rs\target\debug\deps\libnum_traits-f009559984e75c5f.rmeta --extern windows_link=D:\a\explorer-rs\explorer-rs\target\debug\deps\libwindows_link-1037cdf714bd4810.rmeta --cap-lints allow`
    Checking open v5.4.1
     Running `C:\Users\runneradmin\.rustup\toolchains\stable-x86_64-pc-windows-msvc\bin\rustc.exe --crate-name open --edition=2018 C:\Users\runneradmin\.cargo\registry\src\index.crates.io-1949cf8c6b5b557f\open-5.4.1\src\lib.rs --error-format=json --json=diagnostic-rendered-ansi,artifacts,future-incompat --crate-type lib --emit=dep-info,metadata -C embed-bitcode=no -C debuginfo=2 --check-cfg cfg(docsrs,test) --check-cfg "cfg(feature, values(\"insecure\", \"shellexecute-on-windows\"))" -C metadata=9af230bd3aea23a5 -C extra-filename=-7039a98be208c067 --out-dir D:\a\explorer-rs\explorer-rs\target\debug\deps -L dependency=D:\a\explorer-rs\explorer-rs\target\debug\deps --cap-lints allow`
    Checking trash v4.1.1
     Running `C:\Users\runneradmin\.rustup\toolchains\stable-x86_64-pc-windows-msvc\bin\rustc.exe --crate-name trash --edition=2021 C:\Users\runneradmin\.cargo\registry\src\index.crates.io-1949cf8c6b5b557f\trash-4.1.1\src\lib.rs --error-format=json --json=diagnostic-rendered-ansi,artifacts,future-incompat --crate-type lib --emit=dep-info,metadata -C embed-bitcode=no -C debuginfo=2 --cfg "feature=\"chrono\"" --cfg "feature=\"coinit_apartmentthreaded\"" --cfg "feature=\"default\"" --check-cfg cfg(docsrs,test) --check-cfg "cfg(feature, values(\"chrono\", \"coinit_apartmentthreaded\", \"coinit_disable_ole1dde\", \"coinit_multithreaded\", \"coinit_speed_over_memory\", \"default\"))" -C metadata=d4ccb92393cb06eb -C extra-filename=-357125db55a7e808 --out-dir D:\a\explorer-rs\explorer-rs\target\debug\deps -L dependency=D:\a\explorer-rs\explorer-rs\target\debug\deps --extern log=D:\a\explorer-rs\explorer-rs\target\debug\deps\liblog-a55e43c5b83e885f.rmeta --extern scopeguard=D:\a\explorer-rs\explorer-rs\target\debug\deps\libscopeguard-7594c11dd7087884.rmeta --extern windows=D:\a\explorer-rs\explorer-rs\target\debug\deps\libwindows-7b7aa0b9372e5d73.rmeta --cap-lints allow -L native=C:\Users\runneradmin\.cargo\registry\src\index.crates.io-1949cf8c6b5b557f\windows_x86_64_msvc-0.52.6\lib`
     Running `C:\Users\runneradmin\.rustup\toolchains\stable-x86_64-pc-windows-msvc\bin\rustc.exe --crate-name windows_bench --edition=2021 tests\windows_bench.rs --error-format=json --json=diagnostic-rendered-ansi,artifacts,future-incompat --emit=dep-info,metadata -C embed-bitcode=no -C debuginfo=2 --test --check-cfg cfg(docsrs,test) --check-cfg "cfg(feature, values())" -C metadata=08f41fba679c8042 -C extra-filename=-9ed3a9bc3e3ebbdb --out-dir D:\a\explorer-rs\explorer-rs\target\debug\deps -L dependency=D:\a\explorer-rs\explorer-rs\target\debug\deps --extern anyhow=D:\a\explorer-rs\explorer-rs\target\debug\deps\libanyhow-88ee6ff50ed921d1.rmeta --extern chrono=D:\a\explorer-rs\explorer-rs\target\debug\deps\libchrono-ace35f144ce9ef8a.rmeta --extern dirs=D:\a\explorer-rs\explorer-rs\target\debug\deps\libdirs-1e18a007d032a04d.rmeta --extern eframe=D:\a\explorer-rs\explorer-rs\target\debug\deps\libeframe-86b8d2af5a5b812a.rmeta --extern egui=D:\a\explorer-rs\explorer-rs\target\debug\deps\libegui-905616450005e7d1.rmeta --extern egui_extras=D:\a\explorer-rs\explorer-rs\target\debug\deps\libegui_extras-6a0b58c0de8ee9db.rmeta --extern notify=D:\a\explorer-rs\explorer-rs\target\debug\deps\libnotify-f741447c67358ba1.rmeta --extern open=D:\a\explorer-rs\explorer-rs\target\debug\deps\libopen-7039a98be208c067.rmeta --extern rfd=D:\a\explorer-rs\explorer-rs\target\debug\deps\librfd-8008d9c0c87e2849.rmeta --extern serde=D:\a\explorer-rs\explorer-rs\target\debug\deps\libserde-63bd8e0ed55c5871.rmeta --extern serde_json=D:\a\explorer-rs\explorer-rs\target\debug\deps\libserde_json-8262b4c1782520c5.rmeta --extern trash=D:\a\explorer-rs\explorer-rs\target\debug\deps\libtrash-357125db55a7e808.rmeta --extern walkdir=D:\a\explorer-rs\explorer-rs\target\debug\deps\libwalkdir-53508d40160638f2.rmeta --extern windows=D:\a\explorer-rs\explorer-rs\target\debug\deps\libwindows-f7e54446b1863990.rmeta -L native=D:\a\explorer-rs\explorer-rs\target\debug\build\ring-d59ab82cdceb3675\out -L native=C:\Users\runneradmin\.cargo\registry\src\index.crates.io-1949cf8c6b5b557f\windows_x86_64_msvc-0.48.5\lib -L native=C:\Users\runneradmin\.cargo\registry\src\index.crates.io-1949cf8c6b5b557f\windows_x86_64_msvc-0.53.1\lib -L native=C:\Users\runneradmin\.cargo\registry\src\index.crates.io-1949cf8c6b5b557f\windows_x86_64_msvc-0.52.6\lib -C link-arg=D:\a\explorer-rs\explorer-rs\target\debug\build\explorer-rs-ca19b7e40d34a545\out\resource.res`
     Running `C:\Users\runneradmin\.rustup\toolchains\stable-x86_64-pc-windows-msvc\bin\rustc.exe --crate-name explorer_rs --edition=2021 src\main.rs --error-format=json --json=diagnostic-rendered-ansi,artifacts,future-incompat --crate-type bin --emit=dep-info,metadata -C embed-bitcode=no -C debuginfo=2 --check-cfg cfg(docsrs,test) --check-cfg "cfg(feature, values())" -C metadata=5bcc48b45a6d7562 -C extra-filename=-dc3670ebf18f1a44 --out-dir D:\a\explorer-rs\explorer-rs\target\debug\deps -L dependency=D:\a\explorer-rs\explorer-rs\target\debug\deps --extern anyhow=D:\a\explorer-rs\explorer-rs\target\debug\deps\libanyhow-88ee6ff50ed921d1.rmeta --extern chrono=D:\a\explorer-rs\explorer-rs\target\debug\deps\libchrono-ace35f144ce9ef8a.rmeta --extern dirs=D:\a\explorer-rs\explorer-rs\target\debug\deps\libdirs-1e18a007d032a04d.rmeta --extern eframe=D:\a\explorer-rs\explorer-rs\target\debug\deps\libeframe-86b8d2af5a5b812a.rmeta --extern egui=D:\a\explorer-rs\explorer-rs\target\debug\deps\libegui-905616450005e7d1.rmeta --extern egui_extras=D:\a\explorer-rs\explorer-rs\target\debug\deps\libegui_extras-6a0b58c0de8ee9db.rmeta --extern notify=D:\a\explorer-rs\explorer-rs\target\debug\deps\libnotify-f741447c67358ba1.rmeta --extern open=D:\a\explorer-rs\explorer-rs\target\debug\deps\libopen-7039a98be208c067.rmeta --extern rfd=D:\a\explorer-rs\explorer-rs\target\debug\deps\librfd-8008d9c0c87e2849.rmeta --extern serde=D:\a\explorer-rs\explorer-rs\target\debug\deps\libserde-63bd8e0ed55c5871.rmeta --extern serde_json=D:\a\explorer-rs\explorer-rs\target\debug\deps\libserde_json-8262b4c1782520c5.rmeta --extern trash=D:\a\explorer-rs\explorer-rs\target\debug\deps\libtrash-357125db55a7e808.rmeta --extern walkdir=D:\a\explorer-rs\explorer-rs\target\debug\deps\libwalkdir-53508d40160638f2.rmeta --extern windows=D:\a\explorer-rs\explorer-rs\target\debug\deps\libwindows-f7e54446b1863990.rmeta -L native=D:\a\explorer-rs\explorer-rs\target\debug\build\ring-d59ab82cdceb3675\out -L native=C:\Users\runneradmin\.cargo\registry\src\index.crates.io-1949cf8c6b5b557f\windows_x86_64_msvc-0.48.5\lib -L native=C:\Users\runneradmin\.cargo\registry\src\index.crates.io-1949cf8c6b5b557f\windows_x86_64_msvc-0.53.1\lib -L native=C:\Users\runneradmin\.cargo\registry\src\index.crates.io-1949cf8c6b5b557f\windows_x86_64_msvc-0.52.6\lib -C link-arg=D:\a\explorer-rs\explorer-rs\target\debug\build\explorer-rs-ca19b7e40d34a545\out\resource.res`
     Running `C:\Users\runneradmin\.rustup\toolchains\stable-x86_64-pc-windows-msvc\bin\rustc.exe --crate-name explorer_rs --edition=2021 src\main.rs --error-format=json --json=diagnostic-rendered-ansi,artifacts,future-incompat --emit=dep-info,metadata -C embed-bitcode=no -C debuginfo=2 --test --check-cfg cfg(docsrs,test) --check-cfg "cfg(feature, values())" -C metadata=33d7454ae1a670d4 -C extra-filename=-2bd580fa59cd24eb --out-dir D:\a\explorer-rs\explorer-rs\target\debug\deps -L dependency=D:\a\explorer-rs\explorer-rs\target\debug\deps --extern anyhow=D:\a\explorer-rs\explorer-rs\target\debug\deps\libanyhow-88ee6ff50ed921d1.rmeta --extern chrono=D:\a\explorer-rs\explorer-rs\target\debug\deps\libchrono-ace35f144ce9ef8a.rmeta --extern dirs=D:\a\explorer-rs\explorer-rs\target\debug\deps\libdirs-1e18a007d032a04d.rmeta --extern eframe=D:\a\explorer-rs\explorer-rs\target\debug\deps\libeframe-86b8d2af5a5b812a.rmeta --extern egui=D:\a\explorer-rs\explorer-rs\target\debug\deps\libegui-905616450005e7d1.rmeta --extern egui_extras=D:\a\explorer-rs\explorer-rs\target\debug\deps\libegui_extras-6a0b58c0de8ee9db.rmeta --extern notify=D:\a\explorer-rs\explorer-rs\target\debug\deps\libnotify-f741447c67358ba1.rmeta --extern open=D:\a\explorer-rs\explorer-rs\target\debug\deps\libopen-7039a98be208c067.rmeta --extern rfd=D:\a\explorer-rs\explorer-rs\target\debug\deps\librfd-8008d9c0c87e2849.rmeta --extern serde=D:\a\explorer-rs\explorer-rs\target\debug\deps\libserde-63bd8e0ed55c5871.rmeta --extern serde_json=D:\a\explorer-rs\explorer-rs\target\debug\deps\libserde_json-8262b4c1782520c5.rmeta --extern trash=D:\a\explorer-rs\explorer-rs\target\debug\deps\libtrash-357125db55a7e808.rmeta --extern walkdir=D:\a\explorer-rs\explorer-rs\target\debug\deps\libwalkdir-53508d40160638f2.rmeta --extern windows=D:\a\explorer-rs\explorer-rs\target\debug\deps\libwindows-f7e54446b1863990.rmeta -L native=D:\a\explorer-rs\explorer-rs\target\debug\build\ring-d59ab82cdceb3675\out -L native=C:\Users\runneradmin\.cargo\registry\src\index.crates.io-1949cf8c6b5b557f\windows_x86_64_msvc-0.48.5\lib -L native=C:\Users\runneradmin\.cargo\registry\src\index.crates.io-1949cf8c6b5b557f\windows_x86_64_msvc-0.53.1\lib -L native=C:\Users\runneradmin\.cargo\registry\src\index.crates.io-1949cf8c6b5b557f\windows_x86_64_msvc-0.52.6\lib -C link-arg=D:\a\explorer-rs\explorer-rs\target\debug\build\explorer-rs-ca19b7e40d34a545\out\resource.res`
error[E0599]: no method named `ctx` found for struct `TableRow<'a, 'b>` in the current scope
    --> src\app.rs:2077:57
     |
2077 |                     let tex = self.get_or_load_icon(row.ctx(), &entry.path, entry.is_dir);
     |                                                         ^^^ method not found in `TableRow<'_, '_>`

warning: falling back to `f32` as the trait bound `f32: From<f64>` is not satisfied
    --> src\app.rs:2085:51
     |
2085 | ...                   egui::Stroke::new(1.0, egui::Color32::from_rgb(80, 160, 255)),
     |                                         ^^^ help: explicitly specify the type as `f32`: `1.0_f32`
     |
     = warning: this was previously accepted by the compiler but is being phased out; it will become a hard error in a future release!
     = note: for more information, see issue #154024 <https://github.com/rust-lang/rust/issues/154024>
     = note: `#[warn(float_literal_f32_fallback)]` (part of `#[warn(future_incompatible)]`) on by default

warning: variable does not need to be mutable
    --> src\app.rs:1392:21
     |
1392 |                 let mut addr_edit = egui::TextEdit::singleline(&mut self.address)
     |                     ----^^^^^^^^^
     |                     |
     |                     help: remove this `mut`
     |
     = note: `#[warn(unused_mut)]` (part of `#[warn(unused)]`) on by default

warning: variable does not need to be mutable
   --> src\shell.rs:209:13
    |
209 |         let mut width = bm.bmWidth;
    |             ----^^^^^
    |             |
    |             help: remove this `mut`

For more information about this error, try `rustc --explain E0599`.
warning: `explorer-rs` (bin "explorer-rs") generated 3 warnings
warning: explorer-rs@0.1.4: embedded icon D:\a\explorer-rs\explorer-rs\target\debug\build\explorer-rs-ca19b7e40d34a545\out\generated_icon.ico
error: could not compile `explorer-rs` (bin "explorer-rs") due to 1 previous error; 3 warnings emitted

Caused by:
  process didn't exit successfully: `C:\Users\runneradmin\.rustup\toolchains\stable-x86_64-pc-windows-msvc\bin\rustc.exe --crate-name explorer_rs --edition=2021 src\main.rs --error-format=json --json=diagnostic-rendered-ansi,artifacts,future-incompat --crate-type bin --emit=dep-info,metadata -C embed-bitcode=no -C debuginfo=2 --check-cfg cfg(docsrs,test) --check-cfg "cfg(feature, values())" -C metadata=5bcc48b45a6d7562 -C extra-filename=-dc3670ebf18f1a44 --out-dir D:\a\explorer-rs\explorer-rs\target\debug\deps -L dependency=D:\a\explorer-rs\explorer-rs\target\debug\deps --extern anyhow=D:\a\explorer-rs\explorer-rs\target\debug\deps\libanyhow-88ee6ff50ed921d1.rmeta --extern chrono=D:\a\explorer-rs\explorer-rs\target\debug\deps\libchrono-ace35f144ce9ef8a.rmeta --extern dirs=D:\a\explorer-rs\explorer-rs\target\debug\deps\libdirs-1e18a007d032a04d.rmeta --extern eframe=D:\a\explorer-rs\explorer-rs\target\debug\deps\libeframe-86b8d2af5a5b812a.rmeta --extern egui=D:\a\explorer-rs\explorer-rs\target\debug\deps\libegui-905616450005e7d1.rmeta --extern egui_extras=D:\a\explorer-rs\explorer-rs\target\debug\deps\libegui_extras-6a0b58c0de8ee9db.rmeta --extern notify=D:\a\explorer-rs\explorer-rs\target\debug\deps\libnotify-f741447c67358ba1.rmeta --extern open=D:\a\explorer-rs\explorer-rs\target\debug\deps\libopen-7039a98be208c067.rmeta --extern rfd=D:\a\explorer-rs\explorer-rs\target\debug\deps\librfd-8008d9c0c87e2849.rmeta --extern serde=D:\a\explorer-rs\explorer-rs\target\debug\deps\libserde-63bd8e0ed55c5871.rmeta --extern serde_json=D:\a\explorer-rs\explorer-rs\target\debug\deps\libserde_json-8262b4c1782520c5.rmeta --extern trash=D:\a\explorer-rs\explorer-rs\target\debug\deps\libtrash-357125db55a7e808.rmeta --extern walkdir=D:\a\explorer-rs\explorer-rs\target\debug\deps\libwalkdir-53508d40160638f2.rmeta --extern windows=D:\a\explorer-rs\explorer-rs\target\debug\deps\libwindows-f7e54446b1863990.rmeta -L native=D:\a\explorer-rs\explorer-rs\target\debug\build\ring-d59ab82cdceb3675\out -L native=C:\Users\runneradmin\.cargo\registry\src\index.crates.io-1949cf8c6b5b557f\windows_x86_64_msvc-0.48.5\lib -L native=C:\Users\runneradmin\.cargo\registry\src\index.crates.io-1949cf8c6b5b557f\windows_x86_64_msvc-0.53.1\lib -L native=C:\Users\runneradmin\.cargo\registry\src\index.crates.io-1949cf8c6b5b557f\windows_x86_64_msvc-0.52.6\lib -C link-arg=D:\a\explorer-rs\explorer-rs\target\debug\build\explorer-rs-ca19b7e40d34a545\out\resource.res` (exit code: 1)
warning: build failed, waiting for other jobs to finish...
warning: `explorer-rs` (bin "explorer-rs" test) generated 3 warnings (3 duplicates)
warning: explorer-rs@0.1.4: embedded icon D:\a\explorer-rs\explorer-rs\target\debug\build\explorer-rs-ca19b7e40d34a545\out\generated_icon.ico
error: could not compile `explorer-rs` (bin "explorer-rs" test) due to 1 previous error; 3 warnings emitted

Caused by:
  process didn't exit successfully: `C:\Users\runneradmin\.rustup\toolchains\stable-x86_64-pc-windows-msvc\bin\rustc.exe --crate-name explorer_rs --edition=2021 src\main.rs --error-format=json --json=diagnostic-rendered-ansi,artifacts,future-incompat --emit=dep-info,metadata -C embed-bitcode=no -C debuginfo=2 --test --check-cfg cfg(docsrs,test) --check-cfg "cfg(feature, values())" -C metadata=33d7454ae1a670d4 -C extra-filename=-2bd580fa59cd24eb --out-dir D:\a\explorer-rs\explorer-rs\target\debug\deps -L dependency=D:\a\explorer-rs\explorer-rs\target\debug\deps --extern anyhow=D:\a\explorer-rs\explorer-rs\target\debug\deps\libanyhow-88ee6ff50ed921d1.rmeta --extern chrono=D:\a\explorer-rs\explorer-rs\target\debug\deps\libchrono-ace35f144ce9ef8a.rmeta --extern dirs=D:\a\explorer-rs\explorer-rs\target\debug\deps\libdirs-1e18a007d032a04d.rmeta --extern eframe=D:\a\explorer-rs\explorer-rs\target\debug\deps\libeframe-86b8d2af5a5b812a.rmeta --extern egui=D:\a\explorer-rs\explorer-rs\target\debug\deps\libegui-905616450005e7d1.rmeta --extern egui_extras=D:\a\explorer-rs\explorer-rs\target\debug\deps\libegui_extras-6a0b58c0de8ee9db.rmeta --extern notify=D:\a\explorer-rs\explorer-rs\target\debug\deps\libnotify-f741447c67358ba1.rmeta --extern open=D:\a\explorer-rs\explorer-rs\target\debug\deps\libopen-7039a98be208c067.rmeta --extern rfd=D:\a\explorer-rs\explorer-rs\target\debug\deps\librfd-8008d9c0c87e2849.rmeta --extern serde=D:\a\explorer-rs\explorer-rs\target\debug\deps\libserde-63bd8e0ed55c5871.rmeta --extern serde_json=D:\a\explorer-rs\explorer-rs\target\debug\deps\libserde_json-8262b4c1782520c5.rmeta --extern trash=D:\a\explorer-rs\explorer-rs\target\debug\deps\libtrash-357125db55a7e808.rmeta --extern walkdir=D:\a\explorer-rs\explorer-rs\target\debug\deps\libwalkdir-53508d40160638f2.rmeta --extern windows=D:\a\explorer-rs\explorer-rs\target\debug\deps\libwindows-f7e54446b1863990.rmeta -L native=D:\a\explorer-rs\explorer-rs\target\debug\build\ring-d59ab82cdceb3675\out -L native=C:\Users\runneradmin\.cargo\registry\src\index.crates.io-1949cf8c6b5b557f\windows_x86_64_msvc-0.48.5\lib -L native=C:\Users\runneradmin\.cargo\registry\src\index.crates.io-1949cf8c6b5b557f\windows_x86_64_msvc-0.53.1\lib -L native=C:\Users\runneradmin\.cargo\registry\src\index.crates.io-1949cf8c6b5b557f\windows_x86_64_msvc-0.52.6\lib -C link-arg=D:\a\explorer-rs\explorer-rs\target\debug\build\explorer-rs-ca19b7e40d34a545\out\resource.res` (exit code: 1)
